#pragma once

static const unsigned int main_font_compressed_size = 135488;
static const unsigned int main_font_compressed_data[135488/4] =
{
    0x0000bc57, 0x00000000, 0x20a20500, 0x00000400, 0x00010037, 0x000e0000, 0x00030080, 0x54464660, 0xf3e4844d, 0xa2050072, 0x2c158204, 0x4544471c, 
    0x00150046, 0xa1050014, 0x2b0f83e8, 0x322f534f, 0x65d5abe7, 0x68010000, 0x603c0f82, 0x70616d63, 0x67ee7228, 0x881c0000, 0x261d0000, 0x20747663, 
    0xb9022400, 0xb0390000, 0x04261f82, 0x70736167, 0x5982ffff, 0xe0a10522, 0x08380f82, 0x66796c67, 0x3fee85d4, 0x286f0000, 0xbcab0400, 0x64616568, 
    0x9c9eb512, 0xec201b82, 0x36210382, 0x23108268, 0x3101a506, 0x24205f82, 0x24280f82, 0x78746d68, 0x4467647d, 0xc82c0f82, 0xc01a0000, 0x61636f6c, 
    0x08d8201f, 0xb42c5f82, 0x74350000, 0x7078616d, 0xc100b00d, 0x48201f82, 0x203b2f82, 0x656d616e, 0xb7b6ffce, 0xe41a0500, 0x1c0e0000, 0x74736f70, 
    0xc581488a, 0x82290500, 0xdf78211e, 0x012eeb84, 0xdc3f0000, 0x0f5f07da, 0x0b02f53c, 0x18824c04, 0xa0d70024, 0x0785432c, 0x00532e29, 0x02d4fe00, 
    0x82e80358, 0x8467820f, 0x83002031, 0xe8032705, 0x6300d4fe, 0x17825802, 0x05820020, 0x07830120, 0x0420038a, 0x0d262383, 0x0090005c, 0x00830012, 
    0x83000221, 0x22258335, 0x822e0040, 0x00002d0b, 0x01580204, 0x00050090, 0x03cb0200, 0x9a201783, 0x02250785, 0x0136000f, 0x2215821c, 0x84090600, 
    0xe1002c27, 0x50ff0a40, 0x00fbff00, 0x83208004, 0x66503911, 0x80006445, 0xfdff2000, 0x38ff8403, 0xe8036300, 0x00602c01, 0xf7dfbf01, 0xf4226282, 
    0x2382bc02, 0x01002022, 0x24209382, 0x9b830982, 0x00230384, 0x836400c8, 0x8303840f, 0x200d850b, 0x830f82c8, 0x8a002003, 0x8412821d, 0x00c82102, 
    0x29853385, 0x048a1284, 0x208a1595, 0x23830a82, 0x2d912785, 0x278f1795, 0x05859b85, 0x09839783, 0xb5835589, 0x64200d85, 0xb385bf86, 0x3983458f, 
    0x3183038f, 0x1b8f3587, 0x3fbf0fa3, 0x238d63a3, 0x118ddb83, 0x64210dcb, 0x09654100, 0x012157a2, 0x9e248f2c, 0x83642011, 0x82239e2f, 0x95219a22, 
    0x23eb419f, 0x02d75782, 0x7288af9a, 0x33b023b3, 0x887e0741, 0x4308bbec, 0xd9a9158f, 0xbb152142, 0xa93bad91, 0x9757ada9, 0x152f412d, 0x89832d83, 
    0xa3a11d95, 0x65453785, 0x2051830b, 0x141f4400, 0x3b854da1, 0x858d0540, 0x0bf346e1, 0x29a9c7a9, 0xc821f385, 0x23b74500, 0x41094d46, 0x17850db5, 
    0x05894985, 0x0b89bf8b, 0x87090947, 0x47ab8da3, 0x8f8505f5, 0x83095747, 0x05e7473f, 0x8d05e141, 0xa7738933, 0x433f9d09, 0x642161a1, 0x05034800, 
    0x8b85af83, 0x1583dd8b, 0x13870383, 0x09832589, 0x41000021, 0x1d8b056f, 0x05c51785, 0x410bab41, 0x5f850de7, 0x8305c141, 0x85038985, 0x8b05b919, 
    0x4145ad53, 0x4b8f1dc9, 0x8f115343, 0xa50f8b21, 0x0ffd495b, 0x0021418b, 0x13414100, 0x0df5218d, 0x9b8bdba5, 0x87116b45, 0x874bb11d, 0x20078739, 
    0xc10882c8, 0x8a448245, 0x4c642002, 0x59cf084d, 0x0ac2648a, 0x410d1b4c, 0x23440911, 0x07fb4407, 0x4109014d, 0x2b415b89, 0x13bd420d, 0x9509ab43, 
    0x153d4587, 0x3942578d, 0x4d2b8f1d, 0x1d8d0da1, 0x3d410d8d, 0x8b098709, 0x472b9507, 0xc7460961, 0x91418b15, 0x9553930b, 0x138b4d13, 0x63912993, 
    0x65a511bf, 0x614125a5, 0x09e74109, 0x15953995, 0x07a33f87, 0x15894195, 0xa32e0d4e, 0x95238472, 0x8c1a8477, 0x49278b04, 0x2d8b2141, 0x5e8c0b97, 
    0x91420c82, 0x093f4819, 0x00202682, 0x81854f83, 0x43053f49, 0x45490bb7, 0x0991460d, 0x830b8348, 0x4b038543, 0x5f851593, 0x05932185, 0x8505bf45, 
    0x89058fad, 0x48198f91, 0x198d09c7, 0xf744a385, 0x416d8d05, 0x358d2799, 0x47490d9d, 0x198f4a07, 0x1d8d3f83, 0x8309fb42, 0x8703d51b, 0x416baf63, 
    0xe1b15323, 0x910fd147, 0x91d79395, 0x9579b125, 0xbb59bb31, 0x053b423b, 0x259341a5, 0x83156347, 0x4a03bd55, 0x5b991db5, 0x2d97a393, 0x4105b755, 
    0x0d8d0de7, 0x17933997, 0x4d8939b9, 0x61c3bd9d, 0x699d6b87, 0x07402587, 0x41d5adaf, 0xe14e0d4f, 0x83458709, 0x110b5711, 0x41491199, 0x23414113, 
    0x319f878d, 0x3d4ca785, 0x138d5805, 0x58000021, 0x4b970999, 0x430f5d43, 0x57850909, 0x552a394f, 0x01230b63, 0x8c0000f4, 0x10df560f, 0x17c49097, 
    0x4109a94c, 0xff550689, 0x0d43520e, 0x532d2b42, 0xb1410db9, 0x4cdcc12d, 0x55a513e7, 0x26820320, 0x1c200383, 0x2305755b, 0x03001c1b, 0x1c230984, 
    0x821b0400, 0x0187091a, 0x00000172, 0x00720007, 0x02ac007e, 0x02cb02bd, 0x02de02d1, 0x02e402e0, 0x030e03ee, 0x031a0315, 0x0320031c, 0x032a0325, 
    0x0330032c, 0x0344033c, 0x0361035c, 0x037e0377, 0x038c038a, 0x048604a1, 0x05be05ff, 0x05c305c0, 0x0cef05c6, 0x163f0ea0, 0x16a316a0, 0x1eac16a6, 
    0x1eb31ea9, 0x1f151fc3, 0x1f451f1d, 0x1f571f4d, 0x1f5b1f59, 0x1f7d1f5d, 0x1fbf1fb4, 0x1fd31fc4, 0x1fef1fdb, 0x20fe1ff4, 0x20272010, 0x203a2030, 
    0x205e2056, 0x208e2071, 0x20a6209c, 0x20b320af, 0x20ba20b6, 0x210b21bd, 0x21222117, 0x212b2127, 0x2134212f, 0x21762166, 0x21832180, 0x21ac2193, 
    0x21d321cd, 0x21f821ef, 0x22fe21fa, 0x222f222c, 0x2299225c, 0x2320239b, 0x232b2328, 0x237e232d, 0x23882380, 0x23bd238b, 0x240f24ef, 0x244a2426, 
    0x260926b5, 0x26142611, 0x261e2617, 0x263c2637, 0x266f2642, 0x270827a9, 0x27212718, 0x272b2727, 0x27362733, 0x2741273f, 0x27602752, 0x27712766, 
    0x27e9279b, 0x27f627f3, 0x29ff28f9, 0x29092903, 0x2913290f, 0x2926291e, 0x294d2946, 0x2976294f, 0x2b032b7f, 0x2b322b0b, 0x2b552b38, 0x2b632b58, 
    0x2b792b73, 0x2b802b7e, 0x2b932b82, 0x2baf2b95, 0x2bc22bb8, 0x2bcf2bc8, 0x2e7f2cef, 0x2e182e0d, 0xe0a2e040, 0xe0b3e0ab, 0xfbc7e0b8, 0xfffdff02, 
    0x000000ff, 0x00a10020, 0x02c202ae, 0x41d802d0, 0x002a0673, 0x1a031003, 0x1f031c03, 0x73412403, 0x03393406, 0x035c0343, 0x03700361, 0x0384037a, 
    0x038e038c, 0x418a04a3, 0xd0200873, 0x34067341, 0x16a516a2, 0x1e001ea8, 0x1eb51eab, 0x1f181fc5, 0x1f481f20, 0x06734150, 0x1f5f6808, 0x1fb61f80, 
    0x1fc61fc2, 0x1fdd1fd6, 0x20f61ff2, 0x20122010, 0x20322030, 0x2058203c, 0x20742070, 0x20a02090, 0x20b120a8, 0x20b820b5, 0x210021bc, 0x21222116, 
    0x212a2125, 0x2133212f, 0x21682160, 0x21832178, 0x21952190, 0x21cf21af, 0x21f121d5, 0x22fd21fa, 0x222e2200, 0x225e2231, 0x239d229b, 0x232b2322, 
    0x412f232d, 0x28080673, 0x24e923ba, 0x24232408, 0x25602440, 0x26102600, 0x26162614, 0x2630261e, 0x263f263a, 0x27a22660, 0x27132708, 0x2724271a, 
    0x08734129, 0x274f3a08, 0x2764275b, 0x278a276c, 0x27f227e8, 0x27f827f5, 0x290229fb, 0x290c2906, 0x29192912, 0x29332921, 0x294f2949, 0x2b782951, 
    0x2b052b00, 0x2b382b0d, 0x2b582b3f, 0x2b652b5a, 0x06734176, 0x2b883908, 0x2ba02b95, 0x2bc02bb8, 0x2bca2bc5, 0x2e602cec, 0x2e0f2e00, 0xe0a0e01a, 
    0xe0b0e0a5, 0xfbc0e0b5, 0xfffdff01, 0xffe3ffff, 0x030000c1, 0x03bd03c1, 0x03b603b7, 0x00aa03b3, 0x04230082, 0x82a60495, 0x05002606, 0x052f051d, 
    0x2309834e, 0x35060906, 0x00230783, 0x85bc0700, 0xbafe3907, 0xb7feb9fe, 0xacfeb5fe, 0xcbf640f8, 0x5bef5cef, 0x5aef5aef, 0xa9e80000, 0xe8221f83, 
    0x098200ab, 0xe8a7e827, 0xe8a5e8a6, 0x821183a4, 0xe8a2240f, 0x829fe8a1, 0xe89d2807, 0xe88be89c, 0x8382e88a, 0x83e82917, 0x70e872e8, 0x6de86fe8, 
    0x6c3e0182, 0x6ae86be8, 0x27e869e8, 0x13e81de8, 0x0fe811e8, 0x09e80ce8, 0xdde7dee7, 0xdae7dce7, 0x2f83cee7, 0xe7cce733, 0xe7cae7cb, 0xe7c7e7c9, 
    0xe7c5e7c6, 0xe70000c4, 0x231787c8, 0xd0e70000, 0x9e221984, 0x0b8278e7, 0x17835320, 0x052c0782, 0x03e703e7, 0x0000fde6, 0xece6ede6, 0xa7240582, 
    0xaed953e6, 0xad320182, 0xa6d9acd9, 0x9dd9a4d9, 0x91d99cd9, 0x88d90000, 0x058284d9, 0x25d92c22, 0x24200582, 0x3b220382, 0x05823ad9, 0x33d93722, 
    0xd9214785, 0x25078527, 0x0000d0d7, 0x0382cfd7, 0x0f83ca20, 0xd7c9d726, 0xd7c5d7c6, 0xd7298782, 0xd70000c0, 0xd7acd7b2, 0x820182aa, 0x311d834f, 
    0x3e250000, 0x38253c25, 0x30253725, 0x5706440b, 0x15830100, 0x836e0121, 0x23038705, 0x9c058005, 0x05220b83, 0x294105a2, 0xa0052206, 0x057f4105, 
    0xb205a42c, 0x0000ba05, 0xea05c405, 0x2383b007, 0x08200391, 0x0927b382, 0x00f009d4, 0x898e0a00, 0xce0a251d, 0x720b0a0b, 0x0b210f85, 0x8307857e, 
    0x980b2305, 0x0783a80b, 0x0b2303a7, 0x8fde0bb0, 0x0a0c262b, 0x7e0c0000, 0x2377820d, 0x8c0d0000, 0x0e291d89, 0x0e000020, 0x0e400e2c, 0x211387ea, 
    0x0983f410, 0x83fe1021, 0x21039105, 0x13830611, 0x840c1121, 0x002a2305, 0x03821100, 0x13000023, 0x2d0f832e, 0x3a133013, 0x00006013, 0xb0136613, 
    0x0782be13, 0x0000c223, 0x23778214, 0x46143414, 0x03831f83, 0x005a1424, 0x49411400, 0x8214270a, 0xda14c014, 0x1b83ec14, 0x1507038c, 0x6f006e2b, 
    0x71007000, 0x73007200, 0x75007400, 0x77007600, 0x79007800, 0x7b007a00, 0x7d007c00, 0x7f007e00, 0x81008000, 0x83008200, 0x85008400, 0x87008600, 
    0x89008800, 0x8b008a00, 0x8d008c00, 0x8f008e00, 0x91009000, 0x93009200, 0x95009400, 0x97009600, 0x99009800, 0x9b009a00, 0x9d009c00, 0x9f009e00, 
    0xa100a000, 0xa300a200, 0xa500a400, 0xa700a600, 0xa900a800, 0xab00aa00, 0xad00ac00, 0xaf00ae00, 0xb100b000, 0xb300b200, 0xb500b400, 0xb700b600, 
    0xb900b800, 0xbb00ba00, 0xbd00bc00, 0xbf00be00, 0x9d049c04, 0x9f049e04, 0xa104a004, 0xa304a204, 0xa504a404, 0xa704a604, 0xa904a804, 0xab04aa04, 
    0xad04ac04, 0xaf04ae04, 0xb104b004, 0xb304b204, 0xb504b404, 0xb704b604, 0xb904b804, 0xbb04ba04, 0xbd04bc04, 0xbf04be04, 0xc104c004, 0xc304c204, 
    0xc504c404, 0xc704c604, 0xc904c804, 0xcb04ca04, 0xcd04cc04, 0xcf04ce04, 0xd104d004, 0xd304d204, 0xd504d404, 0xd704d604, 0xd904d804, 0xdb04da04, 
    0xdd04dc04, 0xdf04de04, 0xe204e104, 0xe404e304, 0xe604e504, 0xe804e704, 0xea04e904, 0xec04eb04, 0xee04ed04, 0xf004ef04, 0xf204f104, 0xf404f304, 
    0xf604f504, 0xf804f704, 0xfa04f904, 0xfc04fb04, 0xfe04fd04, 0x0005ff04, 0x02050105, 0x04050305, 0x06050505, 0x08050705, 0x0b050905, 0x0d050c05, 
    0x0f050e05, 0x11051005, 0x13051205, 0x15051405, 0x17051605, 0x19051805, 0x1b051a05, 0x1d051c05, 0x1f051e05, 0x21052005, 0x23052205, 0x25052405, 
    0x27052605, 0x29052805, 0x2b052a05, 0x2d052c05, 0x2f052e05, 0x31053005, 0x33053205, 0x35053405, 0x37053605, 0x39053805, 0x3b053a05, 0x3d053c05, 
    0x3f053e05, 0x41054005, 0x43054205, 0x45054405, 0x47054605, 0x49054805, 0x4b054a05, 0x4d054c05, 0x4f054e05, 0x51055005, 0x53055205, 0x55055405, 
    0x57055605, 0x59055805, 0x5b055a05, 0x5d055c05, 0x5f055e05, 0x61056005, 0x63056205, 0x65056405, 0x67056605, 0x69056805, 0x6b056a05, 0x6d056c05, 
    0x6f056e05, 0x71057005, 0x73057205, 0x75057405, 0x77057605, 0x79057805, 0x7b057a05, 0x7d057c05, 0x7f057e05, 0x81058005, 0x83058205, 0x85058405, 
    0x87058605, 0x89058805, 0x8b058a05, 0x8d058c05, 0x8f058e05, 0x91059005, 0x93059205, 0x95059405, 0x97059605, 0x99059805, 0x9b059a05, 0x9d059c05, 
    0x9f059e05, 0xa105a005, 0xa305a205, 0xa505a405, 0xa705a605, 0xa905a805, 0xab05aa05, 0xad05ac05, 0xaf05ae05, 0xb105b005, 0xb305b205, 0xb505b405, 
    0xb705b605, 0xb905b805, 0xbb05ba05, 0xbd05bc05, 0xbf05be05, 0xc105c005, 0xc305c205, 0xc505c405, 0xc705c605, 0xc905c805, 0xcb05ca05, 0xcd05cc05, 
    0xcf05ce05, 0xd105d005, 0xd305d205, 0xd505d405, 0xd705d605, 0xd905d805, 0xdb05da05, 0xdd05dc05, 0xf905f805, 0xfb05fa05, 0x07060106, 0x09060806, 
    0x0b060a06, 0x0d060c06, 0x0f060e06, 0x11061006, 0x13061206, 0x15061406, 0x17061606, 0x19061806, 0x1b061a06, 0x1d061c06, 0x1f061e06, 0x21062006, 
    0x23062206, 0x25062406, 0x27062606, 0x29062806, 0x2b062a06, 0x2d062c06, 0x2f062e06, 0x31063006, 0x33063206, 0x35063406, 0x37063606, 0x39063806, 
    0x3b063a06, 0x3d063c06, 0x3f063e06, 0x41064006, 0x43064206, 0x47064406, 0x49064806, 0x4b064a06, 0x4d064c06, 0x4f064e06, 0x51065006, 0x53065206, 
    0x56065506, 0x58065706, 0x5a065906, 0x5c065b06, 0x5e065d06, 0x60065f06, 0x62066106, 0x64066306, 0x66066506, 0x68066706, 0x6a066906, 0x6c066b06, 
    0x6e066d06, 0x70066f06, 0x72067106, 0x74067306, 0x76067506, 0x78067706, 0x7a067906, 0x7c067b06, 0x7e067d06, 0x80067f06, 0x82068106, 0xa4069906, 
    0xba06af06, 0xd006c506, 0xe606db06, 0xfc06f106, 0x12070707, 0x28071d07, 0x48073307, 0x5d075307, 0x71076707, 0xdf077c07, 0x0b08ea07, 0xbb081608, 
    0xd008c508, 0x0c09da08, 0x230a1409, 0x390a2e0a, 0x4f0a440a, 0x640a5a0a, 0x8d0a6e0a, 0xa30a980a, 0xb90aae0a, 0xfc0af50a, 0x120b070b, 0x280b1d0b, 
    0x530b330b, 0x550b540b, 0x570b560b, 0x5d0b5c0b, 0x5f0b5e0b, 0x680b600b, 0x6a0b690b, 0x740b710b, 0x7a0b750b, 0x7c0b7b0b, 0x890b870b, 0x9d0b920b, 
    0xb30ba80b, 0xc90bbe0b, 0xdf0bd40b, 0xe90be80b, 0xeb0bea0b, 0xed0bec0b, 0xef0bee0b, 0x030cf80b, 0x190c0e0c, 0x2f0c240c, 0x450c3a0c, 0x5b0c500c, 
    0x710c660c, 0x870c7c0c, 0x9d0c920c, 0xb30ca80c, 0xc90cbe0c, 0xdf0cd40c, 0xf50cea0c, 0x0b0d000d, 0x180d140d, 0x1d0d1c0d, 0x2a0d220d, 0x300d2f0d, 
    0x380d310d, 0x440d430d, 0x460d450d, 0x480d470d, 0x520d510d, 0x540d530d, 0x560d550d, 0x580d570d, 0x5a0d590d, 0xc700c000, 0xd800d000, 0xde00db00, 
    0xe400df00, 0xef00ea00, 0xf700f600, 0x0101f800, 0x0d010c01, 0x0f010e01, 0x11011001, 0x13011201, 0x1a011601, 0x2e012301, 0x44013901, 0x5a014f01, 
    0x70016501, 0x86017b01, 0x9c019101, 0xb201a701, 0xc801bd01, 0xde01d301, 0xf401e901, 0x0a02ff01, 0x20021502, 0x36022b02, 0x46023f02, 0x53024b02, 
    0x5d025902, 0x71026802, 0x85027a02, 0x9b029002, 0xaa02a502, 0xac02ab02, 0xae02ad02, 0xb002af02, 0xb202b102, 0xb402b302, 0xb602b502, 0xb802b702, 
    0xba02b902, 0xbc02bb02, 0xbe02bd02, 0xc002bf02, 0xc202c102, 0xc402c302, 0xc602c502, 0xc802c702, 0xca02c902, 0xcc02cb02, 0xce02cd02, 0xd202cf02, 
    0xe602dc02, 0xfc02f102, 0x08030603, 0x1d031203, 0x2f032503, 0x43033a03, 0x4e034703, 0x59035603, 0x69036403, 0x73036b03, 0x7b037a03, 0x81037c03, 
    0x83038203, 0x85038403, 0x87038603, 0x89038803, 0x8b038a03, 0x97038c03, 0xad03a203, 0xb103b003, 0xb303b203, 0xb503b403, 0xb703b603, 0xb903b803, 
    0xbb03ba03, 0xbd03bc03, 0xbf03be03, 0xc103c003, 0xc303c203, 0xc503c403, 0xc703c603, 0xc903c803, 0xcb03ca03, 0xcd03cc03, 0xcf03ce03, 0xd103d003, 
    0xd703d203, 0xec03e203, 0x0104f603, 0x17040c04, 0x1a041904, 0x1c041b04, 0x1e041d04, 0x20041f04, 0x22042104, 0x24042304, 0x26042504, 0x28042704, 
    0x2a042904, 0x2c042b04, 0x2e042d04, 0x30042f04, 0x32043104, 0x34043304, 0x36043504, 0x38043704, 0x3a043904, 0x3c043b04, 0x3e043d04, 0x40043f04, 
    0x42044104, 0x44044304, 0x46044504, 0x48044704, 0x4a044904, 0x4c044b04, 0x4e044d04, 0x50044f04, 0x52045104, 0x54045304, 0x56045504, 0x58045704, 
    0x5a045904, 0x5c045b04, 0x5e045d04, 0x60045f04, 0x62046104, 0x64046304, 0x66046504, 0x68046704, 0x6a046904, 0x6c046b04, 0x6e046d04, 0x70046f04, 
    0x72047104, 0x74047304, 0x76047504, 0x9a067704, 0x9c069b06, 0x9e069d06, 0xa0069f06, 0xa206a106, 0xa506a306, 0xa706a606, 0xa906a806, 0xab06aa06, 
    0xad06ac06, 0xb006ae06, 0xb206b106, 0xb406b306, 0xb606b506, 0xb806b706, 0xbb06b906, 0xbd06bc06, 0xbf06be06, 0xc106c006, 0xc306c206, 0xc606c406, 
    0xc806c706, 0xca06c906, 0xcc06cb06, 0xce06cd06, 0xd106cf06, 0xd306d206, 0xd506d406, 0xd706d606, 0xd906d806, 0xdc06da06, 0xde06dd06, 0xe006df06, 
    0xe206e106, 0xe406e306, 0xe706e506, 0xe906e806, 0xeb06ea06, 0xed06ec06, 0xef06ee06, 0xf206f006, 0xf406f306, 0xf606f506, 0xf806f706, 0xfa06f906, 
    0xfd06fb06, 0xff06fe06, 0x01070007, 0x03070207, 0x05070407, 0x08070607, 0x0a070907, 0x0c070b07, 0x0e070d07, 0x10070f07, 0x13071107, 0x15071407, 
    0x17071607, 0x19071807, 0x1b071a07, 0x1e071c07, 0x20071f07, 0x22072107, 0x24072307, 0x26072507, 0x29072707, 0x2b072a07, 0x2d072c07, 0x2f072e07, 
    0x31073007, 0x34073207, 0x36073507, 0x38073707, 0x3a073907, 0x3c073b07, 0x3e073d07, 0x40073f07, 0x42074107, 0x44074307, 0x46074507, 0x49074707, 
    0x4b074a07, 0x4d074c07, 0x4f074e07, 0x51075007, 0x5e075207, 0x60075f07, 0x62076107, 0x64076307, 0x66076507, 0x69076807, 0x6b076a07, 0x6d076c07, 
    0x6f076e07, 0x72077007, 0x74077307, 0x76077507, 0x78077707, 0x7a077907, 0x7d077b07, 0x7f077e07, 0x81078007, 0x83078207, 0x85078407, 0x87078607, 
    0x89078807, 0x8b078a07, 0x8d078c07, 0x8f078e07, 0x91079007, 0x93079207, 0x95079407, 0x97079607, 0x99079807, 0x9b079a07, 0x9d079c07, 0x9f079e07, 
    0xa107a007, 0xa307a207, 0xa507a407, 0xa707a607, 0xa907a807, 0xab07aa07, 0xad07ac07, 0xb007ae07, 0xb207b107, 0xb407b307, 0xb607b507, 0xb807b707, 
    0xba07b907, 0xbc07bb07, 0xbe07bd07, 0xc007bf07, 0xc907c107, 0xcb07ca07, 0xcd07cc07, 0xcf07ce07, 0xd107d007, 0xd307d207, 0xd507d407, 0xd707d607, 
    0xd907d807, 0xdb07da07, 0xdd07dc07, 0xe007de07, 0xe207e107, 0xe407e307, 0xe607e507, 0xe807e707, 0xeb07e907, 0xed07ec07, 0xef07ee07, 0x0208f007, 
    0x04080308, 0x06080508, 0x08080708, 0x0a080908, 0x0d080c08, 0x0f080e08, 0x11081008, 0x13081208, 0x15081408, 0x18081708, 0x1a081908, 0x1c081b08, 
    0x1e081d08, 0x20081f08, 0x22082108, 0x24082308, 0x26082508, 0x28082708, 0x2a082908, 0x2c082b08, 0x2e082d08, 0x30082f08, 0x32083108, 0x34083308, 
    0x36083508, 0x38083708, 0x3a083908, 0x3c083b08, 0x3e083d08, 0x40083f08, 0x42084108, 0x44084308, 0x46084508, 0x49084808, 0x4b084a08, 0x4d084c08, 
    0x4f084e08, 0x51085008, 0x53085208, 0x55085408, 0x57085608, 0x59085808, 0x5c085a08, 0x5e085d08, 0x60085f08, 0x62086108, 0x7b086308, 0x7d087c08, 
    0x80087f08, 0x82088108, 0x84088308, 0x86088508, 0x88088708, 0x8a088908, 0x8c088b08, 0x8e088d08, 0xb408b308, 0xb608b508, 0xb808b708, 0xba08b908, 
    0xbd08bc08, 0xbf08be08, 0xc108c008, 0xc308c208, 0xc608c408, 0xc808c708, 0xca08c908, 0xcc08cb08, 0xce08cd08, 0xd108cf08, 0xd308d208, 0xd508d408, 
    0xd708d608, 0xd908d808, 0x63096209, 0x66096409, 0x68096709, 0x6a096909, 0x6c096b09, 0x6e096d09, 0x70096f09, 0x72097109, 0x74097309, 0x76097509, 
    0x78097709, 0x7a097909, 0x7c097b09, 0x7e097d09, 0x80097f09, 0x82098109, 0x84098309, 0x86098509, 0x88098709, 0x8a098909, 0x8c098b09, 0x8e098d09, 
    0x90098f09, 0x92099109, 0x94099309, 0x97099509, 0x99099809, 0x210a9a09, 0x240a220a, 0x260a250a, 0x280a270a, 0x2a0a290a, 0x2c0a2b0a, 0x2f0a2d0a, 
    0x310a300a, 0x330a320a, 0x350a340a, 0x370a360a, 0x3a0a380a, 0x3c0a3b0a, 0x3e0a3d0a, 0x400a3f0a, 0x420a410a, 0x450a430a, 0x470a460a, 0x490a480a, 
    0x4b0a4a0a, 0x4d0a4c0a, 0x500a4e0a, 0x520a510a, 0x540a530a, 0x560a550a, 0x580a570a, 0x5b0a590a, 0x5d0a5c0a, 0x5f0a5e0a, 0x610a600a, 0x650a620a, 
    0x670a660a, 0x690a680a, 0x6b0a6a0a, 0x6d0a6c0a, 0x700a6f0a, 0x720a710a, 0x740a730a, 0x760a750a, 0x780a770a, 0x7a0a790a, 0x7c0a7b0a, 0x7e0a7d0a, 
    0x800a7f0a, 0x820a810a, 0x840a830a, 0x860a850a, 0x880a870a, 0x8a0a890a, 0x8c0a8b0a, 0x8f0a8e0a, 0x910a900a, 0x930a920a, 0x950a940a, 0x970a960a, 
    0x9a0a990a, 0x9c0a9b0a, 0x9e0a9d0a, 0xa00a9f0a, 0xa20aa10a, 0xa50aa40a, 0xa70aa60a, 0xa90aa80a, 0xab0aaa0a, 0xad0aac0a, 0xb00aaf0a, 0xb20ab10a, 
    0xb40ab30a, 0xb60ab50a, 0xb80ab70a, 0xbb0aba0a, 0xbd0abc0a, 0xbf0abe0a, 0xc10ac00a, 0xc30ac20a, 0xc50ac40a, 0xc70ac60a, 0xc90ac80a, 0xcb0aca0a, 
    0xcd0acc0a, 0xcf0ace0a, 0xd10ad00a, 0xd30ad20a, 0xd50ad40a, 0xd70ad60a, 0xd90ad80a, 0xdb0ada0a, 0xdd0adc0a, 0xdf0ade0a, 0xe10ae00a, 0xe30ae20a, 
    0xe50ae40a, 0xe70ae60a, 0xe90ae80a, 0xeb0aea0a, 0xed0aec0a, 0xef0aee0a, 0xf10af00a, 0xf30af20a, 0xf60af40a, 0xfa0af90a, 0xfd0afb0a, 0xff0afe0a, 
    0x010b000b, 0x030b020b, 0x050b040b, 0x080b060b, 0x0a0b090b, 0x0c0b0b0b, 0x0e0b0d0b, 0x100b0f0b, 0x130b110b, 0x150b140b, 0x170b160b, 0x190b180b, 
    0x1b0b1a0b, 0x1e0b1c0b, 0x200b1f0b, 0x220b210b, 0x240b230b, 0x260b250b, 0x290b270b, 0x2b0b2a0b, 0x2d0b2c0b, 0x2f0b2e0b, 0x310b300b, 0x340b320b, 
    0x360b350b, 0x380b370b, 0x3a0b390b, 0x3c0b3b0b, 0x3e0b3d0b, 0x400b3f0b, 0x420b410b, 0x440b430b, 0x460b450b, 0x490b470b, 0x4b0b4a0b, 0x4d0b4c0b, 
    0x4f0b4e0b, 0x6c0b6b0b, 0x6e0b6d0b, 0x700b6f0b, 0x730b720b, 0x7e0b7d0b, 0x800b7f0b, 0x820b810b, 0x840b830b, 0x860b850b, 0x8a0b880b, 0x8c0b8b0b, 
    0x8e0b8d0b, 0x900b8f0b, 0x930b910b, 0x950b940b, 0x970b960b, 0x990b980b, 0x9b0b9a0b, 0x9e0b9c0b, 0xa00b9f0b, 0xa20ba10b, 0xa40ba30b, 0xa60ba50b, 
    0xa90ba70b, 0xab0baa0b, 0xad0bac0b, 0xaf0bae0b, 0xb10bb00b, 0xb40bb20b, 0xb60bb50b, 0xb80bb70b, 0xba0bb90b, 0xbc0bbb0b, 0xbf0bbd0b, 0xc10bc00b, 
    0xc30bc20b, 0xc50bc40b, 0xc70bc60b, 0xca0bc80b, 0xcc0bcb0b, 0xce0bcd0b, 0xd00bcf0b, 0xd20bd10b, 0xd50bd30b, 0xd70bd60b, 0xd90bd80b, 0xdb0bda0b, 
    0xdd0bdc0b, 0xe00bde0b, 0xe20be10b, 0xe40be30b, 0xe60be50b, 0xf00be70b, 0xf20bf10b, 0xf40bf30b, 0xf60bf50b, 0xf90bf70b, 0xfb0bfa0b, 0xfd0bfc0b, 
    0xff0bfe0b, 0x010c000c, 0x040c020c, 0x060c050c, 0x080c070c, 0x0a0c090c, 0x0c0c0b0c, 0x0f0c0d0c, 0x110c100c, 0x130c120c, 0x150c140c, 0x170c160c, 
    0x1a0c180c, 0x1c0c1b0c, 0x1e0c1d0c, 0x200c1f0c, 0x220c210c, 0x250c230c, 0x270c260c, 0x290c280c, 0x2b0c2a0c, 0x2d0c2c0c, 0x300c2e0c, 0x320c310c, 
    0x340c330c, 0x360c350c, 0x380c370c, 0x3b0c390c, 0x3d0c3c0c, 0x3f0c3e0c, 0x410c400c, 0x430c420c, 0x460c440c, 0x480c470c, 0x4a0c490c, 0x4c0c4b0c, 
    0x4e0c4d0c, 0x510c4f0c, 0x530c520c, 0x550c540c, 0x570c560c, 0x590c580c, 0x5c0c5a0c, 0x5e0c5d0c, 0x600c5f0c, 0x620c610c, 0x640c630c, 0x670c650c, 
    0x690c680c, 0x6b0c6a0c, 0x6d0c6c0c, 0x6f0c6e0c, 0x720c700c, 0x740c730c, 0x760c750c, 0x780c770c, 0x7a0c790c, 0x7d0c7b0c, 0x7f0c7e0c, 0x810c800c, 
    0x830c820c, 0x850c840c, 0x880c860c, 0x8a0c890c, 0x8c0c8b0c, 0x8e0c8d0c, 0x900c8f0c, 0x930c910c, 0x950c940c, 0x970c960c, 0x990c980c, 0x9b0c9a0c, 
    0x9e0c9c0c, 0xa00c9f0c, 0xa20ca10c, 0xa40ca30c, 0xa60ca50c, 0xa90ca70c, 0xab0caa0c, 0xad0cac0c, 0xaf0cae0c, 0xb10cb00c, 0xb40cb20c, 0xb60cb50c, 
    0xb80cb70c, 0xba0cb90c, 0xbc0cbb0c, 0xbf0cbd0c, 0xc10cc00c, 0xc30cc20c, 0xc50cc40c, 0xc70cc60c, 0xca0cc80c, 0xcc0ccb0c, 0xce0ccd0c, 0xd00ccf0c, 
    0xd20cd10c, 0xd50cd30c, 0xd70cd60c, 0xd90cd80c, 0xdb0cda0c, 0xdd0cdc0c, 0xe00cde0c, 0xe20ce10c, 0xe40ce30c, 0xe60ce50c, 0xe80ce70c, 0xeb0ce90c, 
    0xed0cec0c, 0xef0cee0c, 0xf10cf00c, 0xf30cf20c, 0xf60cf40c, 0xf80cf70c, 0xfa0cf90c, 0xfc0cfb0c, 0xfe0cfd0c, 0x010dff0c, 0x030d020d, 0x050d040d, 
    0x070d060d, 0x090d080d, 0x0c0d0a0d, 0x0e0d0d0d, 0x100d0f0d, 0x120d110d, 0x1e0d130d, 0x200d1f0d, 0x230d210d, 0x250d240d, 0x320d260d, 0x340d330d, 
    0x360d350d, 0x390d370d, 0x3b0d3a0d, 0x3d0d3c0d, 0x3f0d3e0d, 0x410d400d, 0xe500420d, 0xe700e600, 0xe900e800, 0xf900eb00, 0xfb00fa00, 0xfd00fc00, 
    0xff00fe00, 0x02010001, 0x04010301, 0x06010501, 0x08010701, 0x0a010901, 0x19010b01, 0x1e011b01, 0x20011f01, 0x22012101, 0x25012401, 0x27012601, 
    0x29012801, 0x2b012a01, 0x2d012c01, 0x30012f01, 0x32013101, 0x34013301, 0x36013501, 0x38013701, 0x3b013a01, 0x3d013c01, 0x3f013e01, 0x41014001, 
    0x43014201, 0x46014501, 0x48014701, 0x4a014901, 0x4c014b01, 0x4e014d01, 0x51015001, 0x53015201, 0x55015401, 0x57015601, 0x59015801, 0x5c015b01, 
    0x5e015d01, 0x60015f01, 0x62016101, 0x64016301, 0x67016601, 0x69016801, 0x6b016a01, 0x6d016c01, 0x6f016e01, 0x72017101, 0x74017301, 0x76017501, 
    0x78017701, 0x7a017901, 0x7d017c01, 0x7f017e01, 0x81018001, 0x83018201, 0x85018401, 0x88018701, 0x8a018901, 0x8c018b01, 0x8e018d01, 0x90018f01, 
    0x93019201, 0x95019401, 0x97019601, 0x99019801, 0x9b019a01, 0x9e019d01, 0xa0019f01, 0xa201a101, 0xa401a301, 0xa601a501, 0xa901a801, 0xab01aa01, 
    0xad01ac01, 0xaf01ae01, 0xb101b001, 0xb401b301, 0xb601b501, 0xb801b701, 0xba01b901, 0xbc01bb01, 0xbf01be01, 0xc101c001, 0xc301c201, 0xc501c401, 
    0xc701c601, 0xca01c901, 0xcc01cb01, 0xce01cd01, 0xd001cf01, 0xd201d101, 0xd501d401, 0xd701d601, 0xd901d801, 0xdb01da01, 0xdd01dc01, 0xe001df01, 
    0xe201e101, 0xe401e301, 0xe601e501, 0xe801e701, 0xeb01ea01, 0xed01ec01, 0xef01ee01, 0xf101f001, 0xf301f201, 0xf601f501, 0xf801f701, 0xfa01f901, 
    0xfc01fb01, 0xfe01fd01, 0x01020002, 0x03020202, 0x05020402, 0x07020602, 0x09020802, 0x0c020b02, 0x0e020d02, 0x10020f02, 0x12021102, 0x14021302, 
    0x17021602, 0x19021802, 0x1b021a02, 0x1d021c02, 0x1f021e02, 0x22022102, 0x24022302, 0x26022502, 0x28022702, 0x2a022902, 0x2d022c02, 0x2f022e02, 
    0x31023002, 0x33023202, 0x35023402, 0x38023702, 0x3a023902, 0x3c023b02, 0x45024402, 0x48024702, 0x54025202, 0x56025502, 0x58025702, 0x5b025a02, 
    0x5e025c02, 0x60025f02, 0x62026102, 0x64026302, 0x66026502, 0x69026702, 0x6b026a02, 0x6d026c02, 0x6f026e02, 0x72027002, 0x74027302, 0x77027502, 
    0x79027802, 0x7c027b02, 0x7e027d02, 0x80027f02, 0x82028102, 0x84028302, 0x87028602, 0x89028802, 0x8b028a02, 0x8d028c02, 0x8f028e02, 0x92029102, 
    0x94029302, 0x96029502, 0x98029702, 0x9a029902, 0x9d029c02, 0x9f029e02, 0xa102a002, 0xa302a202, 0xa602a402, 0xa802a702, 0xd002a902, 0xd302d102, 
    0xdd02d402, 0xdf02de02, 0xe102e002, 0xe302e202, 0xe502e402, 0xe802e702, 0xea02e902, 0xec02eb02, 0xee02ed02, 0xf002ef02, 0xf302f202, 0xf502f402, 
    0xf702f602, 0xf902f802, 0xfb02fa02, 0xfe02fd02, 0x0003ff02, 0x02030103, 0x04030303, 0x09030503, 0x0b030a03, 0x0d030c03, 0x0f030e03, 0x11031003, 
    0x14031303, 0x16031503, 0x18031703, 0x1a031903, 0x1c031b03, 0x1f031e03, 0x21032003, 0x24032303, 0x27032603, 0x29032803, 0x2b032a03, 0x2d032c03, 
    0x30032e03, 0x32033103, 0x34033303, 0x36033503, 0x38033703, 0x3b033903, 0x3d033c03, 0x48033e03, 0x4a034903, 0x4c034b03, 0x4f034d03, 0x51035003, 
    0x53035203, 0x57035403, 0x5a035803, 0x5c035b03, 0x5e035d03, 0x60035f03, 0x62036103, 0x65036303, 0x67036603, 0x8d036803, 0x8f038e03, 0x91039003, 
    0x93039203, 0x95039403, 0x98039603, 0x9a039903, 0x9c039b03, 0x9e039d03, 0xa0039f03, 0xa303a103, 0xa503a403, 0xa703a603, 0xa903a803, 0xab03aa03, 
    0xae03ac03, 0xd303af03, 0xd503d403, 0xd803d603, 0xda03d903, 0xdc03db03, 0xde03dd03, 0xe003df03, 0xe303e103, 0xe503e403, 0xe703e603, 0xe903e803, 
    0xeb03ea03, 0xee03ed03, 0xf003ef03, 0xf203f103, 0xf403f303, 0xf703f503, 0xf903f803, 0xfb03fa03, 0xfd03fc03, 0xff03fe03, 0x02040004, 0x04040304, 
    0x06040504, 0x08040704, 0x0a040904, 0x0d040b04, 0x0f040e04, 0x11041004, 0x13041204, 0x15041404, 0x18041604, 0x0a020600, 0x22008200, 0x82000001, 
    0x89088202, 0x00012302, 0x00850002, 0x00200787, 0x39850096, 0x0003bc08, 0x00050004, 0x00070006, 0x00090008, 0x000b000a, 0x000d000c, 0x000f000e, 
    0x00110010, 0x00130012, 0x00150014, 0x00170016, 0x00190018, 0x001b001a, 0x001d001c, 0x001f001e, 0x00210020, 0x00230022, 0x00250024, 0x00270026, 
    0x00290028, 0x002b002a, 0x002d002c, 0x002f002e, 0x00310030, 0x00330032, 0x00350034, 0x00370036, 0x00390038, 0x003b003a, 0x003d003c, 0x003f003e, 
    0x00410040, 0x00430042, 0x00450044, 0x00470046, 0x00490048, 0x004b004a, 0x004d004c, 0x004f004e, 0x00510050, 0x00530052, 0x00550054, 0x00570056, 
    0x00590058, 0x005b005a, 0x005d005c, 0x005f005e, 0x82610060, 0x849208d9, 0x87008500, 0x91008900, 0x9c009600, 0xa000a100, 0xa400a200, 0xa500a300, 
    0xa900a700, 0xaa00a800, 0xad00ab00, 0xae00ac00, 0xb100af00, 0xb200b300, 0xb600b400, 0xba00b500, 0xbb00b900, 0xaa08bc00, 0x63007000, 0x68006400, 
    0x7600ac08, 0x6e009f00, 0x35096a00, 0x69007400, 0x8600240a, 0xe4099800, 0x280a7100, 0x6600290a, 0xc8097500, 0xd509d709, 0xf1097c0c, 0x7a006b00, 
    0xa600c90b, 0x7f00b800, 0x6d006200, 0x3005e009, 0xcc090c0a, 0x7b006c00, 0x9582b008, 0x00804808, 0x04950083, 0x08f004ef, 0x089e089d, 0x08a708a6, 
    0x00a308a2, 0x00ce0cb7, 0x081605bf, 0x081909c6, 0x06bc08ba, 0x08460645, 0x087700ab, 0x08a808a4, 0x008200b2, 0x0081008a, 0x0088008b, 0x008e008d, 
    0x008c008f, 0x82940093, 0x00923c4b, 0x009b009a, 0x06cd0499, 0x00930687, 0x068f066f, 0x00910690, 0x06940678, 0x82880692, 0x0224221f, 0x830582b9, 
    0x82542002, 0x20038b04, 0x240f8284, 0x010000b8, 0x8203820c, 0x10022529, 0x9c020000, 0xbc240382, 0x04030000, 0x4c200382, 0xa4200382, 0xdc240382, 
    0x0c040000, 0x30200382, 0x50200382, 0xa0230382, 0x82050000, 0x4405210f, 0xa8240782, 0x10060000, 0x68200382, 0xc4240382, 0x28070000, 0x70200382, 
    0xec230382, 0x82080000, 0x8208202b, 0xc8082563, 0x14090000, 0x0f820382, 0x82980921, 0x291b8207, 0x00005c0a, 0x0000b40a, 0x03821c0b, 0x03827820, 
    0x0c202382, 0x0c202382, 0x0c209f82, 0x0d257f82, 0x0d000008, 0x82038240, 0xe40d253f, 0x180e0000, 0x57820382, 0x00d00e25, 0x822c0f00, 0x827c2003, 
    0x00e02303, 0x83821000, 0x47821020, 0x53821020, 0x003c1125, 0x82941100, 0x00f82303, 0x8f821200, 0x47821220, 0x5f821320, 0x00581324, 0xc7821300, 
    0x2f821320, 0x47821420, 0x27821420, 0x00641424, 0x37821400, 0x67821520, 0x1f821520, 0x1f821520, 0x00fc1525, 0x82401600, 0x829c2003, 0x202b8203, 
    0x202b8217, 0x28a78217, 0x0000ac17, 0x0000dc17, 0x20778218, 0x20778218, 0x25838218, 0x00002019, 0x03826c19, 0x0000b024, 0x03820c1a, 0x03825020, 
    0x1a203782, 0x1b248782, 0x1b000044, 0x1b204f82, 0x1c254f82, 0x1c00004c, 0x240382a8, 0x1d0000d8, 0x20038234, 0x8203826c, 0x821d2027, 0x681e29a3, 
    0xc01e0000, 0x301f0000, 0x64230382, 0x82200000, 0x82202053, 0x8220203b, 0x142124b7, 0x82210000, 0x90212413, 0x82220000, 0x8222205f, 0x78222123, 
    0xc8230b82, 0x82230000, 0x6023211b, 0x8c230782, 0x82230000, 0x82242057, 0x5c2425cf, 0x84240000, 0xb8230382, 0x82250000, 0x8225201f, 0x8225203b, 
    0x822620a7, 0x8226201b, 0x82272013, 0x82272043, 0xcc27247b, 0x82280000, 0xa028254b, 0x10290000, 0x74200382, 0x27820382, 0x00382a25, 0x82942a00, 
    0x00f02303, 0xcb822b00, 0x33822b20, 0x00042c24, 0x0b822c00, 0x82a42c21, 0x24af8207, 0x0000542d, 0x257f822d, 0x0000282e, 0x0382882e, 0x2f20eb82, 
    0x2f207782, 0x30203f82, 0x30205382, 0x31242782, 0x31000008, 0x31246782, 0x320000d4, 0x32207b82, 0x33201382, 0x33207b82, 0x33249b82, 0x340000e8, 
    0x34204f82, 0x3520df82, 0x35206f82, 0x36251b82, 0x36000018, 0x23038270, 0x370000d0, 0x37252f82, 0x380000a8, 0x2003821c, 0x8203828c, 0x823920ab, 
    0x8239203b, 0x98392477, 0x823a0000, 0x803a210b, 0xe8230782, 0x823b0000, 0xc03b2447, 0x823c0000, 0x823c2033, 0xe03c2533, 0x343d0000, 0xc3820382, 
    0x00f43d24, 0x97823e00, 0x1f823e20, 0x002c3f24, 0x7b823f00, 0x13823f20, 0x00604025, 0x82ac4000, 0x00fc2303, 0x1f824100, 0x87824120, 0x7f824220, 
    0x00684224, 0x6b824200, 0x5f824320, 0x004c4324, 0x97824300, 0x4f824320, 0x00244424, 0x6f824400, 0x0b824420, 0x5b824520, 0x67824520, 0x00004624, 
    0x2f824600, 0x82a04621, 0x00f02307, 0x7f824700, 0x829c4721, 0x28938207, 0x00004848, 0x0000b048, 0x21478249, 0x07827449, 0x0000c823, 0x2037824a, 
    0x2493824a, 0x0000d44a, 0x204f824b, 0x2517824b, 0x0000c44b, 0x0382144c, 0x4c218382, 0x24078288, 0x4d0000b8, 0x82038204, 0x824d20e7, 0xd04d256f, 
    0x204e0000, 0xaf820382, 0x5b824e20, 0x2b824f20, 0xc3824f20, 0x17824f20, 0x001c5025, 0x82705000, 0x24438203, 0x00001051, 0x20438251, 0x20738251, 
    0x24df8251, 0x00005852, 0x24d38252, 0x00004053, 0x20fb8253, 0x207b8254, 0x241b8254, 0x00003055, 0x24d38255, 0x00003856, 0x24478256, 0x00000857, 
    0x20678257, 0x20238257, 0x24cf8258, 0x00002c58, 0x20978258, 0x20878258, 0x20c78258, 0x202f8259, 0x200f8259, 0x204b8259, 0x2063825a, 0x20ef825a, 
    0x206f825a, 0x207b825b, 0x247b825b, 0x0000cc5b, 0x209f825c, 0x200b825c, 0x2023825c, 0x20d7825d, 0x244f825d, 0x0000e05d, 0x2017825e, 0x200b825e, 
    0x242f825e, 0x00000c5f, 0x2160825f, 0x0782ac5f, 0x0000fc24, 0x03825060, 0x0382a820, 0x0000f823, 0x84eb8261, 0x21678203, 0x0f829461, 0x0382c820, 
    0x62207b82, 0x62206382, 0x62242782, 0x62000098, 0x62245b82, 0x630000f0, 0x63214382, 0x2307828c, 0x640000d4, 0x6420bb82, 0x64201f82, 0x64201f82, 
    0x6524f382, 0x65000018, 0x65200f82, 0x6520d782, 0x66259782, 0x66000028, 0x8203825c, 0xec6625ef, 0x48670000, 0x8f820382, 0x5f826720, 0xcb826820, 
    0x006c6828, 0x00b46800, 0x0b826900, 0x37826920, 0x9b826920, 0x73826a20, 0x003c6a24, 0x8b826a00, 0x0f836a20, 0x6b249f82, 0x6b00002c, 0x6b200f82, 
    0x6c208382, 0x6c256382, 0x6c00007c, 0x820382b0, 0x446d251b, 0xa06d0000, 0xaf820382, 0x0b826e20, 0x0b826e20, 0x4f826f20, 0x0b826f20, 0x00906f25, 
    0x82007000, 0x20778203, 0x20838270, 0x20838270, 0x200b8271, 0x240b8271, 0x00001472, 0x249b8272, 0x0000b872, 0x200b8273, 0x20b38273, 0x206f8273, 
    0x24d38274, 0x00007874, 0x204f8274, 0x209f8275, 0x24eb8275, 0x0000c075, 0x20df8275, 0x20978276, 0x20508276, 0x20338276, 0x257b8276, 0x00004077, 
    0x03829c77, 0x0000d023, 0x21978278, 0x07826078, 0x7924a382, 0x79000004, 0x79200b82, 0x7a200b82, 0x7a20bb82, 0x7a203382, 0x7a207382, 0x7b247f82, 
    0x7b000034, 0x7b249782, 0x7c0000d8, 0x7c200b82, 0x7d200b82, 0x7d20a382, 0x7d209782, 0x7e202382, 0x7e203b82, 0x7e203b82, 0x7f205382, 0x7f203b82, 
    0x80245f82, 0x8000000c, 0x80242782, 0x810000c4, 0x81210b82, 0x82078254, 0x108225ff, 0x58820000, 0xb4230382, 0x82830000, 0x8083210b, 0xc8240782, 
    0x24840000, 0x0b820382, 0x00f08425, 0x824c8500, 0x20878203, 0x201f8286, 0x20138286, 0x205f8287, 0x24138287, 0x0000a887, 0x210b8288, 0x07827488, 
    0x89206b82, 0x8920cb82, 0x8a205382, 0x8a209382, 0x8b201b82, 0x8b201b82, 0x8b251b82, 0x8c0000e4, 0x82038268, 0x5c8d28af, 0xe08d0000, 0x828e0000, 
    0x948e2117, 0xcc240782, 0x388f0000, 0xdf820382, 0x63828f20, 0x00f48f24, 0x47829000, 0x828c9021, 0x24eb8207, 0x00002091, 0x203b8291, 0x209f8291, 
    0x207f8292, 0x24c38292, 0x0000dc92, 0x25338293, 0x00009893, 0x03821494, 0x9420f782, 0x94204b82, 0x95201782, 0x95241782, 0x95000084, 0x96207382, 
    0x96208782, 0x97242f82, 0x97000000, 0x97242382, 0x980000a4, 0x98200b82, 0x98206b82, 0x9920af82, 0x99206782, 0x9a20af82, 0x9a202782, 0x9a256f82, 
    0x9b0000c0, 0x2003820c, 0x23038258, 0x9c0000b8, 0x9c202b82, 0x9c20af82, 0x9d240b82, 0x9d000028, 0x9d203782, 0x9e24af82, 0x9e000024, 0x9e206382, 
    0x9f24ab82, 0x9f000050, 0xa0243782, 0xa0000030, 0xa024a382, 0xa10000fc, 0xa1203382, 0xa2203382, 0xa2203382, 0xa2207f82, 0xa320c782, 0xa3201382, 
    0xa4203b82, 0xa4252f82, 0xa50000ac, 0x8203821c, 0x82a62073, 0x82a620d3, 0x18a724bb, 0x82a70000, 0x82a720a3, 0x64a82423, 0x82a80000, 0xe0a824a8, 
    0x82a90000, 0x82a92043, 0x82a9206b, 0x82aa2017, 0x82aa200b, 0x82aa200b, 0x54ab2477, 0x82ab0000, 0xf8ab24a0, 0x82ac0000, 0xc4ac250b, 0x20ad0000, 
    0x6f820382, 0xb782ae20, 0x2782ae20, 0x3382ae20, 0x3382af20, 0x0074af24, 0xef82af00, 0xef82b020, 0x3382b020, 0xe382b120, 0x007cb124, 0x2782b200, 
    0x9782b220, 0x2782b220, 0x003cb324, 0xc782b300, 0x0034b428, 0x00a4b400, 0x3782b500, 0x00acb525, 0x8244b600, 0x24a78203, 0x0000e8b6, 0x200b82b7, 
    0x20e382b7, 0x24b382b8, 0x000080b8, 0x291382b8, 0x000058b9, 0x0000dcb9, 0x038238ba, 0x0000a823, 0x20c782bb, 0x206382bb, 0x206382bc, 0x248b82bc, 
    0x000014bd, 0x244782bd, 0x000008be, 0x24d782be, 0x0000d4be, 0x244782bf, 0x0000c8bf, 0x243382c0, 0x0000bcc0, 0x249782c1, 0x0000d8c1, 0x20ff82c2, 
    0x208b82c2, 0x201f82c3, 0x281f82c3, 0x000060c4, 0x0000e4c4, 0x20ab82c5, 0x204782c6, 0x202b82c6, 0x240782c7, 0x000070c7, 0x25cf82c7, 0x00001cc8, 
    0x03826cc8, 0xc9202b82, 0xc9200b82, 0xc9205f82, 0xc9246b82, 0xca0000f8, 0xca204382, 0xca207f82, 0xcb206f82, 0xcb241b82, 0xcb000074, 0xcb25bb82, 
    0xcc0000f4, 0x82038254, 0x04cd240b, 0x82cd0000, 0x82cd20bf, 0xf0cd25ef, 0x3cce0000, 0xeb820382, 0x00e0ce25, 0x8230cf00, 0x20e38203, 0x24db82cf, 
    0x00002cd0, 0x200b82d0, 0x240b82d0, 0x000020d1, 0x204b82d1, 0x20a782d1, 0x208b82d2, 0x20a382d2, 0x207382d2, 0x245782d2, 0x00004cd3, 0x240b82d3, 
    0x0000fcd3, 0x210b82d4, 0x07829cd4, 0xd5240b82, 0xd500005c, 0xd620bb82, 0xd6208782, 0xd620cb82, 0xd7243b82, 0xd7000018, 0xd7249f82, 0xd80000ec, 
    0xd8205f82, 0xd820c782, 0xd8203b82, 0xd9258782, 0xd9000034, 0x82038278, 0x82d920a3, 0x82da2057, 0x68da241f, 0x82da0000, 0x82da20a7, 0x82db209b, 
    0x58db2547, 0x94db0000, 0xd8230382, 0x82dc0000, 0x82dc204b, 0x98dc210f, 0xfb820b82, 0x0038dd24, 0x3f82dd00, 0x82b8dd21, 0x250f8207, 0x000040de, 
    0x038288de, 0x0000d023, 0x202b82df, 0x202b82df, 0x202b82df, 0x201b82df, 0x202b82e0, 0x202b82e0, 0x202b82e0, 0x200f82e0, 0x200f82e1, 0x250f82e1, 
    0x0000c0e1, 0x038208e2, 0x03824820, 0x0000a823, 0x203782e3, 0x20f782e3, 0x244382e3, 0x000020e4, 0x24bb82e4, 0x00000ce5, 0x245782e5, 0x000000e6, 
    0x209f82e6, 0x248b82e6, 0x000028e7, 0x243f82e7, 0x0000c8e7, 0x201f82e8, 0x216b82e8, 0x0b82a0e8, 0xe9245b82, 0xe900005c, 0xea20e382, 0xea205782, 
    0xea201782, 0xeb207382, 0xeb20cb82, 0xeb202f82, 0xec202f82, 0xec20e782, 0xec204f82, 0xed20f782, 0xed283b82, 0xed000064, 0xee0000cc, 0xee201782, 
    0xee202382, 0xef24fb82, 0xef000030, 0xef248782, 0xf00000c4, 0xf0204782, 0xf0205382, 0xf025cb82, 0xf10000e8, 0x2003823c, 0x82038270, 0x82f2204b, 
    0x82f22027, 0x82f220a3, 0x82f32093, 0x82f320bb, 0xbcf3244b, 0x82f40000, 0x54f421ab, 0x9c200782, 0x93820382, 0x0b82f520, 0x00a4f524, 0x1782f600, 
    0x4b82f620, 0x8294f621, 0x2573820b, 0x000004f7, 0x038244f7, 0x03828420, 0xf8206b82, 0xf8200f82, 0xf820b382, 0xf824cb82, 0xf90000f0, 0xf9216b82, 
    0x2307828c, 0xfa0000d4, 0xfa205f82, 0xfa203b82, 0xfa244782, 0xfb0000ec, 0xfb201b82, 0xfb20c782, 0xfc251b82, 0xfc000020, 0x8203826c, 0x82fd2087, 
    0x50fd24af, 0x82fd0000, 0xa8fd21cb, 0xcf820782, 0x004cfe24, 0x8b82fe00, 0x00f4fe24, 0xb382ff00, 0x2b82ff20, 0x4782ff20, 0x00f4ff25, 0x822c0001, 
    0x826c2003, 0x82cc2003, 0x250f8203, 0x01006401, 0x03829401, 0x0100d024, 0x03820402, 0x03825420, 0x03828820, 0x0100d423, 0x212b8203, 0x07829803, 
    0x0100e824, 0x03824004, 0x03828c20, 0x05252782, 0x0501001c, 0x2303827c, 0x060100d8, 0x06252f82, 0x070100c8, 0x20038230, 0x24038290, 0x080100ec, 
    0x23038248, 0x090100a0, 0x09212782, 0x23078278, 0x0a0100f8, 0x0a252782, 0x0b0100b0, 0x20038214, 0x82038258, 0x820b2057, 0x240c252b, 0x800c0100, 
    0xc0200382, 0x27820382, 0x27820d20, 0x00a80d29, 0x00fc0d01, 0x82700e01, 0x20878203, 0x2897820f, 0x01005c0f, 0x0100c40f, 0x20538210, 0x21bf8210, 
    0x0b82a410, 0x0100dc23, 0x214f8211, 0x07824c11, 0x03829c20, 0x0100d824, 0x03821812, 0x12202b82, 0x12247f82, 0x130100e0, 0x13215f82, 0x82078268, 
    0x82132053, 0x8214206f, 0x8214209b, 0x8214201b, 0x8215203b, 0x8215204b, 0x8215208b, 0x8215208b, 0x8216203b, 0x841624ef, 0x82160100, 0x3417251b, 
    0x88170100, 0x33820382, 0x00441824, 0x5f821801, 0x00f01825, 0x82401901, 0x25e78203, 0x0100e419, 0x0382381a, 0x03828c20, 0x1b200b82, 0x1b202f82, 
    0x1b204782, 0x1c20b782, 0x1c208f82, 0x1c202f82, 0x1d20cf82, 0x1d20cf82, 0x1d202382, 0x1e203b82, 0x1e242382, 0x1e010078, 0x1f206b82, 0x1f247b82, 
    0x1f010060, 0x1f24c782, 0x200100e8, 0x20207b82, 0x2021ef82, 0x820b82b0, 0x3021242b, 0x82210100, 0x8221200f, 0x2822241b, 0x82220100, 0x822220c3, 
    0x822220c3, 0x8223200f, 0x8223201b, 0x082424c3, 0x82240100, 0x82242083, 0x82242027, 0x8224201b, 0x82252087, 0x82252057, 0x82252073, 0x822520bb, 
    0x1426240f, 0x82260100, 0x822620bf, 0xd02624d7, 0x82270100, 0x8027214b, 0x83820782, 0x73822820, 0xb3822820, 0x00e02824, 0x53822901, 0x9b822920, 
    0x00c82924, 0x43822a01, 0x0b822a20, 0x00cc2a24, 0x23822b01, 0x3b822b20, 0xcb822b20, 0xd7822c20, 0x00b42c24, 0x77822d01, 0x00942d25, 0x82182e01, 
    0x82742003, 0x00c02303, 0x13822f01, 0xcf822f20, 0xbf822f20, 0x00203024, 0x63823001, 0x6f823020, 0x6f823120, 0x4b823120, 0x8b823120, 0x003c3224, 
    0x6f823201, 0x00043324, 0x2b823301, 0x37823320, 0x00243424, 0x1f823401, 0x8f823420, 0x6b823520, 0x008c3529, 0x00ec3501, 0x82503601, 0x82ac2003, 
    0x259b8203, 0x01001037, 0x03826c37, 0x38204f82, 0x38209b82, 0x38257382, 0x390100bc, 0x82038200, 0x82392027, 0x823a20fb, 0xa03a2967, 0xf43a0100, 
    0x403b0100, 0xb8230382, 0x823c0100, 0x9c3c244f, 0x823d0100, 0x823d206f, 0x823d203f, 0x543e24cf, 0x823e0100, 0x823f206b, 0x823f207f, 0x8240205b, 
    0x82402093, 0xe84024cb, 0x82410100, 0x484121cf, 0x5f820782, 0x4b824120, 0x53824220, 0x07824220, 0x67824320, 0x37824320, 0x67824320, 0x00fc4325, 
    0x82384401, 0x82702003, 0x82b42003, 0x00f02403, 0x82584501, 0x208f8203, 0x204b8246, 0x20b38246, 0x20ff8247, 0x20c78247, 0x20838247, 0x20cb8247, 
    0x24b38248, 0x01004c48, 0x202f8248, 0x202f8248, 0x20578249, 0x20338249, 0x24778249, 0x0100084a, 0x209b824a, 0x20db824a, 0x20e7824b, 0x255b824b, 
    0x0100644b, 0x0382c84b, 0x4c203b82, 0x4c204b82, 0x4c247b82, 0x4c01007c, 0x4d25b782, 0x4d010030, 0x23038298, 0x4e0100f8, 0x4e20e782, 0x4e209382, 
    0x4f259382, 0x4f010034, 0x82038290, 0x824f2073, 0x245024d7, 0x82500100, 0x82502047, 0xd45024ff, 0x82510100, 0x8251201f, 0x825120f3, 0xc451213b, 
    0x87820f82, 0x3f825220, 0x00885224, 0x83825301, 0x07835320, 0x53203b82, 0x54207382, 0x5420ab82, 0x5420bf82, 0x55203782, 0x55206f82, 0x55209f82, 
    0x5524bb82, 0x560100e4, 0x5620a382, 0x56201382, 0x56204b82, 0x56254b82, 0x570100f4, 0x8203822c, 0x8257206b, 0x1858248b, 0x82580100, 0xa45824af, 
    0x82590100, 0x825920e7, 0x82592053, 0x1c5a256b, 0x785a0100, 0x47820382, 0x00045b25, 0x825c5b01, 0x82ac2003, 0x24c78203, 0x01003c5c, 0x242f825c, 
    0x0100005d, 0x24e7825d, 0x0100e85d, 0x2083825e, 0x2013825e, 0x200b825e, 0x2047825f, 0x2417825f, 0x0100d05f, 0x206b8260, 0x20ab8260, 0x282b8261, 
    0x01006861, 0x0100c061, 0x20938262, 0x207f8262, 0x206b8262, 0x24cb8263, 0x01005863, 0x25f78263, 0x0100dc63, 0x03824464, 0x65250b82, 0x6501000c, 
    0x82038270, 0x826620a3, 0xc866256f, 0x38670100, 0x1b820382, 0xc3826720, 0x27826820, 0x00a06824, 0xab826801, 0x7b826920, 0x0b826920, 0x9b826920, 
    0x0b826a20, 0xb3826a20, 0x00146b24, 0x37826b01, 0x3f826b20, 0x00206c25, 0x82906c01, 0x00fc2303, 0x6b826d01, 0x00bc6d25, 0x82246e01, 0x20af8203, 
    0x247f826f, 0x0100606f, 0x207b826f, 0x243b8270, 0x0100d870, 0x20238271, 0x200f8271, 0x20078272, 0x252b8272, 0x01001c73, 0x03828c73, 0x0100e824, 
    0x03825c74, 0x75241382, 0x75010030, 0x76208b82, 0x7620d782, 0x76242782, 0x770100d4, 0x77209382, 0x78201b82, 0x78201b82, 0x79208f82, 0x79285b82, 
    0x7901007c, 0x7a0100ec, 0x7a24ef82, 0x7b0100e4, 0x7b202382, 0x7b207782, 0x7c200b82, 0x7c245782, 0x7d010098, 0x7d20eb82, 0x7d251f82, 0x7e0100b0, 
    0x24038228, 0x7f010094, 0x82038204, 0x827f2013, 0x827f2077, 0x827f20cf, 0x8280207b, 0x848025c7, 0xc4800100, 0xcb820382, 0x67828120, 0x00788124, 
    0x87828101, 0x7f828120, 0x00188225, 0x82688201, 0x82882003, 0x00c02303, 0x43828301, 0x82488321, 0x20fb8207, 0x24838283, 0x01001484, 0x20e38284, 
    0x249b8284, 0x0100e084, 0x213f8285, 0x07828085, 0x86202b82, 0x86243b82, 0x86010070, 0x86249b82, 0x870100f8, 0x8720a782, 0x87211b82, 0x820b82b8, 
    0x1088243b, 0x82880100, 0x82882013, 0x828920a3, 0x8289202b, 0x828a20a3, 0x6c8a24b7, 0x828a0100, 0x248b248f, 0x828b0100, 0xf08b25ab, 0x5c8c0100, 
    0x13820382, 0xaf828d20, 0x13828d20, 0x00008e24, 0x27828e01, 0x00cc8e24, 0x73828f01, 0x82848f21, 0x24ff8207, 0x01005090, 0x20278290, 0x20578291, 
    0x20c38291, 0x28278292, 0x01005492, 0x0100bc92, 0x204f8293, 0x24138293, 0x01001c94, 0x206b8294, 0x204b8295, 0x209b8295, 0x207b8296, 0x20978296, 
    0x20a38296, 0x20eb8297, 0x24538297, 0x01002898, 0x24138298, 0x0100d098, 0x215f8299, 0x07828899, 0x0100d423, 0x21ef829a, 0x0782749a, 0x0100c823, 
    0x20bf829b, 0x2097829b, 0x2043829b, 0x2427829b, 0x0100349c, 0x250b829c, 0x0100049d, 0x0382589d, 0x9e202382, 0x9e204782, 0x9e202f82, 0x9f207f82, 
    0x9f208b82, 0x9f209782, 0x9f20ab82, 0xa0206382, 0xa0203f82, 0xa024af82, 0xa0010090, 0xa1205b82, 0xa1205b82, 0xa1207382, 0xa2208782, 0xa2205782, 
    0xa3202382, 0xa3245382, 0xa40100ac, 0xa421b382, 0x23078278, 0xa50100e8, 0xa5244382, 0xa60100b0, 0xa624b782, 0xa7010098, 0xa7203782, 0xa8205382, 
    0xa8205f82, 0xa820bf82, 0xa9243782, 0xa9010038, 0xaa245782, 0xaa01000c, 0xaa241382, 0xab0100e0, 0xab243782, 0xac0100b8, 0xac249382, 0xad0100a0, 
    0xad203f82, 0xad202382, 0xae206f82, 0xae245b82, 0xaf0100f4, 0xaf216f82, 0x8207827c, 0x24b024cf, 0x82b00100, 0x82b0203b, 0x82b1206b, 0x82b1200b, 
    0x82b1206b, 0x82b2202b, 0x82b220db, 0x4cb329db, 0xc0b30100, 0x2cb40100, 0x9c230382, 0x82b50100, 0x82b520cf, 0x82b52087, 0x82b6206b, 0x82b6207f, 
    0x82b72063, 0x82b7209b, 0x82b720d3, 0x60b8245b, 0x82b80100, 0x82b92037, 0x82b9202f, 0x82b9202f, 0x6cba284b, 0xdcba0100, 0x82bb0100, 0x74bb218b, 
    0x3b820782, 0x0048bc29, 0x00a8bc01, 0x8204bd01, 0x206b8203, 0x20ff82bd, 0x204782be, 0x20a382be, 0x202b82be, 0x20a382bf, 0x208b82bf, 0x205382bf, 
    0x259f82c0, 0x0100bcc0, 0x038220c1, 0x03829420, 0xc2203f82, 0xc2201f82, 0xc3203382, 0xc3201382, 0xc3293382, 0xc30100b4, 0xc40100fc, 0x23038264, 
    0xc50100c4, 0xc5205782, 0xc5208b82, 0xc620d782, 0xc6207782, 0xc6247782, 0xc70100cc, 0xc724b382, 0xc8010090, 0xc8201f82, 0xc8209782, 0xc9202b82, 
    0xc920ab82, 0xca246b82, 0xca010008, 0xca203f82, 0xcb20bf82, 0xcb20e782, 0xcb287782, 0xcb0100a4, 0xcc0100f8, 0xcc203782, 0xcc253782, 0xcd0100e8, 
    0x82038254, 0x00ce25bb, 0x5cce0100, 0xc0230382, 0x82cf0100, 0x82cf202f, 0xd8cf2563, 0x3cd00100, 0xb8230382, 0x82d10100, 0x7cd1219b, 0x13820782, 
    0x0030d225, 0x8280d201, 0x208f8203, 0x203782d3, 0x253782d3, 0x01008cd3, 0x038224d4, 0xd5242b82, 0xd5010044, 0xd6208382, 0xd6201b82, 0xd6207782, 
    0xd7209782, 0xd720e382, 0xd8207f82, 0xd8295b82, 0xd8010084, 0xd90100dc, 0x23038228, 0xda010094, 0xda20ab82, 0xda25f782, 0xdb0100e4, 0x8203824c, 
    0x82dc202f, 0x82dc201b, 0x82dd2043, 0x82dd20db, 0xe0dd256b, 0x50de0100, 0x43820382, 0x001cdf24, 0x1b82df01, 0x1b82e020, 0xa782e020, 0x3782e020, 
    0x3782e120, 0x00b4e124, 0x4b82e201, 0x8b82e220, 0x0782e320, 0x7b82e320, 0x8f82e320, 0x4b82e420, 0xef82e420, 0x3782e520, 0x3f82e520, 0xa782e620, 
    0x0783e620, 0x0100fc23, 0x24d382e7, 0x0100f0e7, 0x20c382e8, 0x206382e8, 0x240782e9, 0x0100bce9, 0x20ef82ea, 0x253382ea, 0x0100f4ea, 0x038264eb, 
    0x0100d823, 0x20d782ec, 0x20f382ec, 0x20ff82ed, 0x247f82ed, 0x010014ee, 0x206b82ee, 0x206b82ef, 0x244782ef, 0x0100e8ef, 0x257382f0, 0x0100d0f0, 
    0x038248f1, 0x0382a820, 0xf2246382, 0xf2010058, 0xf3200b82, 0xf3208782, 0xf4207782, 0xf4207f82, 0xf5203f82, 0xf5206382, 0xf6243f82, 0xf6010010, 
    0xf620c782, 0xf720c782, 0xf7252b82, 0xf80100c8, 0x82038238, 0x82f920cf, 0x60f92423, 0x82f90100, 0x34fa240b, 0x82fa0100, 0x82fb2047, 0x78fb2477, 
    0x82fb0100, 0x82fc2067, 0xacfc2413, 0x82fd0100, 0x88fd21db, 0xc3820782, 0xa782fe20, 0x00a0fe24, 0x7b82fe01, 0x3b82ff20, 0x00c8ff25, 0x82480002, 
    0x00c42403, 0x823c0102, 0x00a42403, 0x82040202, 0x82682003, 0x00dc2403, 0x82400302, 0x82a82003, 0x00f02403, 0x825c0402, 0x82b42003, 0x00ec2403, 
    0x824c0502, 0x25178203, 0x02000c06, 0x03827c06, 0x072c1382, 0x07020034, 0x08020088, 0x08020000, 0x08252b82, 0x090200ac, 0x20038210, 0x24038274, 
    0x0a0200d8, 0x2003821c, 0x82038284, 0x200b2457, 0x820b0200, 0xd40b242b, 0x820c0200, 0x820c2077, 0xf40c250b, 0x300d0200, 0x57820382, 0x0b820d20, 
    0x00380e28, 0x00b00e02, 0x43820f02, 0x8f820f20, 0x00cc0f24, 0x6f821002, 0x0b821020, 0x00c01024, 0x4f821102, 0x82801121, 0x00d02307, 0x0b821202, 
    0x828c1221, 0x24a78207, 0x02004413, 0x25438213, 0x02001414, 0x03825414, 0x17820b83, 0x00581524, 0x4f821502, 0xdf821620, 0x006c1629, 0x00bc1602, 
    0x82281702, 0x82982003, 0x00e42303, 0xbf821802, 0x43821820, 0x00e01824, 0xdf821902, 0x17821920, 0x17821920, 0x00401a24, 0x0b821a02, 0x00f81a24, 
    0x4f821b02, 0x00b41b24, 0x43821c02, 0x87821c20, 0x87821c20, 0x67821d20, 0x0b821d20, 0x4f821d20, 0x0b821e20, 0xe3821e20, 0x00ec1e24, 0x6f821f02, 
    0x00c81f24, 0xb3822002, 0x6f822020, 0x0b822020, 0xa7822120, 0x1f822120, 0x57822120, 0xeb822220, 0x6f822220, 0x9b822220, 0x7b822320, 0x00602325, 
    0x82942302, 0x201b8203, 0x241b8224, 0x02006424, 0x20f38224, 0x24338225, 0x02007425, 0x20e78225, 0x200b8226, 0x256b8226, 0x0200b826, 0x03821027, 
    0x27202382, 0x28247782, 0x28020024, 0x28200b82, 0x2820eb82, 0x29254f82, 0x29020038, 0x20038288, 0x240382c4, 0x2a0200fc, 0x23038250, 0x2b0200a4, 
    0x2b203382, 0x2b204b82, 0x2c208b82, 0x2c289782, 0x2c02005c, 0x2d0200a0, 0x2d21cf82, 0x82078248, 0xdc2d258f, 0x382e0200, 0x0b820382, 0x00d42e25, 
    0x82282f02, 0x20b38203, 0x2433822f, 0x02004430, 0x24478230, 0x0200f830, 0x20df8231, 0x209f8231, 0x24938232, 0x02007032, 0x20878232, 0x20ff8233, 
    0x205f8233, 0x20ab8233, 0x20d38234, 0x20438234, 0x200b8234, 0x249f8235, 0x02007835, 0x203b8235, 0x208f8235, 0x243b8236, 0x0200b836, 0x24178237, 
    0x02009837, 0x20978238, 0x20438238, 0x202b8238, 0x24638239, 0x0200b039, 0x214b823a, 0x07826c3a, 0x0200ec23, 0x208f823b, 0x20cf823b, 0x209b823b, 
    0x202b823c, 0x203f823c, 0x2037823c, 0x202f823c, 0x20c7823d, 0x29df823d, 0x0200943d, 0x0200e83d, 0x03822c3e, 0x3e20cb82, 0x3e218782, 0x820b829c, 
    0xf43e24b7, 0x823f0200, 0x823f2013, 0xf03f250f, 0x3c400200, 0x1f820382, 0x82b44021, 0x20438207, 0x20638240, 0x24578241, 0x02003041, 0x21738241, 
    0x07829041, 0x0382c420, 0x42254f82, 0x42020018, 0x82038240, 0x824220bf, 0x82422097, 0x82432083, 0x824320db, 0x82432027, 0x824320f3, 0x5444240f, 
    0x82440200, 0x82452067, 0x82452027, 0x82462063, 0x8246204b, 0x824620cf, 0x82472057, 0x8247209b, 0x8248204b, 0x644824d7, 0x82480200, 0x1c49240b, 
    0x82490200, 0x8249204f, 0x824a207b, 0x824a204b, 0xf84a24bb, 0x824b0200, 0x824b20d7, 0x824c201f, 0x5c4c24c3, 0x824c0200, 0x824d209f, 0x844d280b, 
    0xfc4d0200, 0x824e0200, 0xd84e253f, 0x4c4f0200, 0xcc230382, 0x82500200, 0xe4502407, 0x82510200, 0x6851214f, 0xb8230782, 0x82520200, 0x825220c3, 
    0x82522083, 0x825320f3, 0x98532473, 0x82530200, 0x825420c7, 0xa854242b, 0x82540200, 0x245524a7, 0x82550200, 0x8255207f, 0x82562017, 0x825620bb, 
    0x14572467, 0x82570200, 0x8257205f, 0x2858250b, 0x8c580200, 0xef820382, 0xff825920, 0xcb825920, 0x67825920, 0x4f825a20, 0x8b825a20, 0x00c05a24, 
    0x2f825b02, 0x2f825b20, 0x82ac5b21, 0x00f0230b, 0x53825c02, 0x82745c21, 0x201b8207, 0x24b3825d, 0x0200905d, 0x2083825d, 0x20ff825e, 0x2447825e, 
    0x02000c5f, 0x2073825f, 0x20f3825f, 0x2077825f, 0x20178260, 0x253b8260, 0x02002061, 0x03828061, 0x6220ff82, 0x62204f82, 0x6320df82, 0x63209382, 
    0x64252782, 0x64020058, 0x2403827c, 0x650200ec, 0x82038260, 0x82662013, 0xa0662583, 0x08670200, 0x2f820382, 0x00c46725, 0x82346802, 0x20978203, 
    0x20ff8268, 0x20bb8269, 0x25678269, 0x0200fc69, 0x03825c6a, 0x0200d423, 0x208f826b, 0x24fb826b, 0x0200106c, 0x20d7826c, 0x2097826c, 0x20af826d, 
    0x2847826d, 0x02001c6e, 0x02009c6e, 0x201b826f, 0x2007826f, 0x20078270, 0x247f8270, 0x0200a470, 0x25f38270, 0x02003071, 0x03826871, 0x0200b423, 
    0x20c38272, 0x20538272, 0x20678272, 0x20378273, 0x20b78273, 0x24b78273, 0x02007074, 0x25b78274, 0x02004075, 0x03826c75, 0x76200b82, 0x76204382, 
    0x77203382, 0x77207b82, 0x78245782, 0x78020014, 0x78209782, 0x7924c382, 0x79020048, 0x79201b82, 0x7a200b82, 0x7a200b82, 0x7b204f82, 0x7b20c382, 
    0x7c207382, 0x7c202782, 0x7c202782, 0x7d207b82, 0x7d201b82, 0x7e20df82, 0x7e208382, 0x7e207782, 0x7f201382, 0x7f250782, 0x800200bc, 0x82038220, 
    0x828020cb, 0x6481287f, 0xc0810200, 0x82820200, 0x94822143, 0xec230782, 0x82830200, 0x8283203b, 0x8284203b, 0xac842493, 0x82840200, 0x3c8524f3, 
    0x82850200, 0x8285205b, 0x8286200b, 0xb08624b3, 0x82870200, 0x828720ef, 0xcc8724b3, 0x82880200, 0xa0882467, 0x82890200, 0x908925db, 0x088a0200, 
    0x84240382, 0x048b0200, 0x38200382, 0xa7820382, 0x00288c24, 0x23828c02, 0x1b828d20, 0x008c8d24, 0x4b828d02, 0x007c8e24, 0x73828e02, 0x47828f20, 
    0x7f828f20, 0x00189024, 0x3f829002, 0xcb829120, 0x13829120, 0xe7829120, 0x002c9224, 0x13829202, 0xaf829220, 0x83829320, 0x00a49324, 0x1f829402, 
    0x4b829420, 0x07829520, 0x07829520, 0x07829620, 0x00989624, 0x3f829702, 0x00809725, 0x82009802, 0x21378203, 0x07827498, 0x0382b420, 0x99203b82, 
    0x9920c382, 0x9a203b82, 0x9a241b82, 0x9a020060, 0x9b20f782, 0x9b201382, 0x83820783, 0x00649c29, 0x00dc9c02, 0x82589d02, 0x20ff8203, 0x201b829e, 
    0x29b7829e, 0x0200249f, 0x02009c9f, 0x03820ca0, 0xa0245b82, 0xa10200f0, 0xa1252b82, 0xa20200d4, 0x82038244, 0x48a3283f, 0xbca30200, 0x82a40200, 
    0x82a420e3, 0xd8a42423, 0x82a50200, 0x82a52013, 0x82a6203f, 0x82a6203f, 0x82a620ef, 0x82a72083, 0xe0a72437, 0x82a80200, 0x82a82063, 0x4ca928db, 
    0xb0a90200, 0x82aa0200, 0x7caa21bf, 0xe8230782, 0x82ab0200, 0x82ab2053, 0x82ac20d3, 0x94ac24cb, 0x82ad0200, 0x82ad20af, 0x82ad2053, 0x34ae256f, 
    0x90ae0200, 0x27820382, 0x0050af28, 0x00a8af02, 0x5f82b002, 0x2f82b020, 0x0030b124, 0x8b82b102, 0xcb82b120, 0x4b82b220, 0xaf82b320, 0x2b82b320, 
    0x5b82b420, 0x0084b424, 0x1782b402, 0x0068b524, 0xe382b502, 0x0054b628, 0x00c8b602, 0xa382b702, 0x00ccb724, 0x0782b802, 0xf382b820, 0x1782b920, 
    0x00e4b929, 0x0074ba02, 0x8204bb02, 0x822c2003, 0x82882003, 0x00e82303, 0x6f82bc02, 0x5f82bc20, 0xe382bd20, 0x9782bd20, 0x1f82be20, 0x2782be20, 
    0xd782be20, 0x6f82bf20, 0xa782c020, 0x6782c020, 0x0782c120, 0x0f82c120, 0x6782c120, 0x0040c224, 0xa382c202, 0xcb82c320, 0x1b82c320, 0x00f0c325, 
    0x826cc402, 0x244f8203, 0x02003cc5, 0x209f82c5, 0x243f82c5, 0x020060c6, 0x208f82c6, 0x29c382c7, 0x020058c7, 0x0200bcc7, 0x038220c8, 0xc8202b82, 
    0xc9249782, 0xc902001c, 0xc9253f82, 0xca0200e0, 0x23038244, 0xcb0200ac, 0xcb21d782, 0x23078234, 0xcc0200a4, 0xcc240b82, 0xcd020098, 0xcd202782, 
    0xce200f82, 0xce25b782, 0xcf0200a0, 0x82038210, 0x0cd02463, 0x82d00200, 0x08d12407, 0x82d10200, 0xd0d12453, 0x82d20200, 0x82d220f3, 0x38d329cf, 
    0xb0d30200, 0x24d40200, 0x43820382, 0x00f4d424, 0x8f82d502, 0x7782d520, 0x8f82d620, 0xbf82d620, 0x8b82d720, 0x0782d720, 0x0f82d820, 0x00b8d824, 
    0xd782d902, 0x1f82d920, 0x004cda25, 0x8270da02, 0x00ec2403, 0x8264db02, 0x20078203, 0x290f82dc, 0x0200fcdc, 0x02007cdd, 0x038200de, 0xde20b782, 
    0xdf205382, 0xdf241f82, 0xe0020094, 0xe0208382, 0xe0241b82, 0xe10200e4, 0xe1203f82, 0xe1207382, 0xe2200b82, 0xe2240b82, 0xe30200b4, 0xe320b382, 
    0xe324a382, 0xe40200d8, 0xe425eb82, 0xe50200cc, 0x28038254, 0xe60200f0, 0xe702008c, 0x82038228, 0x82e8207b, 0x82e82013, 0x82e92037, 0x82e920ab, 
    0x58ea24cf, 0x82ea0200, 0x5ceb2433, 0x82eb0200, 0x82ec2007, 0x82ec206f, 0x68ed2833, 0xe0ed0200, 0x82ee0200, 0x82ef2097, 0x82ef208f, 0x18f02843, 
    0x9cf00200, 0x82f10200, 0x88f121d7, 0x9f820782, 0x2782f220, 0x4f82f220, 0x3f82f320, 0x4f82f320, 0x5f82f420, 0x4782f420, 0x5f82f520, 0x00e8f528, 
    0x0080f602, 0x3782f702, 0xfb82f720, 0x1782f720, 0x4f82f820, 0x0004f924, 0x4782f902, 0x9382fa20, 0x00b0fa25, 0x8248fb02, 0x00dc2703, 0x0074fc02, 
    0x1b82fd02, 0xdb82fd20, 0x002cfe24, 0x1b82fe02, 0x6b82ff20, 0x009cff25, 0x82080003, 0x00842303, 0x07820103, 0x82980121, 0x00c42407, 0x82300203, 
    0x250b8203, 0x0300f802, 0x03826003, 0x03251382, 0x040300f0, 0x20038210, 0x2303823c, 0x050300ac, 0x05212f82, 0x82078278, 0x74062417, 0x82060300, 
    0x1c072423, 0x82070300, 0xd4072513, 0x28080300, 0x68200382, 0xa8200382, 0xec240382, 0x48090300, 0x90200382, 0xf4240382, 0x580a0300, 0xb8230382, 
    0x820b0300, 0x880b2167, 0x2f820782, 0x00180c24, 0x6b820c03, 0x82a00c21, 0x00e02407, 0x82240d03, 0x20278203, 0x2057820d, 0x2057820e, 0x243b820e, 
    0x0300040f, 0x205f820f, 0x284f820f, 0x03005c10, 0x0300d810, 0x20578211, 0x258f8211, 0x0300fc11, 0x03825012, 0x12205782, 0x13209382, 0x13207f82, 
    0x13201b82, 0x14243f82, 0x1403002c, 0x15208782, 0x15201382, 0x16241f82, 0x1603000c, 0x16249b82, 0x170300c0, 0x17216782, 0x200782a4, 0x820382c8, 
    0x1418259b, 0x38180300, 0x5f820382, 0x82841821, 0x82ac2007, 0x205b8203, 0x20f78219, 0x24338219, 0x03009419, 0x20378219, 0x20838219, 0x2457821a, 
    0x03006c1a, 0x245b821a, 0x0300e81a, 0x215f821b, 0x0782801b, 0x1b206382, 0x1c201f82, 0x1c256782, 0x1c030040, 0x82038270, 0x821d20bf, 0x821d20c7, 
    0x7c1d250f, 0xd01d0300, 0x6f820382, 0x00301e24, 0x67821e03, 0x82bc1e21, 0x25b78207, 0x0300181f, 0x03824c1f, 0x03829c20, 0x20200f82, 0x20208f82, 
    0x2020c782, 0x20203382, 0x2120a382, 0x21201f82, 0x21204382, 0x21208b82, 0x22246782, 0x22030000, 0x22201f82, 0x23203f82, 0x2324cb82, 0x2303008c, 
    0x24255b82, 0x24030034, 0x20038274, 0x820382b4, 0x8225209b, 0x82252033, 0xd825259b, 0x54260300, 0xd7820382, 0x17822620, 0x00182725, 0x82782703, 
    0x25c38203, 0x0300e427, 0x03822028, 0x28205b82, 0x28204782, 0x29206f82, 0x29209f82, 0x29241f82, 0x290300b0, 0x2a208f82, 0x2a25e382, 0x2a03005c, 
    0x240382a0, 0x2b0300dc, 0x82038214, 0x982b210f, 0xc0200782, 0xe0230382, 0x822c0300, 0x442c2113, 0x7f820782, 0x57822c20, 0x67822c20, 0xfb822d20, 
    0x00642d24, 0x77822d03, 0x23822d20, 0xab822e20, 0x00602e25, 0x82942e03, 0x20478203, 0x2087822f, 0x20a3822f, 0x2013822f, 0x2813822f, 0x0300c42f, 
    0x0300f42f, 0x217f8230, 0x07827030, 0x30203782, 0x31207f82, 0x3125d782, 0x3103006c, 0x820382a4, 0x823220e7, 0x583224af, 0x82320300, 0xd432257f, 
    0x08330300, 0x38200382, 0x9f820382, 0x3b823420, 0x07833420, 0x35203782, 0x3520d382, 0x3620cf82, 0x36287782, 0x36030048, 0x370300bc, 0x37209382, 
    0x3724a382, 0x380300dc, 0x3820af82, 0x38205382, 0x39207382, 0x39208382, 0x3a201f82, 0x3a203f82, 0x3a258b82, 0x3b0300f8, 0x82038250, 0x003c2463, 
    0x823c0300, 0x823c20ef, 0x823d20d7, 0x903d250b, 0x303e0300, 0x8c200382, 0xfc230382, 0x823f0300, 0xe43f243b, 0x82400300, 0xd84025eb, 0x3c410300, 
    0x43820382, 0x000c4224, 0xb7824203, 0x13824220, 0x4b824320, 0x37824320, 0x7f824420, 0x00884424, 0x73824403, 0x00544529, 0x00b84503, 0x82144603, 
    0x20278203, 0x20ab8246, 0x20b78246, 0x20ef8247, 0x202b8247, 0x200b8247, 0x20d78248, 0x24838248, 0x03000449, 0x24b78249, 0x0300cc49, 0x215f824a, 
    0x0782b04a, 0x4b247382, 0x4b030040, 0x4b242b82, 0x4c0300e8, 0x4c204782, 0x4c248382, 0x4d0300d4, 0x4d213782, 0x2307827c, 0x4e0300e0, 0x4e246782, 
    0x4f0300c0, 0x4f218f82, 0x82078278, 0x2050257b, 0x68500300, 0xb4230382, 0x82510300, 0x82512017, 0xa45121c3, 0x53820b82, 0x00245224, 0x47825203, 
    0xef825220, 0x1b825320, 0xbb825320, 0x83825320, 0x7b825320, 0x00105424, 0x4f825403, 0x2b825420, 0x47825420, 0x8b825520, 0x00845524, 0x37825503, 
    0x00485624, 0x33825603, 0x23825720, 0xab825720, 0xf7825720, 0x002c5824, 0x87825803, 0x3b825820, 0x73825920, 0xfb825920, 0x00dc5925, 0x82305a03, 
    0x828c2003, 0x20b78203, 0x2437825b, 0x0300945b, 0x20ab825b, 0x202f825c, 0x24a3825c, 0x0300c85c, 0x20cf825d, 0x2447825d, 0x0300d05d, 0x2017825e, 
    0x2573825e, 0x0300fc5e, 0x0382585f, 0x5f214782, 0x230782bc, 0x600300f0, 0x60205782, 0x6020a382, 0x60218782, 0x820f82b8, 0x4c612953, 0xa0610300, 
    0x04620300, 0xe7820382, 0xe7826220, 0x00186324, 0x17826303, 0xcb826320, 0x37826320, 0x77826420, 0x0b826420, 0x2f826420, 0x5f826520, 0x00706524, 
    0x27826503, 0x00006625, 0x825c6603, 0x245f8203, 0x03001c67, 0x20838267, 0x24838267, 0x03002868, 0x20cb8268, 0x20cb8268, 0x20178269, 0x20bf8269, 
    0x202b826a, 0x2053826a, 0x20bf826a, 0x20bf826a, 0x20d7826b, 0x202f826b, 0x203b826b, 0x207b826c, 0x201b826c, 0x2063826c, 0x241b826c, 0x0300446d, 
    0x24c3826d, 0x03000c6e, 0x2047826e, 0x2013826e, 0x2583826f, 0x0300a86f, 0x03820870, 0x03826020, 0x7124bf82, 0x71030010, 0x71241f82, 0x720300d4, 
    0x72209782, 0x7224d782, 0x730300c4, 0x73212382, 0x8207825c, 0x8274205b, 0x82742017, 0xe4742523, 0x58750300, 0xb0230382, 0x82760300, 0x82762037, 
    0x8276207b, 0x38772413, 0x82770300, 0x82782077, 0x82782013, 0x90782457, 0x82780300, 0x1879244f, 0x82790300, 0xa0792137, 0xf0240782, 0x407a0300, 
    0x1b820382, 0x00dc7a25, 0x82347b03, 0x211b8203, 0x0782ac7b, 0x0300fc23, 0x20df827c, 0x24df827d, 0x0300647d, 0x2473827d, 0x0300ec7d, 0x21df827e, 
    0x0782787e, 0x0382c020, 0x0300ec23, 0x2067827f, 0x209f827f, 0x20cb827f, 0x29938280, 0x03008080, 0x0300d080, 0x03821c81, 0x81209782, 0x82202782, 
    0x82201782, 0x83299f82, 0x83030020, 0x84030094, 0x82038204, 0x8284206b, 0x88842157, 0xc8200b82, 0xf8230382, 0x82850300, 0x8285205b, 0x8285204b, 
    0x8286203f, 0x3c8625eb, 0x9c860300, 0xe8240382, 0x28870300, 0x77820382, 0x00c48724, 0xd3828803, 0x82708821, 0x20cf8207, 0x25bf8289, 0x0300b489, 
    0x0382148a, 0x8a24bb82, 0x8b0300f4, 0x8b202782, 0x8c20cf82, 0x8c206382, 0x8c20c382, 0x8d202782, 0x8d248f82, 0x8d03006c, 0x8e208f82, 0x8e203f82, 
    0x8e249b82, 0x8e0300a0, 0x8f20b782, 0x8f29c382, 0x8f030098, 0x900300f0, 0x8203824c, 0x8291208f, 0x909124b3, 0x82910300, 0x829220e3, 0x689228b7, 
    0xb8920300, 0x82930300, 0x82932067, 0x8293205f, 0x48942437, 0x82940300, 0x8295202b, 0x82952007, 0x5c9624b3, 0x82960300, 0x829620df, 0x829720cb, 
    0x8297200b, 0x829820ab, 0x82982077, 0xd898242f, 0x82990300, 0xbc992427, 0x829a0300, 0xb09a2197, 0xab820782, 0xc7829b20, 0x07829b20, 0x00889c24, 
    0x67829d03, 0x00a89d25, 0x82309e03, 0x20338203, 0x242b829e, 0x0300249f, 0x201b829f, 0x204b829f, 0x241782a0, 0x03009ca0, 0x242f82a0, 0x030050a1, 
    0x200b82a1, 0x248782a1, 0x03003ca2, 0x240b82a2, 0x0300fca2, 0x21d782a3, 0x07827ca3, 0x0300e423, 0x202382a4, 0x20b382a4, 0x208382a5, 0x241382a5, 
    0x0300d4a5, 0x214382a6, 0x07826ca6, 0xa6206782, 0xa7242f82, 0xa7030028, 0xa7201b82, 0xa7202782, 0xa8205782, 0xa8203382, 0xa9241b82, 0xa9030004, 
    0xa920c382, 0xaa208382, 0xaa283f82, 0xaa030074, 0xab0300cc, 0xab208f82, 0xab209b82, 0xac200b82, 0xac201782, 0xac242f82, 0xac030084, 0xac253f82, 
    0xad0300ec, 0x82038240, 0x82ad20d3, 0xe8ad2543, 0x2cae0300, 0x1f820382, 0x00d0ae25, 0x8218af03, 0x82682003, 0x20538203, 0x203b82b0, 0x208782b0, 
    0x240b82b0, 0x030008b1, 0x20b782b1, 0x200b82b1, 0x205f82b2, 0x242382b2, 0x0300acb2, 0x20c382b2, 0x280f82b3, 0x030054b3, 0x0300c0b3, 0x210b82b4, 
    0x07828cb4, 0xb5247b82, 0xb5030010, 0xb5252782, 0xb60300c8, 0x82038220, 0x98b62193, 0x73820782, 0x4f82b720, 0x004cb724, 0x3382b703, 0x7382b820, 
    0xbb82b820, 0x7f82b820, 0x0b82b920, 0x0064b929, 0x00b0b903, 0x8200ba03, 0x25238203, 0x030094ba, 0x038214bb, 0xbb205782, 0xbc203b82, 0xbc20bf82, 
    0xbc241382, 0xbd0300f8, 0xbd207782, 0xbe202b82, 0xbe206b82, 0xbe20d382, 0xbf204382, 0xc0247382, 0xc0030004, 0xc025bb82, 0xc10300d4, 0x2303823c, 
    0xc20300a0, 0xc2204382, 0xc2204382, 0xc3244382, 0xc303005c, 0xc4209782, 0xc4209782, 0xc5209782, 0xc5246b82, 0xc6030088, 0xc6213782, 0x82078284, 
    0x82c72023, 0x82c72023, 0x0cc82437, 0x82c80300, 0x82c82037, 0xecc825fb, 0x1cc90300, 0x97820382, 0x00a8c924, 0x5382ca03, 0x8280ca21, 0x00f02307, 
    0x6f82cb03, 0x7f82cb20, 0x1b82cc20, 0x00b4cc24, 0x3782cd03, 0xd782cd20, 0x00dccd24, 0xa782ce03, 0x1382ce20, 0x5f82cf20, 0x0058cf24, 0xbf82cf03, 
    0x00e4cf24, 0x4b82d003, 0x6782d020, 0xc382d020, 0x0b82d120, 0x4b82d120, 0x0b83d120, 0xd2201b82, 0xd2255b82, 0xd2030048, 0x8203827c, 0x82d22013, 
    0x18d32413, 0x82d30300, 0x98d321ff, 0xcc230782, 0x82d40300, 0x60d42163, 0xb8240782, 0x28d50300, 0x2b820382, 0x00f8d525, 0x8224d603, 0x204b8203, 
    0x24ff82d6, 0x0300fcd6, 0x200f82d7, 0x209782d7, 0x208f82d7, 0x204b82d7, 0x242382d7, 0x030038d8, 0x204782d8, 0x20eb82d8, 0x206782d9, 0x20cf82d9, 
    0x295382d9, 0x030050da, 0x0300acda, 0x038220db, 0x03826420, 0xdc251382, 0xdc03002c, 0x24038268, 0xdd0300c0, 0x82038200, 0x78dd213b, 0xc4230782, 
    0x82de0300, 0x90de24b7, 0x82df0300, 0x8cdf248b, 0x82e00300, 0x82e0201f, 0xd8e02493, 0x82e10300, 0x82e120ab, 0x82e220f7, 0x82e2201b, 0xd0e2254b, 
    0x3ce30300, 0xaf820382, 0x0034e424, 0xaf82e403, 0x82a0e421, 0x00ec2307, 0x5f82e503, 0xe382e520, 0x0054e629, 0x00a4e603, 0x8204e703, 0x20638203, 
    0x201b82e7, 0x204f82e8, 0x209382e8, 0x201382e9, 0x201382e9, 0x207782e9, 0x20d382ea, 0x25bf82ea, 0x030010eb, 0x038284eb, 0x0300d423, 0x20c782ec, 
    0x24f782ec, 0x0300f0ec, 0x20ef82ed, 0x202782ed, 0x207b82ee, 0x203382ee, 0x20e782ee, 0x201f82ef, 0x20ff82ef, 0x24b382f0, 0x03006cf0, 0x206f82f0, 
    0x20cb82f1, 0x243382f1, 0x0300c8f1, 0x209382f2, 0x245382f2, 0x0300f4f2, 0x20bb82f3, 0x207382f3, 0x203782f3, 0x257f82f4, 0x0300dcf4, 0x038228f5, 
    0x03827420, 0xf6209382, 0xf620af82, 0xf7251382, 0xf7030044, 0x82038270, 0x82f8203f, 0x9cf8251f, 0x08f90300, 0xef820382, 0xc782f920, 0x6b82fa20, 
    0x0090fa24, 0x4782fa03, 0x0058fb24, 0x0b82fb03, 0x5f82fb20, 0xb382fc20, 0x00e4fc24, 0x6782fd03, 0x0094fd24, 0xdb82fe03, 0x5382fe20, 0x00c0fe24, 
    0x4782ff03, 0x8250ff21, 0x20b78207, 0x204f82ff, 0x25c782ff, 0x0400f4ff, 0x03824800, 0x03829420, 0x01250b82, 0x01040040, 0x2403828c, 0x020400d8, 
    0x20038224, 0x24038270, 0x030400c0, 0x20038210, 0x24038268, 0x040400cc, 0x20038204, 0x82038264, 0x2c052523, 0x78050400, 0xd0240382, 0x20060400, 
    0x3b820382, 0x00dc0624, 0x53820704, 0x829c0721, 0x25538207, 0x04005408, 0x03828808, 0x0400e824, 0x03826009, 0x0400bc24, 0x0382080a, 0x0a214382, 
    0x240782a8, 0x0b0400ec, 0x82038230, 0x820b2047, 0x820c201b, 0x820c2047, 0xc40c240b, 0x820d0400, 0x820d2027, 0xb00d2533, 0x000e0400, 0x33820382, 
    0x00c80e25, 0x82440f04, 0x241f8203, 0x04005010, 0x20078210, 0x206f8211, 0x209b8211, 0x20178212, 0x20978212, 0x25af8213, 0x04009813, 0x03821c14, 
    0x0400a023, 0x20a78215, 0x20c78215, 0x20df8216, 0x20278216, 0x20938217, 0x20278217, 0x20d38218, 0x20738218, 0x243f8219, 0x0400e419, 0x250f821a, 
    0x0400f01a, 0x0382801b, 0x1c24bb82, 0x1d04007c, 0x1d20ef82, 0x1e200f82, 0x1e204b82, 0x1f240f82, 0x1f04000c, 0x20245b82, 0x20040018, 0x21205b82, 
    0x2120bb82, 0x22249f82, 0x22040038, 0x23206382, 0x23206382, 0x2420a382, 0x24200f82, 0x25205b82, 0x25206b82, 0x25202f82, 0x26205782, 0x2624af82, 
    0x270400ac, 0x27209f82, 0x2720e382, 0x28288b82, 0x2804004c, 0x290400a4, 0x29215782, 0x82078274, 0x242a25cf, 0x9c2a0400, 0xfc240382, 0x702b0400, 
    0xdc230382, 0x822c0400, 0x822c2057, 0x282d294f, 0x942d0400, 0x082e0400, 0x8c230382, 0x822f0400, 0x882f2507, 0x00300400, 0x84230382, 0x82310400, 
    0x833120af, 0x00f82307, 0x5b823204, 0x63823220, 0x07823320, 0x57823320, 0x003c3424, 0xab823404, 0x5f823520, 0x00a83524, 0x07823604, 0x67823620, 
    0x8f823720, 0xdb823720, 0x33823720, 0x07823820, 0xab823820, 0x00683924, 0x77823904, 0x00603a29, 0x00e03a04, 0x825c3b04, 0x244b8203, 0x0400483c, 
    0x2043823c, 0x209b823c, 0x249b823d, 0x0400d03d, 0x2157823e, 0x0782903e, 0x0382b820, 0x0400e424, 0x0382183f, 0x3f20eb82, 0x3f208782, 0x40201f82, 
    0x40205f82, 0x40204f82, 0x41204f82, 0x4120e782, 0x41241b82, 0x420400a0, 0x42202782, 0x42204f82, 0x42217382, 0x240f82b4, 0x430400ec, 0x8203821c, 
    0x8243201f, 0xe843250f, 0x20440400, 0x0f820382, 0x4b824420, 0x5f824420, 0x9b824420, 0x13824520, 0x13824520, 0x00804524, 0x27824504, 0x0f824620, 
    0xa7824620, 0x53824620, 0x7f824620, 0x00284725, 0x826c4704, 0x20a78203, 0x20d38247, 0x249f8248, 0x04007848, 0x203f8248, 0x247f8249, 0x04004c49, 
    0x20af8249, 0x259b8249, 0x0400144a, 0x0382584a, 0x03829820, 0x4b200f82, 0x4b20ab82, 0x4b245b82, 0x4b04008c, 0x4c257f82, 0x4c040024, 0x20038264, 
    0x820382a4, 0x824d205b, 0x824d209f, 0x944d242f, 0x824d0400, 0x084e252f, 0x444e0400, 0xc3820382, 0x5f824e20, 0x00f44e25, 0x82404f04, 0x243f8203, 
    0x0400d84f, 0x203f8250, 0x208b8250, 0x241b8250, 0x04000451, 0x205b8251, 0x20a78251, 0x24eb8251, 0x04003852, 0x20d78252, 0x20478252, 0x24578253, 
    0x04006853, 0x25cf8253, 0x04000054, 0x03822c54, 0x54217782, 0x820782bc, 0x82552053, 0x825520c3, 0xd4552463, 0x82560400, 0x5c5621b3, 0x2b820782, 
    0x00f05625, 0x82345704, 0x20478203, 0x20478257, 0x25bf8258, 0x04005458, 0x0382a858, 0x5920af82, 0x59287f82, 0x59040074, 0x5a0400c0, 0x5a200b82, 
    0x5a25e782, 0x5b0400e0, 0x20038230, 0x24038290, 0x5c0400fc, 0x8203824c, 0x825c2017, 0x825d200b, 0x825d200b, 0xf85d24db, 0x825e0400, 0x825e20e7, 
    0x445f2837, 0xcc5f0400, 0x82600400, 0x826020eb, 0x70602187, 0x5f820b82, 0xcf826120, 0x87826120, 0x00e86124, 0x1b826204, 0x53826220, 0x87826220, 
    0x1b826220, 0x8b826220, 0xb7826220, 0x00206325, 0x82486304, 0x82782003, 0x20178203, 0x20938263, 0x24bf8264, 0x04005064, 0x20738264, 0x20578264, 
    0x206b8264, 0x209b8265, 0x24b78265, 0x04008865, 0x20f38265, 0x203b8265, 0x204f8266, 0x246b8266, 0x0400b066, 0x205f8267, 0x21878267, 0x0b828067, 
    0x0382b820, 0x6820f782, 0x68203382, 0x682c3382, 0x6904008c, 0x6a04006c, 0x6b0400a4, 0x6b206782, 0x6c25df82, 0x6c04000c, 0x82038240, 0x826c2017, 
    0xc46c2467, 0x826d0400, 0x826d2043, 0x826d202f, 0xdc6d240f, 0x826e0400, 0x606e210f, 0xac200782, 0x4f820382, 0xab826f20, 0x6f826f20, 0x93826f20, 
    0x001c7024, 0x3b827004, 0x8b827020, 0xaf827120, 0x00647125, 0x82a07104, 0x20978203, 0x25bb8272, 0x04007c72, 0x0382c072, 0x7320fb82, 0x73208782, 
    0x73245782, 0x7304009c, 0x74203b82, 0x74207b82, 0x74240f82, 0x74040090, 0x75208b82, 0x75243f82, 0x75040058, 0x75200f82, 0x7620ff82, 0x76250f82, 
    0x7604005c, 0x82038294, 0x8277203f, 0x827720d7, 0xd477244f, 0x82780400, 0x82782093, 0x8278203b, 0x8278202b, 0x8279203b, 0x8279202b, 0x8279203b, 
    0x8279202b, 0x827a203b, 0x827a201b, 0x827a20ef, 0x347b24bf, 0x827b0400, 0x827b2017, 0x487c2593, 0xa87c0400, 0xfc230382, 0x827d0400, 0x827d205b, 
    0x827d2023, 0x827e202f, 0x827e209b, 0x827e20e3, 0x827e20bb, 0x827f204f, 0x827f200f, 0x847f241f, 0x827f0400, 0x828020f7, 0x808029ab, 0xd8800400, 
    0x28810400, 0xff820382, 0xc7828120, 0x82c88121, 0x2457820b, 0x04001c82, 0x212f8282, 0x07829882, 0x83209f82, 0x83202f82, 0x83208f82, 0x83209f82, 
    0x8425eb82, 0x84040020, 0x82038264, 0xf084257b, 0x38850400, 0x88200382, 0xd7820382, 0x9f828620, 0x9f828620, 0xab828620, 0x17828720, 0x17828720, 
    0x67828720, 0x67828820, 0xef828820, 0x4f828820, 0x002c8924, 0x17828904, 0x9b828920, 0xc3828a20, 0x8b828a20, 0x00b88a24, 0x4b828a04, 0x00408b24, 
    0x8f828b04, 0x0f828b20, 0x4f828b20, 0x6b828c20, 0x2b828c20, 0x00c08c24, 0x97828d04, 0x97828d20, 0x00048e24, 0x13828e04, 0x8b828e20, 0x00188f25, 
    0x826c8f04, 0x20578203, 0x207b8290, 0x20f38290, 0x20478290, 0x24af8291, 0x0400c491, 0x206b8292, 0x205f8292, 0x204f8292, 0x20db8292, 0x24b78293, 
    0x0400d093, 0x20178294, 0x24a78294, 0x0400fc94, 0x206f8295, 0x29fb8295, 0x04003096, 0x0400a496, 0x03821897, 0x9824fb82, 0x98040010, 0x9820b382, 
    0x99202382, 0x99207782, 0x9a203782, 0x9a20d382, 0x9b241b82, 0x9b040000, 0x9b203782, 0x9c20db82, 0x9c203782, 0x9c202782, 0x9d200b82, 0x9d240b82, 
    0x9d040084, 0x9e20bb82, 0x9e20f382, 0x9e20a782, 0x9f243782, 0x9f040044, 0xa0200782, 0xa0253782, 0xa004003c, 0x82038290, 0x82a1208f, 0x82a12017, 
    0x82a220b3, 0x82a220d3, 0x82a220c7, 0x82a32087, 0x8ca3249b, 0x82a30400, 0x08a424df, 0x82a40400, 0x82a5205b, 0x82a5201f, 0x82a62077, 0x82a6209b, 
    0x82a7203b, 0x9ca72423, 0x82a70400, 0x82a82043, 0x82a82093, 0xeca82473, 0x82a90400, 0xbca9244f, 0x82aa0400, 0x82aa207b, 0xc4aa2437, 0x82ab0400, 
    0x78ab2133, 0x23080782, 0x000200bc, 0x01000024, 0x00dd0246, 0x00070003, 0x0001b12e, 0x07b23c2f, 0x32ed0004, 0xdc0506b1, 0x0203b23c, 0x00220a82, 
    0x168303b1, 0x16830520, 0x0607b227, 0xb23cfc01, 0x35178301, 0x11211133, 0x23113327, 0xfe220124, 0xdd02dada, 0x022423fd, 0x53820095, 0x5382c820, 
    0xbc022c22, 0x0f2f5382, 0x33370000, 0x33112315, 0x3d23041d, 0x8464c803, 0xbc022100, 0x04830684, 0x00820020, 0x64000228, 0x9001f401, 0x81822003, 
    0x01272f82, 0x23021d33, 0x8527013d, 0x2c012306, 0x36826464, 0x88200321, 0x64642132, 0x00203384, 0x02253583, 0x001b0058, 0x216d821f, 0x65821533, 
    0x23230384, 0x82152335, 0x33352303, 0x03822335, 0x10821783, 0x408a4583, 0x02646423, 0x820e8c58, 0x00002861, 0xff000002, 0x82f4019c, 0x002d2587, 
    0x35000033, 0x3d213b82, 0x82448201, 0x011d2104, 0x33209182, 0x69824f86, 0x1d233523, 0x821e8201, 0x85152016, 0x2123216d, 0x548c2584, 0x01210c86, 
    0x93c08390, 0x20138619, 0x21008200, 0x00820002, 0x02f4012b, 0x002700bc, 0x01000037, 0x855a8533, 0x848382d6, 0x20d282d4, 0x87788215, 0x208e828a, 
    0x82208e25, 0x2168906b, 0x1287d4fe, 0x900a7741, 0x82108225, 0x08002281, 0x2f878700, 0x00170011, 0x001f001b, 0x00290023, 0x0033002d, 0xeb829382, 
    0x1528fb84, 0x3b35012b, 0x05333501, 0x15238983, 0x83352333, 0x3d152302, 0x18823301, 0x33240583, 0x27153335, 0x8f8b2384, 0xc8228783, 0x02886464, 
    0x64207182, 0x88109741, 0x2c868397, 0xf401c800, 0x20032c01, 0x00000700, 0x050e4213, 0x82090a42, 0x64002590, 0x90019cff, 0x1b201f82, 0x99820c82, 
    0x23011d27, 0x1d33021d, 0x25a48401, 0x3d23013d, 0x8e823302, 0x4642638b, 0x8e6b850c, 0x33132247, 0x22418315, 0x8223021d, 0x8215204d, 0x214182da, 
    0xe882023d, 0x9a882320, 0x94646421, 0x02002246, 0x0f934200, 0x84152321, 0x8249828a, 0x204c838d, 0x82908335, 0x822520a0, 0x0dab4117, 0x6470fe25, 
    0x41f40164, 0x52821096, 0x88010021, 0x00132357, 0x9d821300, 0x15013b24, 0x5484012b, 0x35012b25, 0x4335013b, 0x3c830656, 0x820ad742, 0xffc82d8f, 
    0x00900138, 0x000300c8, 0x0500000d, 0xc9828084, 0x1d013b23, 0x0f784102, 0x01236786, 0x82f4012c, 0x000b2931, 0x032b0100, 0x15043b35, 0x3283a48a, 
    0xc8208b82, 0x53831b82, 0x00000723, 0x204c8521, 0x824c8801, 0x0000291a, 0xf40138ff, 0x1d002003, 0xab820c82, 0xa7822320, 0x3d210288, 0x85ff8301, 
    0x8a352005, 0x1350415a, 0x83646421, 0x42032093, 0x0724088f, 0x2f002700, 0xf2837382, 0x3d150225, 0x84152303, 0x043d2601, 0x33021d33, 0x26018435, 
    0x2b03041d, 0x903b3502, 0x105541dc, 0x0121108e, 0x216b84f4, 0x06820001, 0x0290012d, 0x001500bc, 0x1d331300, 0x82153305, 0x8233204e, 0x3335216a, 
    0x43086241, 0x00200e43, 0x05200082, 0x0d22a388, 0x3b821100, 0xa9821b20, 0x2b210023, 0x27948303, 0x15023b15, 0x15333525, 0x152af382, 0x1d33023d, 
    0x022b2701, 0x19822315, 0x9020a582, 0xa2438688, 0x88128709, 0x6464216f, 0x00200a83, 0x0b206389, 0x17286382, 0x29001d00, 0x33350000, 0xa3825e83, 
    0x82212321, 0x245b835f, 0x013b3501, 0x870b8631, 0x42528767, 0x15830d6f, 0x07856487, 0x01206784, 0x2326cb88, 0x33010000, 0x5645031d, 0x23638205, 
    0x022b3533, 0x15225982, 0xcb42013b, 0x0f444208, 0x1f415383, 0x07e3450e, 0x2209c741, 0x8f13000b, 0x33022dbb, 0x2b03021d, 0x3b023d03, 0x032b1504, 
    0xb299d382, 0x85050e41, 0x217e861f, 0xb3880400, 0x0f000724, 0x5d832100, 0x25422120, 0x23598207, 0x043d2321, 0x22062841, 0x8513011d, 0x223a8618, 
    0x4170fe64, 0x1d421270, 0x9001230c, 0x5f826464, 0x0729bf89, 0x1b000b00, 0x3d370000, 0x2d5b8201, 0x33351323, 0x2b023d15, 0x043b3503, 0xb441021d, 
    0x4143880a, 0x46820a23, 0x8a070021, 0x000d22ab, 0x20498213, 0x0dd74221, 0x1d330223, 0x28b18201, 0x25153301, 0x3b35022b, 0x05cd4102, 0xbb8b118b, 
    0xc8835d88, 0x88138e41, 0x41778287, 0x19200b27, 0x200d2741, 0x206b8401, 0x227c823d, 0x83232504, 0x85012006, 0x98528d7d, 0x22f88564, 0x470064c8, 
    0x902206fb, 0xcb475802, 0x07214405, 0x29440320, 0x4297830f, 0x00270590, 0xc8000300, 0x830138ff, 0x00032433, 0x4415000d, 0x3a940ea9, 0x3045d686, 
    0x20da8205, 0x05bb4300, 0xbc02f423, 0x060b4600, 0x82231521, 0x15332101, 0x23210183, 0x21018535, 0x01823533, 0x420f0543, 0x4b830eaf, 0x00000236, 
    0xf401c800, 0x0b00f401, 0x00001700, 0x35032b25, 0x2715043b, 0x41101045, 0xd346085b, 0x20879006, 0x207f8513, 0x828b8433, 0x05a5448f, 0x64428d85, 
    0x6464210c, 0xef43868f, 0x00032209, 0x25878207, 0x001d0011, 0x49823700, 0x48151321, 0x4c4405d6, 0x127a420e, 0x830abb41, 0x4400201d, 0x09240a43, 
    0x23001500, 0x33077742, 0x033b3502, 0x3d232515, 0x031d3304, 0x3d012b21, 0x35013b02, 0x27250a82, 0x13152335, 0x201c822b, 0x08324102, 0x8e18ff41, 
    0x820e82cc, 0x4800207c, 0x1f2009d3, 0x00366b82, 0x2b013d25, 0x23021d02, 0x1d33053d, 0x3d023b01, 0x051d3301, 0x618d1123, 0x118c4891, 0x43580221, 
    0x19200d8b, 0x2d27c582, 0x2b210000, 0x82063d02, 0x215782c4, 0x04841523, 0x84332721, 0x3301226c, 0x42088713, 0x558c0dc9, 0x2b850c90, 0x240a5744, 
    0x0017000b, 0x256b821b, 0x15332500, 0xb2841523, 0x30412120, 0x82012005, 0x8e352010, 0xd4fe22c3, 0x0ad84864, 0x210c9941, 0x67499001, 0x091b4106, 
    0x2d461720, 0x22c18705, 0x82152304, 0x2b0425bc, 0x33041d02, 0x0020b3a9, 0x3009b745, 0x21000025, 0x063d032b, 0x2b15043b, 0x3b011d03, 0x82af8202, 
    0x47032006, 0xf1900bca, 0x890c5c4b, 0x001d224b, 0x20488e00, 0x0b064902, 0x00204692, 0x240c0f47, 0x00110007, 0x0d69441d, 0x35230226, 0x021d013b, 
    0x20113e41, 0x424d872c, 0x43411f65, 0x0fab4608, 0x3d230623, 0x05614202, 0x1d330627, 0x3d023b02, 0x08b94201, 0x61435b82, 0x82bb8b0e, 0x09fb47b3, 
    0x00001729, 0x35012b21, 0x82043d33, 0x150226a9, 0x33041d23, 0x18884115, 0x260ae342, 0x001b000d, 0x41331100, 0x35290671, 0x33013523, 0x3d23051d, 
    0x0bcb4604, 0xe7494786, 0x4100200c, 0x29200abb, 0x2d440c82, 0x0cbb4407, 0x23021d23, 0x44d4833d, 0x3d4414c2, 0x4bdb9010, 0xdb8207d3, 0x0527a182, 
    0x2b15033b, 0x89053d04, 0x0e1b4126, 0x9f422e82, 0x00152209, 0x21958327, 0xcb82061d, 0x4c06c344, 0x1d240575, 0x053d2304, 0x47076141, 0x478e0548, 
    0x8c0f1f42, 0x00112257, 0x2e57852b, 0x013d012b, 0x01033d33, 0x013b053d, 0x8333011d, 0x230221ea, 0x5a855c82, 0xe2905885, 0x8f0cfe21, 0x0558435c, 
    0x220be346, 0x431f0013, 0x0129055b, 0x15023b35, 0x1d33053d, 0x07764204, 0x420c264a, 0x64211f70, 0x8c8a8264, 0x001724bb, 0x44000021, 0x2b210972, 
    0x82b48202, 0x820120c3, 0x33012108, 0x36429889, 0x43d68514, 0xff320627, 0x02f4019c, 0x000300bc, 0x0017000b, 0x002b0023, 0x50442100, 0x3d312208, 
    0x4ab19004, 0x70200a32, 0x410b6444, 0xb485120c, 0x250bb748, 0x0029001f, 0xb7482500, 0x3d252205, 0x07304505, 0x9e83bd8d, 0x9c091549, 0x20c98763, 
    0x84cc8306, 0x000b26c7, 0x00190011, 0x4ac9851f, 0x0223119d, 0x48023b35, 0xe58806c9, 0x4511ea49, 0x4645153e, 0x0b2f4308, 0x00001730, 0x2b043d37, 
    0x043b3501, 0x1d012b15, 0x6c452305, 0x0e06430c, 0x200aab43, 0x22a18215, 0x82330100, 0x05cc4530, 0x25043d22, 0x3d210c83, 0x09304404, 0x4270fe21, 
    0x4f991073, 0x21001322, 0x33209682, 0x2205344e, 0x4c23011d, 0x3d2105e1, 0x21558201, 0x0f843302, 0x2a431282, 0x00002126, 0x2009b341, 0x05e74b11, 
    0x43821320, 0x4c844686, 0x82353321, 0x23042311, 0x5f82033d, 0x820a5651, 0x48b583fc, 0x0c8c0ce1, 0xcb42c087, 0x0021210c, 0x20058743, 0x06304901, 
    0x23216184, 0x840d8235, 0x48332009, 0x6a8206b4, 0x15330122, 0xb74d1782, 0x4351830c, 0x534920fa, 0x01002807, 0x00bc02f4, 0x411f0013, 0x1526062b, 
    0x23021d23, 0x6182023d, 0x83062941, 0x09b4455e, 0x6746579c, 0x05774d0d, 0xed431920, 0x3d032105, 0x3b21a882, 0x09764d03, 0x3d270e82, 0x35032b01, 
    0x461d043b, 0xe5420b11, 0x0519410b, 0x210d3d42, 0x5f500100, 0x2b052d0b, 0x3b083d01, 0x012b1502, 0x013b061d, 0x84191146, 0x0e074f49, 0xbf411120, 
    0x22058805, 0x89013d23, 0x42352002, 0x56500956, 0x64642112, 0x820e9f50, 0x3b352b87, 0x2b063d01, 0x023b3501, 0x6244081d, 0x84518814, 0xf4012987, 
    0x2003f401, 0x00001300, 0x21068f4a, 0x01823523, 0xcb451520, 0x8af38a06, 0x0593467e, 0x0058022e, 0x000d0064, 0x042b2100, 0x15053b35, 0x820cb646, 
    0x53012098, 0x0b2008b7, 0x7f865b8d, 0x77434f86, 0xf4012907, 0x21000500, 0x23330000, 0x1522c082, 0x84821537, 0x3d333525, 0x42022b01, 0x3b210605, 
    0x05414d03, 0x440d8541, 0x002010d9, 0x220ac743, 0x47230017, 0x33200873, 0x15264682, 0x053d032b, 0x06483301, 0x11884505, 0x460e9e46, 0x00200743, 
    0x04200082, 0x8205974d, 0x000927a3, 0x00150011, 0xf582001d, 0x2407194b, 0x011d3302, 0x11e84925, 0x4b153746, 0x9b48056b, 0x032b2410, 0x85023b35, 
    0x3d232398, 0x0c823302, 0x44104843, 0x0f441670, 0x209b8407, 0x21f1831b, 0x99892b21, 0x023b1523, 0x229e8235, 0x4a25032b, 0xc3450d85, 0x64c8211d, 
    0x0220ef82, 0x00240382, 0xbc029001, 0x1723f182, 0x54370000, 0x4d8206ec, 0x1d27eb82, 0x35132302, 0x4915013b, 0x022217ef, 0x43866458, 0x0138ff23, 
    0x269b82f4, 0x00290007, 0x472b0500, 0x0120056b, 0xee8b8c84, 0x051d0322, 0x4115ab42, 0x9a8415ee, 0xf4200484, 0x1f209f82, 0x260ae541, 0x033d2303, 
    0x821d022b, 0x19c04806, 0x2109e844, 0xd3510002, 0x43032007, 0x23210601, 0x20408213, 0x23da8223, 0x1533031d, 0x02247c88, 0xa8fd64bc, 0x26096b42, 
    0x00000300, 0x560138ff, 0x092905c3, 0x00001900, 0x23153313, 0x22368303, 0x84053d15, 0x8805203d, 0x8264203b, 0xe0fc213c, 0x820ea842, 0x090342bb, 
    0x00002123, 0x203f8201, 0x4504821d, 0xbe530543, 0x33062105, 0x35208382, 0x430ee64b, 0xca890e65, 0x2206e34e, 0x83bc0290, 0x232121c9, 0x9e4a8787, 
    0x08274316, 0x00f4012a, 0x00230009, 0x023d2500, 0x232c6f82, 0x23023d27, 0x3d23031d, 0x15033b04, 0x01210883, 0x0b535190, 0x0e89c58e, 0x97460020, 
    0x294f8208, 0x0017000d, 0x1100001d, 0x29421533, 0x033d2205, 0x255c8501, 0x35012b11, 0xdc4f013b, 0x0cd35409, 0x4908e552, 0x0020054e, 0x22097343, 
    0x820f0007, 0x531f2051, 0xb7510add, 0x50b08205, 0x73430e88, 0x05cc5215, 0x0023a282, 0x42000002, 0x1720068f, 0x1520f383, 0x2706e648, 0x2b152302, 
    0x23011d02, 0x8d191b44, 0x07aa42f8, 0x88010021, 0x0023234f, 0xe94d0500, 0x0dd64205, 0x47230621, 0x4f8d1463, 0x3f410d82, 0x8211200d, 0x0b3f41ef, 
    0x4105f649, 0x41841a3c, 0x2908c34f, 0x0900f401, 0x15000d00, 0x0f441900, 0x013d250a, 0x2b271533, 0x21056449, 0x24443335, 0x10744306, 0x570d5e49, 
    0x64210d6f, 0x05a34700, 0x67561920, 0x3b022c0b, 0x012b1501, 0x023d2335, 0x56333523, 0xaf440b6b, 0x42002010, 0x13200b73, 0x23060156, 0x23352304, 
    0x3b293f83, 0x3d333501, 0x1d332501, 0x49498203, 0xf2420d67, 0x204b8b14, 0x05d5510f, 0x57054756, 0x35200694, 0x01214a82, 0x22128233, 0x4523013d, 
    0xf544084a, 0x204f9205, 0x0cbf4200, 0x37410f20, 0x33132405, 0x8233021d, 0x8523204e, 0x85372052, 0x43a2869b, 0x544906de, 0x0fb04411, 0x200adf46, 
    0x05574a1b, 0x47087b52, 0x35230c69, 0x4d333533, 0x35200539, 0x9c103242, 0x09d342b7, 0x25001b23, 0x0bb74a00, 0x41078f42, 0xd6411055, 0x16535805, 
    0x280e9355, 0x0d00f401, 0x1f001100, 0x11b35600, 0x35022b24, 0xcd82043b, 0x2009ae41, 0x08c44364, 0xda5a6285, 0x00002308, 0x3f5b0500, 0x82052008, 
    0x05db5451, 0x23050027, 0x15013b35, 0x05545427, 0x562b2721, 0x022405a0, 0x11021d33, 0x08411783, 0x0f514105, 0x14875a84, 0x492c0121, 0xc8260503, 
    0x2c0138ff, 0x9b572003, 0x23092306, 0x165c083d, 0x0a2a450f, 0x17208b95, 0x3d218b84, 0x8c7d8803, 0x10b14396, 0x43431088, 0x64c82109, 0x012ae782, 
    0x2c010000, 0xf401f401, 0x09821100, 0x23153323, 0x24d68215, 0x35231523, 0x20d28333, 0x0a2c4133, 0x8209d159, 0x0a175d36, 0x0f000b24, 0xc34b0000, 
    0x82112006, 0x42eb8440, 0x70820ab5, 0xff286785, 0x02f4019c, 0x00270058, 0x5c057952, 0x3322056b, 0x394b023d, 0x50352008, 0x1d210826, 0x4a798c02, 
    0xd08813d1, 0x0b546420, 0x20032607, 0x0d000900, 0x05e55b00, 0xcb826385, 0x21013b22, 0x6682cd83, 0x2007af5a, 0x20708215, 0x20a88213, 0x0cd55b35, 
    0x43080b42, 0x4441092b, 0x5802210e, 0x2006b744, 0x08c35a03, 0x4705555c, 0x0220050f, 0x02205284, 0x3b226c85, 0x0e822502, 0x23350522, 0x200ea952, 
    0x05e94efe, 0x5d13b15d, 0x022308b3, 0x4c2500bc, 0x332409c7, 0x15012b15, 0x820f245b, 0x353323b9, 0x03821533, 0x33253523, 0x0a33441d, 0xf74db28d, 
    0x8200201a, 0x00022100, 0x24078742, 0x00130009, 0x06324400, 0x39441120, 0x59c82005, 0x6c4a0b54, 0x0d002108, 0x4c08135b, 0x555d05a7, 0x00272f05, 
    0x0031002d, 0x003b0035, 0x0047003f, 0x39523500, 0x8205200a, 0x232726a7, 0x3d313335, 0x83158201, 0x200382b8, 0x5db2823b, 0x37200e71, 0x23213483, 
    0x25298225, 0x35022b21, 0x4b4f023b, 0x08d6590e, 0x8208795d, 0x16fe4511, 0x5e0d0441, 0x022c0998, 0x58026400, 0xbc029001, 0x07000300, 0x2305ed42, 
    0x23153327, 0x8406955f, 0x060021e3, 0xc750df82, 0x00092d05, 0x001d0017, 0x00290023, 0x05000033, 0x2405a54a, 0x1d33063d, 0x44a38205, 0x01240505, 
    0x013d1533, 0x23260a82, 0x35032b37, 0x5943033b, 0x44978309, 0x0e44064c, 0x2ba08d14, 0x000064c8, 0x64000200, 0xf4016400, 0x09209b82, 0x00217382, 
    0x206f8525, 0x07d04511, 0x35333522, 0x24056649, 0x3b353301, 0x0cfa4d02, 0x21474c8c, 0x2057830e, 0x23578300, 0x0d00f401, 0x21057746, 0x535e2315, 
    0x25332108, 0x2406c749, 0x3d233523, 0x08714301, 0x5582bd84, 0x20107946, 0x05c74300, 0x90264f84, 0x00000f00, 0x894e3525, 0x46022005, 0xf2850c03, 
    0x4b412b82, 0x001b260d, 0x002d0029, 0x0e4b4137, 0x2406b246, 0x013b033d, 0x240b8215, 0x15233531, 0x134d4101, 0x8c0c255b, 0x111c44f2, 0x642c0131, 
    0x64000100, 0xf401bc02, 0x09002003, 0x41010000, 0xcc44054d, 0xbc022308, 0x9f826464, 0xc9840420, 0x8403f426, 0x0b000500, 0x2005374c, 0x05554501, 
    0x2409b85a, 0x35012b37, 0x06145e3b, 0x4a067a42, 0x7d820c07, 0x220ac34d, 0x5e1f0013, 0x132015d5, 0x0420d383, 0x4a09a24b, 0x5c430ba6, 0x64642308, 
    0x9883a8fd, 0x2c229783, 0xbb849001, 0x97860d20, 0x3d012b29, 0x3b153301, 0x5d271501, 0x7e460680, 0x06ef4105, 0x890b5f46, 0x82e2825a, 0x016421d9, 
    0x05234b85, 0x86000900, 0x8513204d, 0x245082e5, 0x33352327, 0x08e16031, 0x420dac42, 0x4b830c4b, 0x820c234f, 0x4f23203c, 0x29870777, 0x8207244f, 
    0x096b4a2c, 0x7b5d2120, 0x23352208, 0x092b4c15, 0x3d013b22, 0x420cdb5e, 0x0147106d, 0x00022809, 0x029cff00, 0x59200358, 0x052605e5, 0x23033d23, 
    0x0583031d, 0x7e4e3520, 0x15042c05, 0x33061d23, 0x023d0315, 0x8e021d23, 0x42d38d48, 0x2b870e39, 0x002ca282, 0x01c800c8, 0x00900190, 0x25000007, 
    0x840be15b, 0x01002540, 0xd4fec800, 0x00241d82, 0x00000b00, 0x2405ab42, 0x33352315, 0x0ca55335, 0x47830020, 0x20076f41, 0x230c8211, 0x3335012b, 
    0xa04d9482, 0x08504106, 0x50460888, 0x43052005, 0x0f260afb, 0x1b001500, 0x83822100, 0x2005b342, 0x16904227, 0xb2489020, 0x0898420b, 0xef8c1482, 
    0x2013ff43, 0x080b6233, 0x33252322, 0x8205615a, 0x013d22c8, 0x43958723, 0x674f1cff, 0x02f42205, 0x20a382bc, 0x22e1822b, 0x82231533, 0x23032243, 
    0x05924635, 0x82233521, 0x091d5c0f, 0x23073322, 0xfe835882, 0x430cbe58, 0x09470ab2, 0x0ca34d0e, 0x1d216b92, 0x0ac35f01, 0x74823320, 0x22078242, 
    0x9c353335, 0x0615436c, 0x27416e96, 0x01002405, 0x822003f4, 0x081f64d7, 0xd7981d20, 0x33228682, 0xe885021d, 0x7b822320, 0x4a0c0045, 0x098509b0, 
    0x495f7492, 0x0923550c, 0x19000b25, 0x5b001d00, 0x03200a99, 0x2665ee83, 0x63112008, 0xe9410c69, 0x44088308, 0x6e4908db, 0x05f35205, 0x03f40125, 
    0x522d0084, 0x332208cf, 0x555a051d, 0x07b75c08, 0x83022b21, 0x0e1643bd, 0x03210e83, 0x43149284, 0x0f500993, 0x415f8506, 0x5f980694, 0x850e1550, 
    0x89609d45, 0x852f205f, 0x011d21bf, 0xa3655e95, 0x0c864305, 0x64205f85, 0x874b609c, 0x00002405, 0x82f40100, 0x823520c3, 0x050b4707, 0x4b182241, 
    0x22411412, 0x826e9e0b, 0x06235070, 0x03226f82, 0xcb440700, 0x82012005, 0x82272075, 0x5e012003, 0x34681a4f, 0x0c8d4505, 0x70847784, 0x4144fd21, 
    0x022214a6, 0x5b586458, 0x416f8208, 0x02216043, 0x06a962bc, 0xce4b3d20, 0x33052d05, 0x3d33011d, 0x3b352301, 0x012b1503, 0x15250b82, 0x3b011d23, 
    0x0e0d4b01, 0x6342ba94, 0x4a042009, 0x5b82056b, 0x2008795d, 0x0b7f6025, 0x7b5d5d82, 0x09565a12, 0x1f4a6420, 0x0c19450d, 0x5208d651, 0x032309db, 
    0x422b0084, 0x1520056b, 0x6f5ea982, 0x042b260d, 0x013b063d, 0x17405435, 0x8f163043, 0x8301205b, 0x435b97bd, 0x0c411424, 0x125c4207, 0x430bdf41, 
    0xb69109e3, 0x4305284c, 0x5c9a1320, 0x420b2764, 0x638206af, 0x5f08ad42, 0xa8421593, 0x0b8f4317, 0x200f5b54, 0x20008200, 0x05d75402, 0x07226782, 
    0x81411d00, 0x35232906, 0x012b1323, 0x033d3335, 0x5406b95e, 0x40440be0, 0x214f8d0a, 0x4b910000, 0x23152324, 0x4bbe3335, 0x21000b22, 0x4fa39789, 
    0x7d446420, 0x209f8f07, 0x22eb8803, 0x5a070003, 0x1524053d, 0x15332723, 0xa75fed86, 0x055f6a0e, 0x21213f41, 0xeb520000, 0x5a172005, 0x01200535, 
    0x2505ed4e, 0x15023b02, 0x84611d33, 0x07854307, 0x43114844, 0x55821786, 0x200a4746, 0x08ed4737, 0x3e530620, 0x023d2305, 0x3b6c012b, 0x23152106, 
    0x04230882, 0x50073d23, 0x64421135, 0x8d79911c, 0x09d74273, 0x8857c784, 0x2b042205, 0x22d48202, 0x4633043d, 0x374335b9, 0x08bb460e, 0x0c630420, 
    0x8b3d2006, 0x1494435f, 0x48128c43, 0xbb460cb7, 0x465e9114, 0xc38b3ab9, 0x910abb46, 0x33352163, 0x22066c6d, 0x4d15013b, 0x754108e0, 0x53cf9c0f, 
    0x175f0660, 0x060b4406, 0x1b000f22, 0x200dbf46, 0x062b5913, 0x42149760, 0xf15609c5, 0x4375840b, 0x98890d1e, 0x64900122, 0x2108bb4a, 0x6d825802, 
    0x4d622320, 0x6c332008, 0x694a0587, 0x06d05d05, 0x491e8b54, 0x00201280, 0x21099352, 0xa56e2003, 0x23152105, 0x6a052d43, 0x232b06d4, 0x1d33043d, 
    0x3b153303, 0x52033d01, 0xe58407a2, 0x5c172257, 0x6b4114f1, 0x5a00200d, 0x032307ff, 0x60150084, 0xb95f0559, 0x86132013, 0x0d5956e3, 0x8d0f6e70, 
    0x06dd605a, 0x63a5d682, 0x4b330121, 0x638d053a, 0x5c051c44, 0x688b0e5b, 0x64822084, 0x8206cb6c, 0x001327c7, 0x002b001f, 0xa1430100, 0x07cb5f0a, 
    0x1522c787, 0x7c423523, 0x70fe210a, 0x4108a24e, 0x98471298, 0x64642108, 0x410acb5c, 0x2720062f, 0x05206986, 0x6008ab43, 0x474907eb, 0x08fd4707, 
    0x20076a42, 0x10d957c8, 0x3341ce93, 0x0669630a, 0x0221cf82, 0x17d55f23, 0x560e3b41, 0x2c2006f1, 0x7016336c, 0xd082081c, 0x00000235, 0x580238ff, 
    0x2300bc02, 0x00002f00, 0x35012b17, 0x46063d33, 0x152505e3, 0x3315023b, 0x2075821d, 0x2107822b, 0xfa5d1315, 0x10b74807, 0x8a0ead56, 0x08ea59cf, 
    0x2b0a1355, 0x000d0005, 0x002b0025, 0x21000033, 0x20054c4e, 0x20648203, 0x22db8221, 0x6733063d, 0x33230853, 0x6d013d13, 0x736e05d1, 0x08115508, 
    0x420f554e, 0x7a420f78, 0xc8642206, 0x09df4264, 0x07002022, 0x29207782, 0x20093547, 0x1e295f11, 0x840b6e54, 0x20032160, 0xde4a0682, 0x08ab4113, 
    0xcb426388, 0x05d35c07, 0x46158d5f, 0x4f4109f6, 0x8b65990c, 0x000b22cb, 0x08474d11, 0x51452320, 0x5ccfa305, 0x6b840e8c, 0x9e646421, 0x001122d3, 
    0x08a17217, 0x9c0c8b57, 0x08f742dd, 0xe3917385, 0x4d416420, 0x6a002017, 0x03200a1b, 0x4907b541, 0x132007e9, 0x551ab541, 0xb8410637, 0xbc022110, 
    0x805e1282, 0x09d14b0b, 0x26095341, 0x000f0084, 0x42310015, 0x1521071f, 0x07a94623, 0x41255741, 0xac4e0f59, 0x134f4607, 0x23079f53, 0x1f00f401, 
    0x5807615c, 0x3b2c0a76, 0x1d331502, 0x15012b01, 0x0315013b, 0x4210b057, 0x106c11eb, 0x00642405, 0x4c050000, 0x5782059f, 0xcd820320, 0x2006556b, 
    0x4cca8517, 0x2b5a05f8, 0x09706107, 0x82099841, 0x09934209, 0x610cd243, 0x97410575, 0x20032508, 0x11000700, 0x46052d46, 0x35610819, 0x6f4a8419, 
    0x4a570c4b, 0x852c2008, 0x10f34209, 0x4264c821, 0x6b8b0703, 0x20075543, 0x8d6b9913, 0x13a661c0, 0x0b226b9d, 0x47481500, 0x0b294605, 0x9b596f9a, 
    0x4370980e, 0xde820d64, 0x200a2f6e, 0x094d4103, 0x6209cf4c, 0xd44c1983, 0x4272930e, 0x708210f0, 0x2007874c, 0x206d8220, 0x09054517, 0x5c0baf61, 
    0x25410a19, 0x08c74c10, 0x8b413f86, 0x61112007, 0x7c410aef, 0x223f9b0a, 0x4c1b000b, 0x33620ebb, 0x448c8313, 0x0020129f, 0x5906af4c, 0xc9820633, 
    0x22091944, 0x5423033d, 0xe4490ad8, 0x100d4108, 0x23077f43, 0x2f008403, 0x2508d944, 0x33011d33, 0xc647031d, 0x65022007, 0x91730938, 0x59272009, 
    0x8243069b, 0x4a6d8213, 0xcf421cb5, 0x000d240a, 0x8229001f, 0x0ce16179, 0x2010e85c, 0x17f36111, 0x2c567d89, 0x49118207, 0xe6440834, 0x47118208, 
    0x03620a73, 0x4e272007, 0x3b230dcd, 0x473d1502, 0x9672057c, 0x0a06420a, 0x1f4b6420, 0x13ff460c, 0x7744c820, 0x54002006, 0x678a05ab, 0x74082142, 
    0x75620d2d, 0x07e66811, 0x460cb457, 0x678e0f93, 0x13000b24, 0x81441b00, 0x07054f0d, 0x7e46d394, 0x43d5910c, 0x40460d9e, 0x054f4505, 0x1121d786, 
    0x05d37300, 0x935e3120, 0x98032013, 0x0a0447e1, 0x03825483, 0x47105041, 0xec831306, 0x2109f76b, 0x55410003, 0x079d4f0e, 0x0447e994, 0x8bf08606, 
    0x1007436e, 0x3f5ee788, 0x226b8309, 0x7c000013, 0x15220555, 0x255a1723, 0x0942410a, 0x0164c824, 0x0e8264f4, 0x200ac746, 0x06c7460f, 0x33033d23, 
    0x05165a1d, 0x8c563d20, 0x012b2506, 0x1d033b35, 0x430a8b5c, 0x1386133d, 0x00820020, 0x4b428b83, 0x00132205, 0x0691611d, 0x4c14e562, 0x18431a93, 
    0x0cc14d0a, 0x0f4a6420, 0x4c5f9e0c, 0x609a1b8f, 0x2921bf8d, 0x05874c00, 0x4612a563, 0xf34c0b61, 0x0669410d, 0x935b6499, 0x51002005, 0xc7830663, 
    0x29412120, 0x0855461b, 0x95138b4c, 0x642c2165, 0x27062b41, 0xf40138ff, 0x1b002003, 0x2d205f82, 0x4c1c1d63, 0x6f720e81, 0x21689411, 0xfa846464, 
    0x0220ca82, 0x22085b55, 0x6a27001b, 0x02250e77, 0x3d23011d, 0x195e6607, 0x6a121e4e, 0xb355087e, 0x21c38309, 0xc5a00029, 0xd3582720, 0x093a590c, 
    0x97065843, 0x053141c6, 0x4b7a0020, 0x74cd8212, 0xa55f0cd9, 0x06e14c09, 0x23150126, 0x3b353335, 0x4c0a915a, 0xce4a0be9, 0x056a4a10, 0x33410020, 
    0x06034205, 0x1f730b20, 0x08b36507, 0xd165c582, 0x82648205, 0x0c356802, 0x42070742, 0x64220976, 0x50840100, 0xbc025822, 0x6e0e5b7c, 0x23200536, 
    0x1d209e82, 0x41075f7c, 0x7c410d02, 0x219b8a12, 0x2b51f401, 0x836d8d3f, 0x836420c7, 0x8305205f, 0x6b012004, 0x0f20051b, 0x20060d46, 0x05ff7000, 
    0x21153329, 0x35333523, 0x82011d33, 0x3d1525f8, 0x15013b02, 0x82054564, 0x05f057c4, 0x46083449, 0x0c8a0c17, 0x21087f5b, 0xcd66bc02, 0x5c012008, 
    0x3d21059c, 0x0bbd6f01, 0xef622320, 0x83152005, 0x10f74e70, 0x85104d50, 0x0a937461, 0x8f471f20, 0x82ad8505, 0x82152057, 0x522320b4, 0xbb820549, 
    0x23201682, 0x840ac16e, 0x2053905f, 0x086f6464, 0x00580224, 0xaf5d000b, 0x5b252005, 0x21200bb3, 0x31209c82, 0x2321fb83, 0x34714237, 0x2109bb7c, 
    0x63825802, 0x0000172b, 0x013d2321, 0x013d012b, 0x2003843b, 0x2007821d, 0x200f821d, 0x09ab7e1d, 0x200fe445, 0x0a677f00, 0x677f3f82, 0x4533200d, 
    0x8e41081d, 0x22e98c0c, 0x82000400, 0x6a7f8400, 0x858209cf, 0x1d013b25, 0x83023d01, 0x21232105, 0x15219185, 0x5e078637, 0x9c5c0d3e, 0x0cf76b0c, 
    0x7f09ab56, 0x03230aff, 0x7f033d23, 0x431811ff, 0x4183095a, 0x0029d384, 0x20035802, 0x00001b00, 0x41318421, 0xf9461013, 0x0b67421d, 0x6e0a2b57, 
    0x152705c3, 0x23021d33, 0x8327021d, 0x0514420d, 0xe14c1082, 0x0f67410d, 0x220d4573, 0x66000001, 0x012009e3, 0x45823c82, 0x33011d2c, 0x35022b15, 
    0x23013d33, 0x59822315, 0x09831520, 0x023b3524, 0x19822315, 0x93134954, 0x0e677913, 0x19005822, 0x22056762, 0x84013b15, 0x2b152147, 0x35220782, 
    0x6684012b, 0x013b3523, 0x216d8213, 0xdd41011d, 0x4f41180c, 0x6464210e, 0x6205f344, 0x29210abb, 0x056d4900, 0x85153321, 0x249f82b6, 0x042b011d, 
    0x23c0823d, 0x2335023b, 0x08384418, 0x27201082, 0x78077d46, 0x084108e7, 0x4477840b, 0x054212a6, 0x00012508, 0x029cff00, 0x21050353, 0x6d820500, 
    0x82333521, 0x013d24bc, 0x4535013b, 0x15200599, 0x2105275b, 0xd782011d, 0x84410a83, 0x03002125, 0x23087f41, 0x0023001f, 0x24077b4b, 0x23021d33, 
    0x46451815, 0x06844108, 0x68823520, 0x23351324, 0x03823715, 0x830e2741, 0x0c0b430e, 0x82099346, 0x0a03651a, 0x72580221, 0x62860b87, 0x41185782, 
    0x45180a60, 0x93430c9b, 0x0687440a, 0x9a83e784, 0x33353322, 0x8206c772, 0x820982ee, 0x8c958e0f, 0x8a918549, 0x001d214f, 0x20074b43, 0x20538323, 
    0x07c25635, 0x013b3523, 0x9f598315, 0x0917434c, 0x09005822, 0x8206c95d, 0x82332092, 0x013d214c, 0x0f43d283, 0x27e48306, 0x3533033d, 0x3315023b, 
    0xd926644a, 0xf40121ab, 0x8407b14a, 0x702320f3, 0x2b210591, 0x21b88504, 0xa8422335, 0x0fa56a1c, 0x47089c42, 0x23200ce7, 0x82052f7a, 0x057662f6, 
    0x61352321, 0xf861058b, 0x03451809, 0x07664d18, 0x83124a42, 0x0ab3471a, 0x82580221, 0x0a5571c7, 0x4e48648c, 0x65451805, 0x0c37572b, 0x00bc0225, 
    0x630f0007, 0x421805ab, 0x1e671847, 0x06cd4307, 0x1808ad47, 0x221ad146, 0x85900164, 0x00022167, 0x012a0082, 0x00f401f4, 0x001f001b, 0x206f2100, 
    0x32b58205, 0x013d2335, 0x3315013b, 0x1d013b35, 0x33152301, 0x5327011d, 0x9742115c, 0x0560430f, 0x43091f4d, 0x012006c7, 0x41067d41, 0x136905e7, 
    0x35232208, 0x05eb4133, 0x4e156b6b, 0x84410ae8, 0x186a8512, 0x200c6f43, 0x0d637b0d, 0x20060468, 0x07245704, 0x43181520, 0x01222e6f, 0xe7496490, 
    0xf4012306, 0x7773bc02, 0x013b2606, 0x1d012b15, 0x097f7c04, 0x450a0241, 0x8b421033, 0x02642206, 0x203f8258, 0x05176a17, 0x82350321, 0x043b263b, 
    0x041d3315, 0x07215825, 0x4a0cb349, 0xd04a0fcc, 0x254f940a, 0x3533043d, 0x265e043b, 0x2b022206, 0x0f7b6d02, 0x5c0fa341, 0x00240cea, 0x00000002, 
    0x689b9f40, 0x02210687, 0x06596058, 0x25077f41, 0x33352315, 0x3778043d, 0x12674511, 0x82646421, 0x00012ae3, 0x012c01c8, 0x00bc0290, 0x08075f0d, 
    0x012b0124, 0x215e023d, 0x08bd4108, 0x68020021, 0x03230549, 0x84030020, 0xab48182d, 0x09b14112, 0x00000023, 0x22518202, 0x84f4012c, 0xf143185b, 
    0x1d332107, 0x25245d85, 0x15231533, 0x757b0c87, 0x18d42008, 0x85107b4c, 0x00002810, 0x01000004, 0x86f40190, 0x0011217b, 0x7f8b4f83, 0x8c8c2120, 
    0x4305994c, 0x454206f0, 0x204f840c, 0x239b8400, 0xc80038ff, 0xcb840182, 0x2406dd56, 0x013b013d, 0x08a26d1d, 0xeb422b84, 0xf4012109, 0x2407d760, 
    0x1533021d, 0x05d0532b, 0x09697683, 0x18012006, 0x9112b944, 0x8464207b, 0x38ff21cb, 0xc8214d82, 0x847b8300, 0xf74918cb, 0x49cb9a0c, 0xb74710a8, 
    0x0015220d, 0xf24c1800, 0x833d200e, 0x5f152095, 0x34440cee, 0x203f900c, 0x974d1837, 0x013b2309, 0xca473315, 0x162c4306, 0x02000023, 0x28008200, 
    0x20035802, 0x33001d00, 0x06e16700, 0x23350322, 0x4505f86c, 0x23240624, 0x11013b15, 0x23059a54, 0x013d2315, 0x21088671, 0x1f41013b, 0x8de28a12, 
    0x914e1875, 0x00052c0c, 0x01d4fe00, 0x00f401f4, 0x820b0003, 0x0025257b, 0x0500002d, 0x2e08ff79, 0x043d2321, 0x3b021d33, 0x022b1502, 0x82023d25, 
    0x7903200a, 0x23730d7a, 0x0985490a, 0x9a6d6f8d, 0x07234108, 0x20058b62, 0x050d461d, 0x27413520, 0x35332205, 0x6ae48233, 0x1520051c, 0x4a05e771, 
    0x636816e9, 0x05234f10, 0xed453320, 0x204f8406, 0x854b8323, 0x84232045, 0x10ef4153, 0x9882108c, 0x2009734a, 0x21ff8221, 0x4685012b, 0x83013d21, 
    0x20998297, 0x48458402, 0x33200642, 0x8c0f1d7c, 0x4a9f8c4c, 0x538206c7, 0x53821720, 0x3d214c84, 0x82f18301, 0x850220a1, 0x011d21e7, 0x3441a285, 
    0x85588e13, 0x000023a7, 0x277a5802, 0x2b212205, 0x21a78302, 0x5883023d, 0x41033b21, 0x4d180d3d, 0x4d8d115f, 0x63500020, 0x001f230a, 0x4b822100, 
    0xf9859f84, 0x4e823520, 0x4b153321, 0x5f4b061b, 0x088b5a20, 0x00f40128, 0x0013000b, 0x51820017, 0x7c0c6551, 0x82671656, 0x82c82017, 0x44977aab, 
    0x20093b6b, 0x059f5607, 0x2607e548, 0x1d022b02, 0x473d2301, 0x3d2205bd, 0x4d183301, 0x0123334f, 0x820064f4, 0x00022100, 0x3707af4c, 0x002f001b, 
    0x022b0500, 0x053d2335, 0x033b3533, 0x051d3315, 0x33271523, 0x04220f82, 0x0d82012b, 0x63230321, 0x9e411966, 0x220d8c0d, 0x88030000, 0x00092463, 
    0x713b0031, 0x01200925, 0x4d055742, 0x0142057e, 0x237b8905, 0x013b3501, 0x4305046d, 0x4018174c, 0x788c1118, 0x8c09a752, 0x883520e7, 0x05ba4e81, 
    0x2b011d24, 0xf3831502, 0x023b1523, 0x22ed8215, 0x88022b35, 0x330321fd, 0x7f978183, 0x900bdd58, 0x54521879, 0x10674109, 0x67413720, 0x063d2312, 
    0x0b47012b, 0x052c5e05, 0x73011d21, 0x6d971b0a, 0x4310bf48, 0x754106c3, 0x23f38e09, 0x023b021d, 0x3520e282, 0x33270582, 0x1523051d, 0x82032b11, 
    0x9ef09cfc, 0xbc02217b, 0xf341ef84, 0x001b2209, 0x07714127, 0x250f5942, 0x23013d33, 0xf882011d, 0x3b023d23, 0x41868401, 0x1d2105f1, 0x44818c03, 
    0x948e225d, 0x200b7342, 0x09e5741f, 0x2406e541, 0x3d33011d, 0x26ee8402, 0x33013d27, 0x82152335, 0x91012084, 0x447683f8, 0x7884203d, 0x84580221, 
    0x420420f3, 0xf38308e7, 0x41003722, 0x2212e741, 0x8d353327, 0x05b152f5, 0x13208283, 0xb115f042, 0x07b362fd, 0x00820020, 0x03820320, 0x9001002a, 
    0x0700f401, 0x1b001300, 0x2b08b97d, 0x023d2325, 0x013b1533, 0x37012b15, 0x0c6a4f18, 0x8d07624b, 0x410d8276, 0x1b220b53, 0xd3412f00, 0x41032019, 
    0x5b8405d3, 0x3d111524, 0xd4413b01, 0x0d267106, 0xbf415f8d, 0x630e8d0e, 0x002109f9, 0x09eb4600, 0x5d413d20, 0x05026c05, 0x36733320, 0x35332807, 
    0x35231523, 0x42051d23, 0x4e420c6b, 0xa45c8d0c, 0x0893680d, 0x00f40124, 0x43180017, 0x1520089f, 0x2405c548, 0x3b35022b, 0x0d2d7302, 0x460d6276, 
    0x58200afb, 0xf3543f83, 0x02c83036, 0x00900158, 0x2500000f, 0x013d042b, 0x491d053b, 0xc8200d3a, 0x2a0c2f7c, 0x58025802, 0x15000500, 0x65001b00, 
    0x3720061b, 0x23213588, 0x19451835, 0x06f94113, 0x01234684, 0x5b64642c, 0x0b200a93, 0x0123b583, 0x47021d33, 0x01200568, 0x7d08cc7a, 0x8c450921, 
    0x06ac4107, 0x00210686, 0x22fb8201, 0x85f40164, 0x233784b7, 0x35231523, 0x0cd64918, 0x4b09a745, 0x00210517, 0x06d34900, 0x84000721, 0x82372077, 
    0x76332030, 0xff640619, 0x21bf8205, 0x7d451502, 0x08ab4919, 0x01580223, 0x099b4ef4, 0x20059042, 0x0522592b, 0x6e059055, 0x8c4a11f3, 0x4300200a, 
    0x3320103b, 0x08354318, 0x3b350124, 0x514a3501, 0x1acb4208, 0x0d5f4f18, 0x23001726, 0x33110000, 0x200b0c67, 0x08451823, 0x8470202b, 0xcf4318f4, 
    0xbc02220a, 0x50e35a00, 0x1808075a, 0x18594b4f, 0x2950ab4c, 0xf40138ff, 0x11009001, 0xbd822100, 0x031d3322, 0x7f09d255, 0x138307cb, 0x08364a18, 
    0x4405ac42, 0x00231815, 0x4c020000, 0x1d2e085b, 0x00002700, 0x23152305, 0x33352335, 0xc768053d, 0x05546508, 0x023d3323, 0xa657182b, 0x13566812, 
    0x4908c644, 0x0b2409d7, 0x23001700, 0x0d1f5618, 0xcd490420, 0x206e8205, 0x11297c33, 0x2112f342, 0x1482f401, 0x0026f482, 0x0138ff64, 0x57180390, 
    0x4a180ecf, 0x3d200990, 0x07ed4a18, 0x59183520, 0x64221e67, 0x00820064, 0xc8000122, 0x091f5818, 0x49181320, 0x085c0911, 0x2052840b, 0x69421823, 
    0x14266c0b, 0x220cc75c, 0x521b000f, 0x614b0589, 0x33032409, 0x18072315, 0x4319a551, 0xb489055c, 0x43069647, 0x50180973, 0x04200867, 0x24056b44, 
    0x0b00bc02, 0x05d36100, 0xb9820020, 0x2306b344, 0x023d012b, 0x212bc682, 0x1d33013d, 0x2b112302, 0x183b3502, 0x890a0756, 0x1014425e, 0x94057476, 
    0x3315215b, 0x2b210182, 0x83528202, 0x2502215b, 0x01205b85, 0xc8235b8b, 0x5e0cfe64, 0x5b630699, 0x7b4e180b, 0x21b6820c, 0x04820100, 0x58026424, 
    0xaf445802, 0x15232606, 0x2b15033b, 0x05155403, 0x53213557, 0x0b210aeb, 0x05c16e00, 0x0a755818, 0x15331325, 0x423d1723, 0x86711559, 0x4164200c, 
    0x6420105c, 0x53085f42, 0x9f84050b, 0x9e4e0120, 0x3335280a, 0x35032b35, 0x7935033b, 0xdb890863, 0x8d0a6550, 0x001f31e3, 0x15331300, 0x2b15023b, 
    0x043b1504, 0x15022b15, 0x5805574e, 0x6778131b, 0x0a2b4110, 0x8b8c4782, 0x35022b27, 0x2b35043b, 0x5b5a1804, 0x53938e1a, 0xa75607e3, 0x041d2408, 
    0x82013d23, 0x05ac5890, 0xde822320, 0x3521a883, 0x460f8225, 0x94840a1b, 0x53d4fe21, 0xcb411551, 0x00212209, 0x219f8c00, 0xb94d3533, 0x1e32410b, 
    0x89088c4f, 0x8323204f, 0x2ca1824f, 0x15012b35, 0x35233523, 0x2b35033b, 0x20098203, 0x48a68533, 0x87410d0f, 0x0cec5108, 0x89062448, 0x001921f7, 
    0xe6515584, 0x84232008, 0x043d215c, 0x0121f682, 0x21b08217, 0x237e1503, 0x0f2a4907, 0xc821578e, 0x07d77064, 0x02580226, 0x00070058, 0x08794818, 
    0x3142e882, 0x3501210e, 0x4b077176, 0x01210d61, 0x06826a90, 0x760e7753, 0x022357bf, 0x82c800bc, 0x00072a5b, 0x3d231300, 0x1d013b01, 0x09e76e01, 
    0x00010027, 0x00900100, 0x8ccb84c8, 0x22a5841f, 0x85020064, 0x203f841f, 0x2041890f, 0x48498a03, 0xe78509db, 0x2405bb42, 0x2c01c800, 0x20738200, 
    0x41298e37, 0x9386073f, 0x21875382, 0xbf5f538f, 0x8300200a, 0x64002187, 0x339fa786, 0x00258686, 0x00000003, 0x22678864, 0x8f000017, 0x84719469, 
    0x892c20ce, 0x00002a05, 0x022c0101, 0x03f401bc, 0x20cf8384, 0x21cf8601, 0x22829001, 0x8205aa53, 0x889f8366, 0x879f8223, 0x735a1825, 0x212d8407, 
    0x551870fe, 0x076f0cfa, 0x82842008, 0x63072009, 0x4b760569, 0x77012005, 0x00224f9f, 0xbf869001, 0x420ac341, 0x827c0b0d, 0x063c4109, 0xf6820320, 
    0x17203389, 0x8709f941, 0x58d98735, 0xdc84079e, 0x765ae684, 0x0803740a, 0x00840324, 0xb7410007, 0x417b8f0a, 0x7b820ceb, 0x88640021, 0x0ab741af, 
    0xee617b9c, 0x0000220e, 0x41479800, 0x858b07f7, 0x410c3764, 0x05850504, 0x8b053b53, 0x421f208f, 0x99931149, 0x6d0c1941, 0x0d440ad5, 0x26a38209, 
    0x012c0101, 0x43f40190, 0x5b42057f, 0x9b55180c, 0x41022009, 0x00200c8b, 0x89422588, 0x107e410b, 0x43000021, 0x5b8605bb, 0x481c9342, 0x0020090f, 
    0x4210f741, 0x3b410fc9, 0x09d14207, 0x4309ff43, 0x47820a34, 0x084f5618, 0x27000d31, 0x15210000, 0x3d333523, 0x031d3303, 0x7c043d25, 0x15270657, 
    0x2b15013b, 0x7f031d01, 0xea52057d, 0x18608222, 0x420c6f65, 0x0b442153, 0x1b53420c, 0xb541e787, 0x0753421d, 0x00580222, 0x9b427b83, 0x0cf7412c, 
    0x43066b49, 0x17210617, 0x0a534200, 0x440f4b42, 0xc8200ba5, 0x4906136b, 0x0c860c5b, 0x00235f85, 0x42020000, 0x5b860553, 0x41082f42, 0xb4410cb9, 
    0x41368809, 0x398719fb, 0x180ccd44, 0x43086e55, 0x434210f4, 0x42e18720, 0x7f440943, 0x0a434209, 0xf7420420, 0x0017220c, 0x420f821f, 0x898706f3, 
    0x8d0f2b41, 0x0a144351, 0x0de06518, 0x871a1b44, 0x0f754151, 0x44087141, 0x498f281b, 0x410f3145, 0x1b440840, 0x64002118, 0xf422f182, 0x60188403, 
    0x3b2a0847, 0x022b1501, 0x3d23051d, 0x51183306, 0x4c6f0daa, 0x1cb74412, 0x450f3741, 0xfe210f8f, 0x0bdd4d70, 0x4209b942, 0x0522082c, 0xa3450000, 
    0x001f220c, 0x09154527, 0x01415d97, 0x6065880f, 0x2e4313b2, 0x0100230c, 0x6f832c01, 0x20055348, 0x0bf94425, 0xc751a882, 0x09a34506, 0x09014618, 
    0x46102345, 0x9f460c69, 0x06cf4308, 0x2b43379f, 0x90ff8c0c, 0x0c6d4339, 0x420dda44, 0x83880d41, 0x0f20db84, 0x09bd4618, 0x8d0c6d43, 0x12bf4241, 
    0x18071341, 0x2010e562, 0x10324490, 0x88094b66, 0x09cf4447, 0x234747ae, 0x4149971a, 0xe9741a19, 0x5c5b8b0d, 0x0b200593, 0x5d11594f, 0x01260501, 
    0x2b15013b, 0x61181501, 0xfd431701, 0x0cca520d, 0x82900121, 0x0000221c, 0x055f4202, 0x87073345, 0x4cab8cbb, 0x5f480e6c, 0x41358f11, 0xee430cc1, 
    0x09574c0d, 0x461acb41, 0x2f450793, 0x10364415, 0x00820020, 0x43125746, 0x0b43082d, 0x0f9d4306, 0x90123345, 0x9910835a, 0x0f8d45ef, 0x3641518d, 
    0x9a00200f, 0x41498fa3, 0x2e440c41, 0x0d166912, 0x1943ff9d, 0x1155410f, 0x4c0c034a, 0xf3441107, 0x17e54214, 0x48196541, 0x6a8f1161, 0xcb820f83, 
    0x44069342, 0x93420f9b, 0x09b74b15, 0x88159744, 0x0f3b4535, 0x440f7b45, 0x5f1809e3, 0x37666f4b, 0x065b4909, 0x462a4f43, 0x5f420b2d, 0x0fc9481a, 
    0x45104b41, 0xf8460d67, 0x42a39811, 0x03430fb9, 0x2a2f4516, 0x46089f42, 0x054a10c3, 0x865c8617, 0x08d345ff, 0x53461f20, 0x199d4211, 0x93425b97, 
    0x24034306, 0x65415d8f, 0x16c5430c, 0x420da245, 0x03200884, 0x200c9745, 0x87c98917, 0x515b8c53, 0x66470cbd, 0x2213420c, 0x550f1b42, 0x25430c25, 
    0x05144115, 0x1d425ba2, 0x08114614, 0x42089046, 0x6f41116f, 0x41b18f1c, 0x69180f77, 0x64200c2c, 0x8f0dd941, 0x22ca856a, 0x18000100, 0x29072f73, 
    0x1300000f, 0x23061d33, 0x4118053d, 0x5b4a1182, 0x0f094514, 0x430fff4a, 0xfc441611, 0x0000210f, 0x4941f39c, 0x0f03410f, 0xd2436591, 0x0c5c4a13, 
    0x7f8f6fac, 0x374b6f8d, 0x16d3420d, 0x3b4b0620, 0x432f2012, 0xdd4121a3, 0x0d4d4314, 0x930de241, 0x06e6417e, 0x00010027, 0x0038ff00, 0x238982c8, 
    0x17000007, 0x830aa353, 0x05a35342, 0x0f491f83, 0x53218707, 0x2d840f31, 0x68057c4c, 0x7744086b, 0x94558806, 0x05ff4833, 0x03000022, 0x074f8785, 
    0x8f359008, 0x08a3473d, 0xc8414185, 0x257b8805, 0x07002c01, 0xd1890f00, 0xf85d3d8f, 0x08af7708, 0x8f0b1f54, 0x883d8fe5, 0x8975857b, 0x006424c3, 
    0x82900100, 0x000f22c3, 0x053b5f13, 0x23061d26, 0x3313053d, 0x8405ce53, 0x43642074, 0x45181145, 0xff210a8b, 0x08db5438, 0xbd911720, 0x5346879e, 
    0x0ab3410a, 0x1f001722, 0x51934999, 0x3e45dd8e, 0xcb5e180c, 0x0f0f4207, 0x420f374e, 0x03240c0f, 0x38ff0000, 0x410b7351, 0xc942075f, 0x0c11490f, 
    0xac42428a, 0x53479806, 0x46841bc7, 0x780d2342, 0x6b4206db, 0x121f4108, 0x9d919993, 0xa3c0568b, 0xc80d4b42, 0x86568ba3, 0x415ba2a3, 0x03411751, 
    0x0a3f4307, 0x200d1f42, 0x0eeb4105, 0x27001f22, 0x41197d42, 0x69411765, 0x45648b11, 0x02210cb3, 0x20008200, 0x08736d01, 0x34eb6c18, 0x5307437b, 
    0x794405cb, 0x14d34208, 0x420caf44, 0x47541bd3, 0x118c4214, 0x4906d342, 0x7d9008a3, 0x18182b51, 0x4c0a2e7a, 0x634305ef, 0x0ad3420c, 0x520f6541, 
    0x17470fd1, 0x469d8a08, 0x5b820932, 0x2542a398, 0x42488317, 0x076e1021, 0x23774308, 0x420b3d41, 0x0020230d, 0x4106d342, 0xd3430847, 0x0b694238, 
    0x4109eb4a, 0xd3420e5b, 0x1b654112, 0x5e45c18c, 0x136f4114, 0x49110b47, 0x4a880f49, 0x4407a453, 0x498f28e7, 0x4a0f6542, 0xe7440d92, 0x00022112, 
    0x022f0082, 0x00bc0258, 0x002b0025, 0x3d232100, 0x711d2305, 0x3d270587, 0x3b353304, 0x7b021d01, 0x152305f7, 0x1823023d, 0x4b19e75c, 0x045e0ca8, 
    0x2dcf4208, 0x490fa743, 0xcf42080a, 0x1ca34417, 0x8f0fc741, 0x0ccb410f, 0x94086749, 0x063e426a, 0x42079b42, 0x8f4723f7, 0x0d79180f, 0x1104450c, 
    0x48180020, 0x5b8a07bb, 0x4b1a9b42, 0x78180f23, 0x39410f67, 0x06ba5b08, 0x5b470b43, 0xa541135f, 0x4d698f0d, 0x062008f7, 0x20124f46, 0x1151462f, 
    0x8f0fa541, 0x4be98b0f, 0xee8c112a, 0x200d2d4b, 0x63411800, 0x0f534a09, 0x440f7742, 0xcf4a0af1, 0x351f4606, 0x450c0848, 0x1550187b, 0x1097420f, 
    0x8342d48c, 0x46498f1b, 0x84421d1f, 0x09834712, 0x29002326, 0x33130000, 0x2408fb43, 0x023d012b, 0x27741823, 0x7c3d2008, 0xc82011d0, 0x0f647818, 
    0x210b1044, 0x41430cfe, 0x06034105, 0x4b067f41, 0xe5410a17, 0x0d924313, 0x480c2b48, 0x498f1af7, 0x54230341, 0xaf440973, 0x137f4609, 0x03435bb7, 
    0x2caf4408, 0x420f0f51, 0xf0430c17, 0x0ff94f0c, 0x674b6f88, 0x0f354618, 0x42107f46, 0x73420cba, 0x13914423, 0xa586c820, 0x570f8d44, 0x5ba30b2a, 
    0x410f3557, 0xa2480c09, 0x45be8514, 0x2d431d53, 0x0fdd410f, 0xc68f6590, 0x490fea44, 0x5d8f1c17, 0x450f7344, 0x97421345, 0x2c3b420c, 0xcba06d8f, 
    0x18107657, 0x180a8740, 0x5f0bdf6d, 0xe27a16ea, 0x0f114813, 0xe3460020, 0x4ab38f1e, 0x0e511393, 0x0ef9410c, 0x20117652, 0x1e734600, 0x4b49719f, 
    0x0c5f4b0f, 0x8f0f0d42, 0x0ad76e7e, 0x6138ff21, 0xf34408b3, 0x0fa14412, 0x4214564a, 0x1158245b, 0x5c49880f, 0xca4b0730, 0x095f5610, 0x734ca38c, 
    0x2bdf4312, 0x420cab45, 0x5d8f24b7, 0x41131341, 0x13470c7d, 0x0c734b0c, 0x411a3f4c, 0x83430fef, 0x35bf4527, 0x430f5f44, 0x834f2483, 0x0a8b4614, 
    0x970a134a, 0x14b542cd, 0x41174c47, 0x2f430caa, 0x41818f2f, 0x9f490fb5, 0x0ed7420d, 0x410d9d49, 0x50180862, 0x44180a9b, 0xad7907ff, 0x0abd7105, 
    0x89483520, 0x33352409, 0x18033335, 0x44167a4b, 0xc47f0680, 0x0e6a6310, 0x4b09f347, 0x294713d7, 0x47e38f0f, 0xc3411288, 0x15d74b14, 0xc3415d97, 
    0x4d4c180f, 0x4364200b, 0xe34e16c5, 0x566f8f23, 0x31440ffb, 0x436f9014, 0x63450c6f, 0x0fe14326, 0x940f3b42, 0x0f634579, 0x860fe848, 0x25e747f2, 
    0xc941eb8f, 0x0ce9570f, 0xd845f38a, 0x0000210f, 0x41372743, 0x11440f03, 0x0dac4f10, 0xab43ed8f, 0x18fb444c, 0x8f178848, 0x8200208d, 0x4d072000, 
    0x372014d3, 0x4109d54d, 0x0f9f0fe5, 0x44101141, 0x95410d42, 0x0d484414, 0x01010027, 0x0138ff2c, 0x209d85f4, 0x0b695d05, 0xf7563d84, 0x5d21880f, 
    0x64201493, 0x18070959, 0x08088f47, 0x00840328, 0x00330011, 0x1d331100, 0x011d3304, 0x053d012b, 0x33153313, 0x1d013b15, 0x043d2306, 0x23021d23, 
    0x3d33023d, 0x64182301, 0x8744109a, 0x0d426e0e, 0x0c228318, 0xf745a387, 0x9e002006, 0x054e4ba3, 0xdf530020, 0x086b4409, 0x5b5d3990, 0x0d50470c, 
    0x840d7152, 0x38ff23ef, 0xab4df401, 0x5b499006, 0x8e470d25, 0x4c83bf06, 0x7b4f0d75, 0x08ff4608, 0xcf9a8590, 0x490d8545, 0x5741143f, 0x0f714d0f, 
    0x460d116b, 0x5f8f0ebf, 0x77420220, 0x067b4105, 0xa18ca988, 0x56424288, 0x109f4d06, 0x29449187, 0x11f75d0f, 0x0a4c6918, 0x8f12a350, 0x111963d9, 
    0x41083c4b, 0x5b4f0ff7, 0x634d9712, 0x1f571acb, 0x18fa8310, 0x2a088f57, 0x000b0084, 0x0027001f, 0x7633002f, 0x01220b47, 0x6a831d33, 0x35022b2e, 
    0x013d023b, 0x021d3325, 0x01013d23, 0x2006dd47, 0x18078227, 0x4a0e8272, 0x894106d6, 0x06127405, 0x440ede71, 0x1f430a1c, 0x1a274123, 0x410f9b42, 
    0xd9594a27, 0x4d5ba210, 0xab420f1d, 0x0e1a4d0d, 0x470fab42, 0x032009b3, 0x26087576, 0x1500002b, 0x41231533, 0x0f4508d3, 0x48678f06, 0x71910999, 
    0x20085044, 0x0c9e4b64, 0x430db746, 0xdb440627, 0x1527430f, 0x5e05cd41, 0x83530553, 0x0f27430b, 0x470c676f, 0xdf420d45, 0x1087530f, 0xd5424b8f, 
    0x5f4b930c, 0xa3410571, 0x0fbd431a, 0x7945db90, 0x09a94213, 0x4222f744, 0x4f4b20a7, 0x51a79a09, 0x45410f57, 0x1879470c, 0x200e4c42, 0x05034801, 
    0x00bc022a, 0x01000027, 0x2b061d33, 0x073c9218, 0x33063d26, 0x023b051d, 0x0bf78418, 0x1cfa6318, 0x450c5741, 0x1f2108f3, 0x10f54500, 0x460f4548, 
    0x344a0d8b, 0x15274a19, 0x411fdd44, 0x15410cbd, 0x1412460d, 0x200ac841, 0x0c134603, 0xc9891720, 0x4c146946, 0xb6420c4a, 0x1ac3410c, 0xbd42498f, 
    0x13c14210, 0x5b0e5b67, 0xbb460e13, 0x0f394b10, 0x59118d46, 0xef511435, 0x176f4316, 0x8c14d541, 0x087c41bd, 0x440a315d, 0x27410c5c, 0x0feb421a, 
    0x4115d541, 0x4b4314d0, 0x14cb5009, 0x44173f42, 0xa5420f05, 0x45d88c0d, 0x6fac172e, 0x4214a541, 0x16460daf, 0x0aaf4214, 0x9716cb4d, 0x42718fe1, 
    0x79910c7b, 0x41199843, 0x8f180bc4, 0x774657d7, 0x0fcf4a06, 0x410c0742, 0x77460efe, 0x0f2f483c, 0x45207746, 0x1e420c7d, 0x50002019, 0x554315af, 
    0x904d870f, 0x0d7b46df, 0x4912045a, 0xa7590927, 0x415d8f09, 0xab930ce9, 0x4c0ccb45, 0xcb45088f, 0x0f1d430a, 0xa556a7a4, 0x08cf4b09, 0xb8132746, 
    0x050d415b, 0x452eb744, 0x1d450f81, 0x0cd4450d, 0x760f434f, 0x274608cb, 0x0c664239, 0x8f1aff44, 0x10c141a5, 0x4b13c541, 0xff4e094c, 0xbc022508, 
    0x27001d00, 0x09159318, 0x1d022b25, 0x18023b01, 0x4e0e1793, 0x135818db, 0x4d64200f, 0xcf561c97, 0x0cf5480f, 0xa252af8c, 0x26b34510, 0x1d416197, 
    0x11cd4410, 0x4117b345, 0x37452283, 0x0d31420f, 0x420ea445, 0x0f460bf3, 0x0ff5421c, 0x412b4f47, 0x9b5b09b0, 0x4c6fac0c, 0xd58d0f29, 0x53126f66, 
    0x7f461158, 0x8fe18f1e, 0x15b54171, 0x7c105352, 0xc25b0ace, 0x49002011, 0x735006b3, 0x0f414311, 0x420c4d6e, 0xd75c1080, 0x0f454513, 0x8c0f7d42, 
    0x152d4751, 0x4410d74b, 0x2f411bff, 0x455fa20f, 0xf74105b7, 0x455d8f24, 0x1f7510c1, 0x1020410c, 0x180eef4c, 0x21081b88, 0x97180023, 0xe75a5c73, 
    0x0f93410f, 0x46309b43, 0x1b5a3433, 0x0d2b430f, 0x5e1dac59, 0x1b5a0ddb, 0x43cd9f0d, 0x6f9d1521, 0x096f7418, 0x220e274c, 0x4c2f0027, 0x3f4111d1, 
    0x0fa3750f, 0x7949e996, 0x0dd3550e, 0x2008f442, 0x0e274704, 0x43124f48, 0x658e1ca5, 0x420cc94e, 0xfb422cf3, 0x0c59430f, 0x460c9946, 0x8b4e1726, 
    0x41c58f1d, 0x6f8c0f55, 0x4813b157, 0xb3580f69, 0x0f314218, 0x4546d98f, 0x44e58c18, 0xc54115ac, 0x1937590d, 0xed8f838f, 0x43420f8f, 0x12384716, 
    0x59110641, 0x839f17bb, 0x910f1741, 0x0c104183, 0x201d6346, 0x05077e01, 0x00bc022a, 0x37000015, 0x033b053d, 0x4905057e, 0x1085101e, 0x3741b3b7, 
    0x18eb594c, 0x8f1f3941, 0x22834485, 0x420f4e42, 0xf24f0d48, 0x072b590c, 0x72000021, 0x8d870527, 0xda5b658c, 0x5764200c, 0xad441a2f, 0x0d314d14, 
    0x09597e18, 0xa61aa753, 0x056c4947, 0x8f1c034b, 0x0c654749, 0x760c0875, 0x3a520873, 0x07c34e0c, 0x8f11cb4d, 0x11cf5559, 0xcf0a347c, 0x0cb64ca3, 
    0x4113f36d, 0x11450fc7, 0x7bad8d0f, 0xd6450ce7, 0x1d67450c, 0xa10f0341, 0x85699865, 0x75002075, 0x25080587, 0xbc025802, 0x00002f00, 0x032b3505, 
    0x3d23011d, 0x043d3302, 0x3b041d33, 0x2b043d01, 0x023b3501, 0x1d33051d, 0x4b182302, 0xfe430f9a, 0x0d1b5c16, 0x4318335a, 0x6f520f67, 0x081d420d, 
    0x4a067a5a, 0x498f1b9f, 0x43154b43, 0x42180d54, 0x9f5009af, 0x0f71411d, 0x430cd34d, 0xcf420c69, 0x1ca74716, 0xc1915d97, 0x4d11154c, 0x60440968, 
    0x1acf4d0c, 0x9b426d97, 0x0896460d, 0x4309c544, 0x675005a1, 0xa75d971e, 0x10555acb, 0x5d4d6fae, 0x4dd58d0f, 0xc94d0ccf, 0x487a850f, 0xe18f2073, 
    0xe995718f, 0x5215b941, 0xc77511c8, 0x11cf4d0d, 0x430fe542, 0xa345162f, 0x14d54b2a, 0x42123950, 0xa3180f69, 0xff664c5f, 0x0f4b4512, 0x9c14d349, 
    0x1b5b64a7, 0xb1465d9f, 0x10c56911, 0x0ee94b18, 0x5a09ef4b, 0xcf75065b, 0x00172105, 0x420aef4b, 0x47440f3b, 0x3a174622, 0x4219d941, 0x8746278d, 
    0x15af4d07, 0x0143cd97, 0x0daf4d15, 0x4d0f7c43, 0x719f25af, 0x8c11b541, 0x180647e9, 0x450c1b66, 0x9166223b, 0x0d85430f, 0xd748668c, 0x2407460d, 
    0x4f415d8f, 0x11a36e11, 0x420f9d43, 0x95423bfb, 0x0cbb4111, 0x410ee246, 0x0b530c3b, 0x0fbd441e, 0x4f410f97, 0x20e4430d, 0x6e0cfa46, 0x2b2a0a03, 
    0x00003300, 0x021d3301, 0x04831523, 0x72060c72, 0x02250512, 0x3d333533, 0x20168202, 0x09b46133, 0x0cf87718, 0x1af59418, 0x460ff248, 0xdf412ea3, 
    0x0da3460f, 0x430c7375, 0xa3460f26, 0x42718f36, 0xc9681151, 0x7f471814, 0x0c684110, 0x4726eb41, 0x6542171f, 0x0cab4311, 0x4f128048, 0xdf4d1217, 
    0x1f314420, 0x90195546, 0x0d3a4a8d, 0x410f8455, 0xbf4c0c1a, 0x92fd9121, 0x24bf4cf0, 0x4319e545, 0xcb410cb5, 0x0592440a, 0xb123bf4c, 0x0de7535b, 
    0x470d3f6c, 0xf55b1773, 0x0df44314, 0x490c5245, 0xcb871135, 0x47082f4e, 0xe9411273, 0x17274119, 0x463b4345, 0x3f481189, 0x0fc35815, 0x0c2bac18, 
    0x5dd7b218, 0x47068b46, 0x35411ddb, 0x79d7b10f, 0x15421f4b, 0x0fb94317, 0x2142799e, 0x0f3c4512, 0x4525e34d, 0x8b460f2b, 0x4d66920d, 0x5d8f2c17, 
    0x47118945, 0x174d15db, 0x0fc14337, 0x55157744, 0x37410d8c, 0x537b850f, 0xcb471fcf, 0x0fbb620f, 0xe643e995, 0x8148180d, 0x0f63450e, 0x42266747, 
    0xf3ad0fb3, 0x460cbf76, 0x719726e3, 0xd376f3b2, 0x4783b611, 0xc7420f77, 0x15b4500d, 0x430f6147, 0x674708bb, 0x0f094128, 0x1141858f, 0x1070471a, 
    0x0d828618, 0x180c9358, 0x240ffb74, 0x001100bc, 0x0cdf6e2b, 0x096e8d18, 0x3b013d26, 0x23061d01, 0x096a5618, 0x7b10cf67, 0xd54905e9, 0x2b1f470e, 
    0x44159b44, 0x775b122b, 0x0f494324, 0x4814715d, 0x0c8c0c8d, 0x470c2841, 0xeb450d8f, 0x14355825, 0x0c8c628c, 0xc74d6f8c, 0x170d452d, 0x42194f41, 
    0x9f4a0cb7, 0x0c8b4c10, 0x4434df46, 0xdf46312b, 0x0fa1453f, 0x4812a743, 0x1f501ba0, 0x062b440d, 0x5c0ce741, 0x59420aef, 0xb40f970f, 0x06fa4183, 
    0x2b440020, 0x173b4438, 0x63438d9b, 0x13775912, 0xc77b0020, 0x177d4817, 0x46195357, 0x581808a3, 0x8b41119a, 0x0c034b14, 0x8f1a8b41, 0x15294571, 
    0x47115377, 0x475415ad, 0x00002309, 0xff73f401, 0x45372006, 0x33220d21, 0x01742315, 0x70332012, 0x0c4607b3, 0x18642009, 0x4517354c, 0x86180e32, 
    0xb3460910, 0x0f71442e, 0x5c158543, 0x86410cab, 0x0f244808, 0x9739b346, 0x19894185, 0x4222bd48, 0x00200d8d, 0x43214f5e, 0x2b451793, 0x1615430f, 
    0x411c1043, 0x958f391b, 0x9a0f2b41, 0x132c468d, 0x440fb442, 0x4142503b, 0x11af4115, 0x410e4642, 0x56180dad, 0x08200983, 0x20163378, 0x094b623f, 
    0xa70f2141, 0x1639410f, 0x0e49aa91, 0x18b08d14, 0x180aaf67, 0x20076966, 0x01c61823, 0x023b210c, 0x07d47f18, 0x33353322, 0x17637418, 0x20108d74, 
    0x9f7b1800, 0x43971808, 0xaa781809, 0x18232007, 0x210f5bc6, 0x62833317, 0x0c027918, 0x14a66818, 0x1806a842, 0x2665ebb9, 0x02f40164, 0x181f0058, 
    0x8209d789, 0x413520b6, 0x0841200c, 0xcfc41811, 0x83172009, 0x1813204d, 0x240b6b67, 0x3d231523, 0x41108204, 0x5b180600, 0xd54b0cde, 0x200d830d, 
    0xc3671864, 0x209b8209, 0xbb7f18bc, 0x18152009, 0x2d07ff6c, 0x35012b01, 0x3335013b, 0x15013b15, 0x7f18012b, 0x7e1814bb, 0xb954089b, 0x2015820c, 
    0x63a71800, 0xbc022309, 0x71182100, 0x35230947, 0x84011d23, 0x2315224f, 0x185f8435, 0x9008b9c2, 0x10264baf, 0x07df5e18, 0x02580225, 0x18130058, 
    0x18083d6b, 0x2708d380, 0x33352335, 0x23053335, 0xa618b582, 0x01210ba2, 0x4190822c, 0x68820a4a, 0x840a4f42, 0xb9691847, 0x2147830e, 0x71180723, 
    0x8318103a, 0x0e820e52, 0x270a835a, 0x25000023, 0x012b043d, 0x0b054c18, 0x181d0221, 0x222989b0, 0x18030000, 0x2208176c, 0x83070003, 0x219582dd, 
    0xdd822723, 0x03820320, 0x18021d21, 0x210aa56a, 0x9418f401, 0x69180d38, 0x4b91104a, 0x07845318, 0x3d22e98d, 0x01782302, 0x146d1805, 0x200e890e, 
    0x83871864, 0x001b230b, 0xaf413700, 0x35232607, 0x2315043b, 0x20958415, 0x1846841d, 0x88103c85, 0xdb5f1810, 0x58022308, 0x61181700, 0x332408c5, 
    0x35042b15, 0x18080557, 0x42167ec7, 0x5b570d58, 0x5770180a, 0x1801204d, 0x210a0bad, 0xd4820100, 0xdc84da84, 0x022b3525, 0x18023b35, 0x180bf999, 
    0x1811a66c, 0x290da788, 0x33153311, 0x15023b15, 0xa518022b, 0xd87c08d6, 0x9b6c1810, 0x00212218, 0x239c1825, 0x5596180f, 0x432b2008, 0x33230690, 
    0x18273335, 0x4412a46c, 0x354406d1, 0x0c374310, 0x13205f84, 0x0123a184, 0x86012b15, 0x03a918a1, 0x33352208, 0x850b8235, 0x1291435f, 0x5e931282, 
    0x220a4f43, 0x431d0019, 0x384405ed, 0x05224207, 0x23235584, 0x7a253335, 0x65180a90, 0xd4610ab0, 0x64c8210c, 0x74184f8f, 0xa787084d, 0x42080941, 
    0x64231136, 0x18d4fe64, 0x820edbaa, 0x18002050, 0x25085f60, 0x0b005802, 0x85420f00, 0x181d2005, 0x2b083170, 0x012b3335, 0x023d2315, 0x2315023b, 
    0x840c2768, 0x18118ca4, 0x2a087374, 0xbc02f401, 0x00002300, 0x181d3301, 0x183be7c0, 0x86094b5d, 0x45112097, 0x2b2705d5, 0x33013d02, 0x18153335, 
    0x210f0875, 0x0182c864, 0x64219691, 0x20988264, 0x22038204, 0x82900100, 0x000729e3, 0x0011000d, 0x3700001d, 0x23234d83, 0x82332335, 0x011d234d, 
    0xe98b2327, 0x10647218, 0x210efc59, 0x73670400, 0x00582106, 0x25214f88, 0x05334233, 0x82012b21, 0x83152050, 0x44a08a03, 0x96180938, 0xbc180ee3, 
    0xae180ce7, 0x0b200723, 0x76189f83, 0x0320096b, 0xad18a986, 0x774109d9, 0x08894207, 0x8f411086, 0x075b440a, 0xbc029023, 0x414f8400, 0x13200a3d, 
    0x0c18aa18, 0xfa821520, 0x0e65ad18, 0x85184e93, 0xc0180c4b, 0x6f184faf, 0x1d2009df, 0x102f7018, 0x35249e82, 0x012b1523, 0xad18a783, 0x434508ac, 
    0x0dc34608, 0x8707af4a, 0x48bc204f, 0x1520055b, 0x21084141, 0xb5181523, 0x0c820ae1, 0x67183520, 0x83180e29, 0x00201879, 0x642aff84, 0xbc025802, 
    0x15001100, 0x59861900, 0x087c8a18, 0x33013d22, 0x20060b48, 0x21b18237, 0xaa83022b, 0x08c47f18, 0x0a149f18, 0x34436420, 0x64c8220c, 0x10374364, 
    0x043d252b, 0x051d022b, 0x3b063d23, 0x2a294704, 0x82000221, 0x209f8200, 0x239d8258, 0x1300001f, 0x2205464e, 0x44012b15, 0xeb830769, 0xa4822520, 
    0xc544f685, 0x059f420c, 0x850a6d44, 0x8e00201d, 0x0d254753, 0x2105a848, 0x53832335, 0x73051246, 0xfe220daa, 0x7a1864d4, 0xb0180d04, 0x5784083a, 
    0x9001642a, 0x0b002003, 0x00001b00, 0x200f9b42, 0x22a28402, 0x4223023d, 0x38410c97, 0x82a58a06, 0x00642447, 0x87f40164, 0x0c334347, 0x1b482320, 
    0x183d2006, 0x85096db4, 0x07814180, 0x0020488b, 0x2108df41, 0x9382f401, 0x47490f20, 0x0f714405, 0xba18e583, 0x64200836, 0x82167044, 0x0300214a, 
    0xc82a0482, 0x58025802, 0x0d000900, 0xe1841900, 0x15013b22, 0x23213b82, 0x13ba4421, 0x442c0121, 0x002114bb, 0x05fb4804, 0x11209384, 0x8905d741, 
    0x05d149e3, 0x43056d42, 0x7142071c, 0x0ddb4d06, 0xd348f087, 0xef941805, 0x58022108, 0x15205782, 0x1d229d82, 0xa1842300, 0x3b153323, 0x449d8201, 
    0x2b2305c8, 0x83013d03, 0x8aaf84ab, 0x059241f4, 0x64f40122, 0x50826382, 0x09d97518, 0x18089243, 0x200c836d, 0x05cb4411, 0x1d331523, 0x06794302, 
    0x23023d24, 0x53462303, 0x638e1808, 0x0a46470f, 0x20053f42, 0x184e8264, 0x840aafd0, 0x8213204f, 0x021d21a2, 0x23065041, 0x0133023d, 0x394cfe82, 
    0x88152005, 0x062d4285, 0x200add7b, 0x7a508964, 0xc5180917, 0x0121451f, 0x25008200, 0xbc02f401, 0x79432900, 0x25f28509, 0x023b3502, 0x8543023d, 
    0x011d2407, 0x18033d23, 0x1817e375, 0x180ed445, 0x85145791, 0x1533215f, 0x0a5e9b18, 0x82230121, 0x35332cfe, 0x021d012b, 0x33023d23, 0x18013b35, 
    0x4410897d, 0x7b1816d6, 0xbf82084b, 0x019cff25, 0x182003f4, 0x1809578f, 0x4a088e84, 0x454c06cc, 0x82352005, 0xeb7d1867, 0x08a81814, 0xfdd41808, 
    0x205f980b, 0x06074a23, 0x0d137518, 0x5d822320, 0x1f057718, 0x125f7918, 0x0ceba518, 0x08179018, 0x6f4abf86, 0x0a244c05, 0xb1186384, 0x34420ed9, 
    0x2fd31808, 0x0100251b, 0x005802f4, 0x4f08c749, 0x901805bf, 0x3525097a, 0x2335023b, 0x70901813, 0x20771811, 0xd4fe210e, 0x0a9bae18, 0x08b78a18, 
    0x82152321, 0x852320a7, 0x23352152, 0x18066c4a, 0x4b0f6c90, 0xed46105f, 0x00022405, 0x829cff00, 0x00bc229b, 0x71a1182d, 0x08fb4d08, 0xb44b1d20, 
    0x20518605, 0x08554e33, 0x5e84a782, 0xb0931720, 0x55186885, 0xc8201a84, 0x0d339918, 0x5173cc18, 0x460c774c, 0x022005c9, 0x087ab218, 0x82022b21, 
    0xe6d218ce, 0x10164109, 0x200a634f, 0xab801858, 0xd178180a, 0xab80180a, 0x0d784c12, 0xbc207f87, 0x2206bb45, 0x18033d33, 0x2308324e, 0x3523031d, 
    0x470cb74c, 0x93410cd0, 0x413f8c05, 0x15230582, 0x18033d23, 0x21083ab3, 0xa718031d, 0x42450a31, 0x01002615, 0x0000c800, 0x27d01801, 0x063d210e, 
    0x1745bb18, 0x180d7b47, 0x8209dbc5, 0x022c2243, 0x076547bc, 0x5a473d20, 0x33352505, 0x061d3335, 0x8b45c78f, 0x099b480f, 0x2005a751, 0x07db4417, 
    0x6e150221, 0x04200589, 0x47488c82, 0x0a45410c, 0x0efbd818, 0x82001321, 0x33012c3d, 0x3d23041d, 0x35032b01, 0x4d35023b, 0xa41805ab, 0x3f8f0dd9, 
    0x18095745, 0x422d3fc9, 0x37240c3f, 0x012b023d, 0x8b1a964f, 0x0f3b42c1, 0x49430120, 0x042b2705, 0x3d013b35, 0x8f183303, 0xcc490f3d, 0x9797180d, 
    0x3311260e, 0x033b011d, 0x07774215, 0x3d231523, 0x18b64a03, 0x1d217791, 0x05c25304, 0x20057045, 0x82c51803, 0x0e28410e, 0x0120ef8e, 0x20056842, 
    0x23f48323, 0x031d012b, 0x0d1eb018, 0x112aef9b, 0x3d331533, 0x031d3302, 0x8650013b, 0x1f821805, 0x0ce9420c, 0x200d9747, 0x05995115, 0x2607df41, 
    0x15333533, 0x1835013b, 0x4f0ffe9b, 0x33411127, 0x5319200b, 0x5e42080f, 0x011d2107, 0x8c10cc46, 0x074b45f9, 0x89059f42, 0x5323203f, 0x0424074f, 
    0x3d013b35, 0x0ae57e18, 0x820e1c6c, 0x0aa3500e, 0xab433f82, 0x05324209, 0x18012b21, 0x4112c897, 0x80180d06, 0x1f220bcb, 0x4a182700, 0x4a182083, 
    0x44531577, 0x0efb470e, 0x4143df88, 0x09d44b07, 0x1a423b20, 0x6464211c, 0x9342df8d, 0x092f5006, 0x42011d21, 0x5f411b96, 0x071a4212, 0x0a5cd718, 
    0x460c0244, 0xdf410eef, 0x3311250e, 0x013d3315, 0x45085b41, 0x78180f4a, 0x77180d2c, 0x0d220fcf, 0x7f181b00, 0x35210935, 0x26468233, 0x23352315, 
    0x49043b35, 0xce1809f5, 0x02210c05, 0x49418258, 0x934a05f4, 0x2047840c, 0x11c61801, 0x33272709, 0x3d23041d, 0x75182302, 0x46180734, 0x32730e80, 
    0x0a8b4a0d, 0x2b254789, 0x023b3504, 0x218d8213, 0x8e83022b, 0x4e128b45, 0x8e8807a7, 0x1d284791, 0x23153302, 0x033d2315, 0x35208f84, 0x3d218e82, 
    0x8e4c1801, 0x0e564108, 0x200e1f42, 0x069b48c8, 0x33130022, 0x84074948, 0x82352092, 0x5cca188f, 0x6b71180a, 0x055f410e, 0x26063b44, 0x1900f401, 
    0x85250000, 0x413320c3, 0x2b210556, 0x424d8302, 0x914d0cee, 0x08e3450c, 0x2005a746, 0x9599181f, 0x02c21814, 0x8413200a, 0x0c2e420b, 0x20166548, 
    0xe78518fe, 0x889f8309, 0x330124df, 0x85153315, 0x84e08296, 0x67bc18a6, 0x3fde180c, 0x34df1808, 0x087f4207, 0x2b20df86, 0x22052b4c, 0x4135023b, 
    0x232005aa, 0xe09d4f82, 0x00000223, 0x207f8500, 0x065b570d, 0x15023b22, 0x01227c83, 0x7b42032b, 0x07e74122, 0x3f847f82, 0x81872520, 0x20a7d718, 
    0x8b586420, 0x417f8a09, 0x04240501, 0x13023b35, 0x6c427f85, 0x427f901e, 0xd81808a5, 0x7e861e26, 0x431fa742, 0x23223c37, 0xef42021d, 0x18032030, 
    0x2508f3d8, 0x000d0009, 0xc1180017, 0x3d23074d, 0x84153301, 0x249e18d2, 0x07734213, 0x3f833b82, 0x58026428, 0x19002003, 0x55561f00, 0x18332006, 
    0x2c0aab9b, 0x3b35032b, 0x022b3503, 0x15013b35, 0x10ec5827, 0x460dff42, 0x63820c8c, 0x43071347, 0xd018050f, 0x642169af, 0x05274a01, 0x57002321, 
    0xcf8c05a5, 0x4905af4d, 0x1520056f, 0x5808e444, 0x7d4e1096, 0x51cc8210, 0x072009ff, 0x0853d818, 0x33224183, 0xc14d2315, 0x013b2106, 0x23240a82, 
    0x3523013d, 0x35231782, 0x83f40133, 0xc15d1857, 0x52c82011, 0x034d0d09, 0x05ad520d, 0x1d22b384, 0x9a182301, 0x3b220800, 0x8c183501, 0xb55b1557, 
    0x18002012, 0x2308c7d0, 0x2f005802, 0x20084748, 0x834f8323, 0x06534dac, 0x33205b82, 0x20070b4d, 0x445f9c35, 0x53611048, 0x062f600d, 0x2805334f, 
    0x00130003, 0x0023001f, 0x20798329, 0x0560443b, 0x33207083, 0x24052341, 0x35012b37, 0x206d8223, 0x201a8215, 0x3da21825, 0x49118309, 0x897b1598, 
    0x098b560c, 0x8206c342, 0x0600217a, 0x2205f34d, 0x8c002003, 0x8421207b, 0x053441df, 0x83153321, 0x830320f7, 0x8401200c, 0x1837206a, 0x840808c2, 
    0x15364413, 0x0ca9ae18, 0x0c397e18, 0x0b2ba418, 0x85062b50, 0x8325207b, 0x207992f5, 0x2af48323, 0x012b1503, 0x013d2327, 0x83251533, 0x18032075, 
    0x18168dd2, 0x18132daf, 0x580e46c1, 0x23200afb, 0x5d066551, 0x885d0682, 0x76e41805, 0x05894209, 0x35331524, 0x63413323, 0x42491811, 0x0cbd430b, 
    0x2008ab50, 0x0e5b4105, 0xd541df84, 0x05c54811, 0x23150324, 0xde823715, 0x44011d21, 0xdb46057a, 0x0d32420c, 0x0fd19718, 0xc8212a84, 0x0ae37b64, 
    0x00002924, 0xcd7b3301, 0x205d8205, 0xf2501804, 0x12fd5d14, 0xa518668d, 0x2320100f, 0x510a755b, 0x33240507, 0x23353335, 0x19480182, 0x95a31814, 
    0x0b07600e, 0x09bde618, 0x56435383, 0x06a54308, 0x53425382, 0x0e564413, 0x200bf35c, 0x05334c11, 0x25059f56, 0x3d23031d, 0xa2183303, 0x8a490f7b, 
    0x67811815, 0x08b74b0e, 0x09b5cc18, 0xcd181320, 0x4f430bbc, 0x0b634205, 0x2008f147, 0x8b4a1800, 0x5415200b, 0xb55a05ab, 0x37561806, 0x08a64e0c, 
    0x41187e74, 0x2f270a77, 0x33010000, 0x412b061d, 0x332605c1, 0x1d33053d, 0x52183305, 0xde492cb9, 0x0a1f420a, 0x1f423520, 0x425d9412, 0xa4182024, 
    0x03410dd9, 0x0017310b, 0x2100001f, 0x053d012b, 0x013b3523, 0x013b021d, 0x0a8e4b18, 0xa6180120, 0xe9181a94, 0x00200e27, 0xf425ab82, 0x2100bc02, 
    0x05d54200, 0x35230629, 0x022b1523, 0x8533063d, 0x023d2653, 0x013d3303, 0x5051832b, 0x67180d02, 0x0e6c19fa, 0x0aeb5e05, 0x5d821720, 0x83110021, 
    0x85022050, 0x032b23a4, 0xda18053d, 0x894219dc, 0x4768180e, 0x20ab860a, 0xabe4180b, 0x022b2412, 0x18023b35, 0x18076098, 0x481a928e, 0x24570d17, 
    0x23a01808, 0x822f200c, 0x82332067, 0x106d18a9, 0x1d232507, 0x013d2304, 0x097f6018, 0x0e01e818, 0x2026c541, 0x20008200, 0x27048401, 0x00bc02f4, 
    0x25000027, 0x2c535382, 0x3d332408, 0x41013b01, 0x6b820568, 0xcc823320, 0x1828525a, 0x220a278b, 0x18f40100, 0x864813d7, 0x200321ab, 0x07d38818, 
    0xcf4b1520, 0x0c2e5705, 0x021d0225, 0x83043d23, 0x129c4bae, 0x18055d41, 0x521589e7, 0x934f05b3, 0x2db38206, 0x001d0015, 0x21000025, 0x043d022b, 
    0xeb18033b, 0x2720087a, 0x20050d65, 0x1b146537, 0x4b0d5745, 0x0021070e, 0x05fb5d01, 0x11255b82, 0x3d370000, 0x23558203, 0x031d022b, 0x180c2851, 
    0x230abb8b, 0x580238ff, 0x27202b82, 0x0cbf4118, 0xec820220, 0x52013b21, 0x3b820597, 0x2dbf4118, 0xb7180020, 0x57820867, 0x1b000922, 0x5067d718, 
    0x5782f420, 0x82002121, 0x180120b1, 0x2408a6e2, 0x1d23013d, 0x52921801, 0x833d200b, 0x1833201b, 0x18149fce, 0x421acbd1, 0x5b180652, 0x678207bb, 
    0x0f000b28, 0x19001500, 0x92182500, 0xaa480c03, 0x84312008, 0x1fe81809, 0x05784129, 0x18078b45, 0x4f07aba0, 0x134305de, 0x85e91805, 0xfdd01809, 
    0x0df44114, 0x6b410020, 0xbc022409, 0x18001f00, 0x2307a1bc, 0x023d2304, 0x10d5e918, 0x5c180320, 0xb5420a5c, 0x61c82010, 0x67890e7b, 0x0b279618, 
    0x47056743, 0x5f830567, 0x1b473320, 0x2b352305, 0x9c181d01, 0x012007ed, 0x5c117263, 0x17500ac8, 0x254f850e, 0x2500001b, 0x4382023d, 0x2505fc55, 
    0x3533023d, 0xe018023b, 0xf18d08b6, 0x103f9b18, 0x43850020, 0xa5671120, 0x08425608, 0x41512520, 0xbaa21809, 0x5d702008, 0x68460ef2, 0x06fb430e, 
    0x62f40121, 0x04230667, 0x18013d23, 0x410c0f90, 0x00201e93, 0x0cffda18, 0x09bbac18, 0x1833b418, 0x0af4a618, 0x21139c48, 0x03636464, 0x22978c05, 
    0x82023d25, 0x23032593, 0x043b043d, 0x18222541, 0x1809f3d4, 0x2145c7d7, 0x00820004, 0x18f40121, 0x894c8b9f, 0x001323df, 0x77443700, 0x15042105, 
    0x18111a56, 0x210e27a9, 0x878438ff, 0x4dcbd518, 0x2c062f41, 0x2300bc02, 0x00002b00, 0x011d3313, 0x051e5e33, 0x20066244, 0x35d41835, 0x2933520c, 
    0xb218bc83, 0xd34808a9, 0x33b11808, 0x00012258, 0x06db4500, 0x00002130, 0x031d3301, 0x23021d33, 0x042b013d, 0x0c82043d, 0x3d023b23, 0x0d044402, 
    0x8312a543, 0x639a18b1, 0x5911200a, 0x02230b23, 0x45023b35, 0x5a45105e, 0x0aeb4412, 0x87842320, 0x81860420, 0x033d3322, 0x33208782, 0x8496868d, 
    0x0cf77d18, 0x01580223, 0x06b549f4, 0x5194d38d, 0x4218d744, 0x9b820e4b, 0x5782f420, 0x19001322, 0x31055f4a, 0x3b352303, 0x3b011d01, 0x15331501, 
    0x33271523, 0xe0182b35, 0x27411daa, 0x001b210a, 0x20057141, 0x06534a04, 0x85330421, 0x013d2147, 0x11ada018, 0x85107850, 0x05865d96, 0x1320538a, 
    0x0a13e718, 0x90823320, 0x3d032b24, 0x1d480103, 0x10aa4505, 0x860a4441, 0x00042347, 0xa3570000, 0x00032a05, 0x000b0007, 0x37000023, 0x05025015, 
    0x35012b24, 0x0b822133, 0x820b8150, 0x1d0322fa, 0x06597e01, 0x4e0d2542, 0x00211040, 0x225b8e06, 0x831f000f, 0x8a25205f, 0x35312b5f, 0x012b1533, 
    0x033d2315, 0xbb82033b, 0x35312324, 0x56841523, 0x620cbc7e, 0xde180762, 0x97410d3b, 0x00092406, 0x18210017, 0x2b0849e0, 0x022b013d, 0x35023b35, 
    0x03021d33, 0x0eafd318, 0x21172e46, 0xc5182c01, 0x13200cd3, 0x83060168, 0x8233203e, 0x3533219e, 0x4705e568, 0xad4f0623, 0x73f31805, 0x0a364b0f, 
    0x470d4f4b, 0x63410787, 0x06014105, 0x0a5d1120, 0x22fa8205, 0x18023d03, 0x200f5ef4, 0x18618203, 0x8e0d2f8a, 0x08cf7b5c, 0x2359d420, 0x0013290c, 
    0x15331300, 0x021d013b, 0x5f06a755, 0x285e0f85, 0xeff2180c, 0x0567660e, 0x2b011d25, 0xa9013d02, 0x15252237, 0x058e4f23, 0x3b013d23, 0x05b05f02, 
    0x180aab46, 0x450c47b5, 0x022706c7, 0x00190058, 0x4f023d00, 0x3b2305c8, 0x82031d03, 0x05de4841, 0x66179e41, 0x3f840d67, 0x23207787, 0x20083842, 
    0x44c08233, 0x4b5a1a21, 0x4fbc2009, 0x1d2005b9, 0x8205dd41, 0x848b827c, 0x0cd65efc, 0x5a101a44, 0x575f088b, 0x83352008, 0x1d3322c2, 0x05ec4802, 
    0x3d032b22, 0x0c76aa18, 0x8b508b8e, 0xf4012108, 0x46055d42, 0x30460636, 0x23352107, 0x67072549, 0x498e10d5, 0x88092541, 0x05235f53, 0x20083970, 
    0x054e4133, 0x18059841, 0x4e147d9a, 0x9b6b0e4e, 0x0a1b6812, 0x35022b27, 0x021d033b, 0x44991833, 0x60702014, 0x00201001, 0x01200082, 0x6205fb65, 
    0xa0180523, 0x1d26096f, 0x35032b02, 0xc961023b, 0x11d64808, 0x450aa142, 0x981807d7, 0x61690beb, 0x209b8905, 0x05c04c02, 0x9b850120, 0x200d586e, 
    0xa5e71864, 0x09474210, 0x58026422, 0x6908bf62, 0x3b24085f, 0x032b1502, 0x4408214a, 0x9a8f10cc, 0x01219784, 0x214782f4, 0x97820013, 0x3b822520, 
    0x043b0424, 0xef18041d, 0x21440814, 0x834c900a, 0x0e7344dc, 0x841843b0, 0xbf4509cf, 0x00132406, 0x8a00001f, 0x23352187, 0xf75f0183, 0x1889950d, 
    0x8608fb99, 0x25478ccf, 0x022b023d, 0x6b5a3315, 0x0fb24315, 0x2309cf4f, 0x2100f401, 0xd5188d82, 0x3d210808, 0x091b7301, 0x4a033b21, 0xd254209b, 
    0x08774308, 0xcf185820, 0xdf420881, 0x05424407, 0x021d2322, 0x9866e783, 0x0eb04111, 0x200d0f5e, 0x07a4181d, 0x433d200f, 0x4bc306c7, 0x7c473520, 
    0x95152005, 0x100e5d4b, 0xe39a0020, 0x3b352323, 0x48e81802, 0x103c6416, 0x20053143, 0x10734708, 0x1700132d, 0x1f001b00, 0x33250000, 0x86272315, 
    0x82012003, 0x82252007, 0x07917203, 0x6907ee60, 0xec180568, 0x0783079f, 0x0b4afa18, 0x182c0121, 0x6109e19b, 0x13200cf7, 0x480a7942, 0x4b490d15, 
    0x0507470f, 0x200fab42, 0xdfb1183d, 0x19a94210, 0x0100002c, 0xc8006400, 0xf4019001, 0x77830b00, 0x023d0124, 0xf918023b, 0x6b58086d, 0x8a02200a, 
    0x8a0f2027, 0x35272229, 0x09cd5723, 0xfa186889, 0x15200f03, 0x25066c6e, 0x2335022b, 0x6142013d, 0x0c4b470d, 0x82000421, 0xf4012100, 0x640fc718, 
    0x5a09b747, 0x1d23087b, 0x82152301, 0x023b23a3, 0xec18013d, 0x42410c52, 0x12124310, 0xbc22f388, 0x13432300, 0x634f8307, 0x33200586, 0x33215188, 
    0x415a8215, 0x9b690f04, 0x20578a1a, 0x92578f15, 0x0c914649, 0x820a7378, 0x6925203b, 0x35200857, 0x0acfb018, 0x51113b46, 0x63420a3f, 0x25002407, 
    0x6a35012b, 0x02200558, 0x95057047, 0x42002036, 0xb9180ccb, 0xec184f03, 0xb9180a13, 0x835d268b, 0x41172005, 0x1d250537, 0x23153301, 0x055c5c1d, 
    0x23013d26, 0x013d3335, 0x410b4168, 0xb3550c39, 0x9027200c, 0x183a833f, 0x210730bb, 0x15533315, 0x414f8f05, 0x1a831ad3, 0x220d7b43, 0x82153313, 
    0x05e8449c, 0x0dadc218, 0x0a37a418, 0x65d7c818, 0x6400012a, 0x90016400, 0x0f005802, 0x0221f786, 0x21988323, 0x2d41023d, 0x0cb24307, 0x2f85c784, 
    0x6f076741, 0x8c6c08ba, 0x083d4305, 0x62113543, 0x11210977, 0x06634200, 0x35330122, 0x07fe6318, 0x18136342, 0x2908578e, 0x0700f401, 0x13000d00, 
    0x39851b00, 0xa1823482, 0x0d8dfa18, 0x147bfa18, 0x430e8e52, 0xef840523, 0x37208382, 0x2205c74a, 0x42013b35, 0xf94305e6, 0x7bb91810, 0x20f38509, 
    0x20838205, 0x82838315, 0x18348239, 0x220bfcc7, 0x82012b37, 0x18418447, 0x5f0bbedd, 0xbf7b0d74, 0x001d220b, 0x1b021921, 0x08f17208, 0x220ab66c, 
    0x67013b15, 0x224d0f4c, 0x0edc4a08, 0x5e06535c, 0x2f20059b, 0x200ab369, 0x058f5e02, 0x44087b6d, 0x6f840713, 0x4812536b, 0x7b6d0f98, 0x115b4a15, 
    0x7872b684, 0x55bf960e, 0xbb890f16, 0x4b450220, 0x011d2306, 0x4b83013b, 0x33200582, 0x2005c043, 0x07ce5833, 0xc2180320, 0x75430e27, 0x06c7551a, 
    0x7a05b34a, 0x02244147, 0x00006400, 0x5c06ab46, 0x03200a7d, 0x65090d58, 0x96830ab8, 0x18200321, 0x4b0d35cf, 0x13220fdf, 0xe0831533, 0x49231521, 
    0xf84105eb, 0x13ab6e0b, 0x200e4d43, 0x10d36200, 0x1805336d, 0x210f3fa7, 0xd4622321, 0x10dd4209, 0x8c087143, 0x05d4625c, 0x20094f75, 0x07a54225, 
    0x15233524, 0xa718012b, 0x3d2111a2, 0x18bf7e01, 0x2012cf5a, 0x20008200, 0x05475302, 0x00580227, 0x0035001b, 0x06c84f00, 0x06623320, 0x20ff8208, 
    0x06484715, 0x15820320, 0x2a497291, 0x8dd9900f, 0x0d3f7410, 0x09af8818, 0x79762d20, 0x09455b11, 0x7a2b3521, 0x23200863, 0x0819eb18, 0x68112f6d, 
    0x4341086f, 0x08a8430c, 0x2109cb72, 0xef825802, 0x65532320, 0x63152005, 0xa0760bad, 0x21718909, 0xf776032b, 0x11cd6714, 0x180c835d, 0x200983c6, 
    0x24d98429, 0x2b15013b, 0x063d4103, 0x15033b22, 0x2008de50, 0x05834f23, 0x18137045, 0x181b76f9, 0x720a7fb6, 0x13710893, 0x21bd830a, 0xb9833503, 
    0xc2180585, 0x0b6d11af, 0x0e75600c, 0x21075344, 0x977b00bc, 0x0cd36409, 0x3b350323, 0x05d24b03, 0x1818937b, 0x70131d45, 0x01270ab7, 0x000900f4, 
    0x52190015, 0xb2180af5, 0xf3180a11, 0x41181643, 0x4b620dd6, 0x0000210b, 0x2509c742, 0x00350017, 0xff183500, 0x99620851, 0x1833200a, 0x220b07a8, 
    0x8223011d, 0x013b21c2, 0x5c062541, 0x8d410c40, 0x0bc64213, 0x460cf245, 0xbc220947, 0x277d0700, 0x05194109, 0xab181520, 0xa7651247, 0x0d184307, 
    0x1581d818, 0x2520d78f, 0x4305116f, 0x45500591, 0x35332105, 0x01200182, 0x66099b43, 0x47181413, 0xd4200821, 0x7f0f5646, 0x34790eb4, 0x059e6a08, 
    0x200a8378, 0x43db830b, 0x1523077d, 0x44333523, 0xdd901d0f, 0xff431085, 0x41582013, 0x35210537, 0x056f5b33, 0x4109e778, 0x9b4113a3, 0x12934117, 
    0x22052346, 0x7827000b, 0x5e820ce3, 0x40672320, 0x08876d05, 0x84430220, 0x07e91805, 0x44728617, 0x13550c55, 0x00642105, 0x2905e74a, 0x000b0005, 
    0x37000017, 0xb2823335, 0x26059164, 0x3523023d, 0x181d023b, 0x180f07ff, 0x830bfaeb, 0x3f641843, 0x203f8209, 0x823e8213, 0x013b2402, 0x822b021d, 
    0x013d2293, 0x18028223, 0x4b0b35c9, 0xcf630f29, 0x4fbc2009, 0x4183051f, 0x07b8c618, 0x2b352327, 0x35231502, 0x22438333, 0x7535013b, 0xfa43151d, 
    0x0550570d, 0x2106874a, 0xc518f401, 0x23200883, 0x83059941, 0x8235204d, 0x0adb4151, 0x5e0a7641, 0xf2180a57, 0x64225573, 0xb4189001, 0x938b0aff, 
    0xe5433320, 0x0c734205, 0x560d1042, 0x6b4a0c2b, 0x5cbe180b, 0x0000211b, 0x220aff57, 0x7c090005, 0x734a097b, 0x33012406, 0x4a232115, 0x352305fc, 
    0x7c271533, 0x794a077a, 0x13ac4208, 0x090f4a18, 0x130b9c18, 0x5d394b5d, 0x53d3054c, 0x82000521, 0x58022900, 0x0b002003, 0x1d001300, 0x4305395c, 
    0x2b3106a5, 0x01013d02, 0x1d33013d, 0x3d132302, 0x031d3303, 0xebda1825, 0x79642010, 0x0c4106fa, 0x06494309, 0x20051966, 0x20178964, 0xc6d118c8, 
    0x03002108, 0x02207385, 0x1805ef7d, 0x20097d42, 0x05996f23, 0x2007ed7d, 0x05df5011, 0x6b072061, 0x6c180601, 0xc5180cae, 0x15420d69, 0x67f1180a, 
    0x00002733, 0x20035802, 0xad482300, 0x23352409, 0x7b23011d, 0xe5770a5e, 0x79d78909, 0xd1181a9e, 0x578408c7, 0x15001122, 0x0815c718, 0x08f14618, 
    0x0223eb8c, 0x83023d23, 0x013d2171, 0xb044eba1, 0x7801200f, 0x252308ab, 0x82130000, 0x15232356, 0xba82023b, 0x6a823520, 0x03821520, 0x33023d24, 
    0xa06b3315, 0x180a8205, 0x4b0b57b3, 0xaf4f1adb, 0x9cff2705, 0x5802f401, 0x57852100, 0x0320558d, 0x56836982, 0x3d012b23, 0x0e7d4601, 0xb018a18c, 
    0x4f840d6f, 0x0ec70c19, 0x8e543520, 0x52418a11, 0x152013fb, 0x2205bb61, 0x4d012b01, 0x379f0e61, 0x82152321, 0x05656a01, 0x18370d19, 0x450c5344, 
    0x1f510779, 0x6f0d1908, 0x092f6619, 0x2209a751, 0x4715012b, 0x152005b8, 0x8205174e, 0x19b3903d, 0x18169e0f, 0x220a47d8, 0x450f000b, 0x1d2405b3, 
    0x033d2304, 0x10e39a18, 0x180afc42, 0x5d0adf9a, 0x17240a3b, 0x33250000, 0x33228184, 0x985a022b, 0x0ee24b08, 0x180c135b, 0x820d6fd5, 0x07795d3f, 
    0x46822520, 0x3d012b23, 0x056d5d01, 0x450dba49, 0xc3460ca7, 0x82582009, 0x214182bd, 0xd95a3301, 0x013d2305, 0xed4b013b, 0x08195908, 0x0e01f718, 
    0x00204a83, 0x210c5f74, 0x4382000f, 0x15331126, 0x011d013b, 0x20089d5c, 0x67431823, 0x07ee5909, 0x84080c41, 0x09474f42, 0x15000328, 0x33010000, 
    0x87822315, 0x4206b752, 0x32830777, 0x21095d6f, 0x5a449001, 0x6600200b, 0xd9180817, 0xd61809cf, 0x2b5d077b, 0x042b2106, 0x480e8442, 0x8b860870, 
    0x0a43c818, 0x84005821, 0x82398287, 0x09a34c87, 0x4f013d21, 0x49180575, 0x0c890c1a, 0x02196420, 0x03220a13, 0x7f7b0700, 0x83232006, 0x15132145, 
    0x22065842, 0x18231504, 0x830b884a, 0x827e8283, 0x08bd6143, 0x2207d341, 0x820f00bc, 0x00232641, 0x1d330100, 0x089f5502, 0xf0460520, 0x5f451805, 
    0x099c410b, 0x4e4ad420, 0x0c5e4108, 0x46181587, 0x5b8809ef, 0x5606416a, 0x052205a0, 0x6a82023d, 0x09a04018, 0x8e11ad77, 0x07814156, 0x2305274b, 
    0xbc022c01, 0x08e59d18, 0x40180520, 0x042007f1, 0x0839f718, 0x82121e65, 0x274918f7, 0xcfd1180d, 0x1835200b, 0x1907bd4c, 0x18153811, 0x230cef44, 
    0x5802f401, 0x2305034a, 0x3335012b, 0x2205c175, 0x44331523, 0xf0420580, 0x0822410c, 0x420dff78, 0x042105f9, 0x20748423, 0x21448201, 0xce4f013b, 
    0x0e2f4510, 0x180cf355, 0x84098bd2, 0x85042076, 0x0cbc4484, 0x820eba71, 0xefa7183e, 0x00202108, 0x20052f42, 0x14014421, 0xf3181120, 0xc6450ee4, 
    0x21dc8a0c, 0xe34d2c01, 0x01642307, 0x538a03f4, 0x20151544, 0x44568503, 0x79180d1c, 0x00420c66, 0x42588308, 0x57820697, 0x17000f22, 0x4405b153, 
    0xaa8f1229, 0x0e6bbb18, 0x8308424b, 0xa8fd21b6, 0x85077f47, 0x445786af, 0xac8a143d, 0x6d102879, 0x55890936, 0x73000021, 0x012306bf, 0x831d00f4, 
    0x232125ad, 0x1d23033d, 0x2a0a0568, 0x33011d01, 0x23153315, 0x18013d15, 0x410fcbf8, 0x8f6e0c60, 0x055b540f, 0x4f182b20, 0xa8460ab7, 0x22478306, 
    0x82043d23, 0x19352054, 0x6009fd13, 0x4c850e14, 0x550ed245, 0x42180d99, 0x2320098f, 0x0c71f518, 0x89080350, 0x149b5f6e, 0x8d087253, 0x8e0020c5, 
    0x07d54457, 0x4d066354, 0x232405ec, 0x33353335, 0x49127747, 0x9b641a42, 0x851f200c, 0x21aa85b1, 0x184a012b, 0x33042406, 0x4d33011d, 0xc8200f01, 
    0x0975fb18, 0x014da889, 0x0d934605, 0x11205382, 0x352c5082, 0x2315023b, 0x35022b15, 0x012b2523, 0x8305704c, 0x7a332012, 0x56410aff, 0x3df6180a, 
    0x0ac7770d, 0xcb690f20, 0x05e55605, 0x023d2327, 0x27233533, 0x24588233, 0x23021d33, 0x860f8335, 0x07306439, 0x850ef343, 0x854f92aa, 0x2091849a, 
    0x579f8227, 0x152005cc, 0xf0185282, 0xac430c18, 0x47a08e09, 0xf3820e43, 0x0c87f318, 0x27013d22, 0x074ea083, 0x99cd1805, 0x954f860a, 0x094b5fa4, 
    0x68094f56, 0x2b24066d, 0x033b3503, 0x4905ca4a, 0xe94812d5, 0x07a71816, 0x53588208, 0xba1806c3, 0x2b2307df, 0x45011d01, 0x012007f0, 0x6209b06b, 
    0x0245108a, 0x0c706b0e, 0x560e9749, 0xf7560efb, 0x0e974f1b, 0x0d675818, 0x1522fb82, 0x9d7b1d00, 0x08d75409, 0x35012b27, 0x2335013b, 0x48131907, 
    0x4703200a, 0x62480f9a, 0x08f94609, 0x470a2045, 0x0028054f, 0x58025802, 0x21001300, 0x2207e950, 0x7c33023d, 0x352406ce, 0x05233523, 0x2207324d, 
    0x18112304, 0x890c4a48, 0x11aa4c51, 0xc9186484, 0x002009a3, 0xd5186387, 0x2b21090d, 0x0ab14301, 0x013d0523, 0x19cc8223, 0x840cda14, 0x20b59054, 
    0x08174564, 0x4c18b384, 0xf9430e71, 0x23072607, 0x013b023d, 0x0ae35e15, 0x07585a18, 0x4f895090, 0x517abc20, 0x011d2107, 0x0719f818, 0xa5870420, 
    0x3521f884, 0x15527a33, 0x1816a668, 0x18079353, 0x220733cc, 0x18000025, 0x250da350, 0x012b013d, 0xa783043d, 0x33021d24, 0x53182535, 0xd7460fe3, 
    0x21b39008, 0x53186464, 0xe75d07a7, 0x20598408, 0x061b4233, 0xfe825682, 0x6b157548, 0x0321085b, 0x20ef8220, 0x97511827, 0x0ead6e0f, 0x1c519318, 
    0x01219792, 0x0a977e90, 0x02580223, 0x066b6658, 0x022b0222, 0x460aee41, 0x3520055e, 0x03443f8d, 0x6598820e, 0xa5590843, 0x0b3f4605, 0x023d0227, 
    0x3b011d33, 0x0dc21801, 0x1257620c, 0x82000221, 0xf4012100, 0x4d70eb89, 0xd5ed1816, 0x08755010, 0x15cbcd18, 0x1320e794, 0x02209283, 0x4205486c, 
    0xbe490bdd, 0x5fe6900c, 0xe7910aeb, 0x3d234683, 0x9f023b02, 0x097b44e7, 0x43181b20, 0x01760987, 0x022b2305, 0x0b4e033d, 0x0e754414, 0x8c0a0377, 
    0x2b032343, 0xee723502, 0x0d006206, 0x1252ed18, 0xa368438d, 0x243d8207, 0x15023b03, 0x438f852b, 0xe3470d94, 0x4bdc180d, 0x7d012009, 0x00200513, 
    0x0220438a, 0x3b23c582, 0x43031d02, 0x439610d8, 0x21052f5c, 0x7f4c0017, 0x0adb7b07, 0x15333522, 0x0fb8d118, 0x410c9741, 0x3f840a93, 0x0c5dc018, 
    0x3d233523, 0x5a3f8402, 0x3f9a0c42, 0x23061f5c, 0x3523021d, 0x4216976a, 0xfb420eb9, 0x207f910b, 0x5a7f8315, 0x7f8d1054, 0x0debe118, 0x31002d22, 
    0x23b1e218, 0x2113a35e, 0xee1870fe, 0xf0480942, 0x08a44413, 0x0d6f4818, 0x4918bc20, 0x23240abb, 0x1533011d, 0x6b05a04d, 0x555c0f57, 0x0907660e, 
    0x23203f8e, 0x33203f83, 0x9d11976b, 0x0a9b6b3f, 0x3b353324, 0x88841502, 0x430e7e42, 0x7f8e0c9b, 0x23203f8a, 0x33203f83, 0x5810df6b, 0x64200dfd, 
    0x77713f84, 0x821f2006, 0x1d33210c, 0x45054046, 0x587005e8, 0x0d014512, 0x2208c742, 0x7c040000, 0x172208c7, 0xb9742300, 0x07e14505, 0x260aa16c, 
    0x23353315, 0x65012b13, 0x272305fc, 0x57152335, 0x568514a4, 0x180cff5f, 0x210a8bed, 0x43549001, 0xf4012508, 0x1100bc02, 0x2d426f82, 0x35232a08, 
    0x27043d33, 0x23051d33, 0x7b0a8915, 0xc820070c, 0x79056e55, 0x974319f3, 0x0c6f4e0f, 0x53252f67, 0x87430e23, 0x2acb530a, 0x2006c741, 0x15a1623d, 
    0x830c8f52, 0x0100286f, 0x005802f4, 0x59000015, 0x3324064f, 0x042b011d, 0x02823c82, 0x16022119, 0x820f9f6d, 0x3537243b, 0x82013d23, 0x043b2102, 
    0x08952019, 0x410c6a42, 0x7754091b, 0x2325230d, 0xdf182b35, 0x3523076b, 0x181d013b, 0x4108f3c9, 0x00200d4c, 0x250f4b41, 0x043d2337, 0x8760013b, 
    0x2b152206, 0x0a554c01, 0xdf51398a, 0xf4012407, 0x74000d00, 0x03200719, 0x2305dc41, 0x1d332702, 0x7c720a8c, 0x61b78407, 0x8e8d0feb, 0x19646421, 
    0x2809af08, 0x0f005802, 0x2b010000, 0x096f4103, 0x8611d74c, 0xaf04192f, 0x25f5830a, 0x043b013d, 0xa143011d, 0xbb40180e, 0x4f4c1808, 0x3313210c, 
    0x5607fd4e, 0x0e4205ce, 0x0ca04106, 0x4c0d9c5a, 0x17200af3, 0x2205c176, 0x191d2315, 0x4e121908, 0xfe210ddb, 0x0e9b4570, 0x620deb41, 0x332108e7, 
    0x0e001915, 0x32e0180c, 0x260d570f, 0x190a1b7f, 0x2050bf08, 0x05cf5c00, 0x25001b23, 0x05874a00, 0x3b152322, 0x2b062c65, 0x053d022b, 0x13333523, 
    0x2b023d33, 0x0f3cda18, 0x1864c821, 0x21125751, 0x1582a8fd, 0x0d5f0519, 0x18001921, 0x850887fb, 0x23012257, 0x20578215, 0x20578504, 0x57578201, 
    0x57830dbd, 0x7e0e8148, 0x07281023, 0x00002d00, 0x23153325, 0x19062f5e, 0x41081127, 0xa61806f3, 0xa6500a86, 0x964b1813, 0x0e0f5116, 0x27480020, 
    0x00192205, 0x0bb15500, 0x09d1c918, 0x11d36118, 0x420c6a47, 0x93570f0f, 0x1533210c, 0x2005db73, 0x05804935, 0x08440686, 0x0e094112, 0x2a19134a, 
    0x23152335, 0x3523013d, 0x82013d33, 0x0d784d5c, 0x3b2297a2, 0x40821501, 0x60102b58, 0x97a205cb, 0x2c064f4b, 0x1b00f401, 0x00002100, 0x011d3311, 
    0x05785f33, 0xe5825383, 0x1d254982, 0x033d2301, 0xd4131921, 0x16cf4d10, 0x0b87df18, 0x73452520, 0x7c02200a, 0x232008b0, 0x02205083, 0x6c82f083, 
    0xa78cfb83, 0x520e3941, 0x8f4a0d8a, 0x085b5a08, 0x0951ce18, 0x220b127d, 0x1833013d, 0x41118ce3, 0x5f5a0e4e, 0x05b75f0c, 0xaf992920, 0x68850620, 
    0xce18b582, 0xb0480c61, 0x0f45450e, 0x17456420, 0x05834607, 0x7d0b0f41, 0x232009c0, 0x0520b983, 0x2005ff44, 0x185d8f35, 0x92073a4b, 0x00032159, 
    0x012a0082, 0x00bc02f4, 0x00210007, 0x1b190031, 0x272207a3, 0x9c18013d, 0xfb5308ac, 0x240f8306, 0x022b3513, 0x06c14615, 0x0cbc1319, 0x910c7e41, 
    0x2c481867, 0x08d3580a, 0x00f40124, 0xf16e0003, 0x15332305, 0x48183523, 0x33210926, 0x20718235, 0x05d44227, 0x2631d818, 0x240aa358, 0x00250007, 
    0x26c7902d, 0x1d033b06, 0x82152301, 0x021d2368, 0x905c1123, 0x8c152005, 0x18b494c1, 0x590e1fef, 0xbb84080b, 0x56001921, 0xbf8508d9, 0x86043d21, 
    0x8a232065, 0xa9231960, 0x2464920c, 0x00090000, 0x3b891864, 0x000b2608, 0x00150011, 0x2259821b, 0x182b0027, 0x82087df3, 0x8227204f, 0x231321ba, 
    0x2006ed67, 0xafea1833, 0x7f16820e, 0xce180657, 0x9f700825, 0x11217805, 0x09a08418, 0x18fc6422, 0x0fc14618, 0x8b886420, 0x07002022, 0x08355b18, 
    0x23001d28, 0x2f002700, 0x9b180000, 0x13200b6c, 0x35208f82, 0x0afb4818, 0x27153324, 0x8795012b, 0xce55f492, 0x0a764a0a, 0x430aff73, 0x1d20054b, 
    0x2305b95e, 0x1523031d, 0x26094a7c, 0x031d3303, 0x19023d33, 0x18107712, 0x7618c845, 0x1d20151b, 0x2206a743, 0x82152315, 0x741520ca, 0x012305e7, 
    0x83333523, 0x56ec18d5, 0x10a2430f, 0x21190020, 0x1b230cb7, 0x45210000, 0x3c840581, 0x5c352321, 0x59850528, 0x16231719, 0x18083a44, 0x200aff44, 
    0x05815807, 0x4605db46, 0x02200779, 0x02209a85, 0x1c199a82, 0x305c07a0, 0x087e5a09, 0x200df545, 0xb74c1864, 0x0017270d, 0x3700001f, 0x4282033d, 
    0x29088f6d, 0x021d012b, 0x3d331323, 0x6e822301, 0x8a100842, 0x19642010, 0x2f092b27, 0x0138ff00, 0x00bc02f4, 0x00270005, 0x17000031, 0x26068f42, 
    0x033b073d, 0x821d3315, 0x82332049, 0x05b47253, 0x2b225983, 0x946f1d02, 0x0c1d4405, 0x081eb918, 0x18151742, 0x200907cb, 0x22c48401, 0x69580258, 
    0x232a0655, 0x3523041d, 0x022b1523, 0xe844033d, 0x06a36306, 0x012b3525, 0x4d033b35, 0xb0451537, 0x08bf4117, 0x1d23cf83, 0x84010000, 0x552320bf, 
    0xeb1806a0, 0x6146089c, 0x0dff4906, 0x4710fd49, 0xff2508ef, 0x02580238, 0x27af85bc, 0x1d33051d, 0x013d2302, 0x1c192419, 0x41105842, 0xa7840f14, 
    0x57860020, 0x5d472520, 0x023b2205, 0x875a8215, 0x911a195d, 0x18549c11, 0x430e8386, 0x152305d3, 0x82331523, 0x013b2101, 0x3521b185, 0x05237723, 
    0x1cf82319, 0x7418659c, 0x58220f37, 0xdb421900, 0x43608205, 0x7e180acb, 0x614b1717, 0x0c565712, 0x0a434918, 0xd0822720, 0xc64f3320, 0x23be8a05, 
    0x011d012b, 0x0320bd84, 0x4212ae57, 0x4d181529, 0xc7410c0f, 0x07237605, 0x00002d2c, 0x042b3505, 0x1533013d, 0xc182043b, 0x33350123, 0x850c8315, 
    0x032b2203, 0x18158235, 0x180ea8d2, 0x5b11f24d, 0x8a1811e1, 0x0224076b, 0x00f40158, 0x25206b83, 0x35206785, 0x1522b382, 0x6888033b, 0x07d85218, 
    0x0444b78d, 0x0e835b0d, 0x3b600020, 0x0017210c, 0x2106996c, 0x6b7a061d, 0x23032b05, 0x23013335, 0x1d33043d, 0x15191303, 0x46830c56, 0x4908df70, 
    0x8a4b0e46, 0x19688405, 0x4407ef03, 0x1d20060f, 0x21051d46, 0x2e59071d, 0x051b5007, 0x08a7d818, 0x0bad2519, 0x24b62119, 0x20125749, 0x0cad5227, 
    0x2b013d23, 0x06f24802, 0x106d2719, 0x201c5964, 0x08c34764, 0x00bc0222, 0x27061741, 0x33153311, 0x031d2315, 0x27056845, 0x043d0105, 0x03041d33, 
    0x7b0cd758, 0x144109d0, 0x58642019, 0x01210ddb, 0x05dd48f4, 0x2005905d, 0x0aa65d35, 0x133d1a19, 0x62646421, 0xb44a0e85, 0x4502200d, 0x0321050b, 
    0x09f75120, 0x0621a583, 0x06544e23, 0x063d2322, 0x3320b382, 0x50186b82, 0x01210b81, 0x3e57182c, 0x0f5b440c, 0x02220f83, 0x2b426458, 0x58022708, 
    0x0f005802, 0x575a1900, 0x9f1a1905, 0x33272a0c, 0x3d23031d, 0x15332502, 0x20088323, 0x073d7403, 0x7b080250, 0xf54512d7, 0x08f34909, 0x00bc0222, 
    0x5cf7e318, 0x234b0020, 0x670f2005, 0x6551054d, 0x23152705, 0x013d3335, 0x46183533, 0x012109dd, 0x06db4b23, 0x0fa0e918, 0x180cdf7e, 0x210c555b, 
    0x00820001, 0x82900121, 0x001521bf, 0x07a14c18, 0x1d022b24, 0x28192302, 0x184209ca, 0x4c00200e, 0x90240667, 0x1100f401, 0x4208b745, 0x5c1805b5, 
    0xd1430836, 0x0883590a, 0x41580221, 0x01210581, 0x05cf5d33, 0x18022b21, 0x22084083, 0x41272302, 0x74180880, 0xba8c0e35, 0x0d6b4118, 0x54646421, 
    0x0221063b, 0x268b8258, 0x000f0007, 0x4f290021, 0x2b290943, 0x023b3503, 0x023d2321, 0xcf211933, 0x0be6580f, 0x480b6d44, 0x6d840e6b, 0x6664c821, 
    0x1f480633, 0x00152205, 0x6d23191b, 0x3303230f, 0x5443031d, 0xc4421805, 0x0d95420d, 0x48900121, 0xaf820bbb, 0x81791b20, 0x05116a07, 0x20053456, 
    0x06004802, 0x18372321, 0x180ef4da, 0x90092b76, 0x18a182a4, 0x7d081b40, 0x21200587, 0x09195618, 0x45350221, 0x5a5305c5, 0x20a38c16, 0x2b008200, 
    0xfe000003, 0x022c01d4, 0x00030058, 0x21a32119, 0x4a645821, 0x64200fe5, 0x58184382, 0xbc200787, 0x08a56b18, 0x35190120, 0x1e190af8, 0x69421a63, 
    0x23e1180e, 0xf401210c, 0x0724db82, 0x23001b00, 0x0817e318, 0x2b013d24, 0xdf411502, 0x03022209, 0xa834192b, 0x2c012127, 0x0621a783, 0x07f74900, 
    0x19001322, 0x2409994c, 0x3b153335, 0xed1a1902, 0x23352308, 0x3419013d, 0x2919080a, 0x06471b6c, 0xf20f190d, 0x087e4319, 0x83070021, 0x5802237f, 
    0x2019bc02, 0x1d200877, 0x2f208582, 0x3320df82, 0x07fc6918, 0x35012b2b, 0x3d022b33, 0x33153301, 0x1b9b4727, 0x410c884a, 0x0c8f0cd4, 0x4c069f41, 
    0x13200587, 0x2605bb48, 0x031d2315, 0x82011d23, 0x3d3323e9, 0x29193303, 0x2b513460, 0x540f2009, 0x2326096f, 0x33352315, 0x5183023d, 0x2b552019, 
    0x82000421, 0xf4012900, 0x11008403, 0x29001d00, 0x077d4f18, 0xcc6b1d20, 0x18518e07, 0x590b51fd, 0x53180bd5, 0x6f18084c, 0xfd461956, 0x82642009, 
    0x09d77d72, 0x2727c383, 0x00002b00, 0x46153301, 0x75a716df, 0x180ddb48, 0x180df56d, 0x23099bbb, 0x1300bc02, 0x2105154f, 0x6b48041d, 0x05896006, 
    0x33208082, 0x08917218, 0x09822320, 0x53043d21, 0x60690afd, 0x0fd34f0c, 0x820ff941, 0xdfac180f, 0x82f42009, 0x8edf846f, 0x4525206f, 0x2320069c, 
    0x0adb4a18, 0x96090247, 0x0f7d426f, 0x7b65d786, 0x000b2505, 0x3700002f, 0x15235682, 0x83231523, 0x831120d4, 0x20d4830b, 0x82ea823d, 0x18d48511, 
    0x450cadf6, 0x14440be7, 0x8b6e1812, 0x6d00200c, 0x0b22064f, 0x67942700, 0x3d230223, 0x20798402, 0x5d09831d, 0xd65a11d5, 0x12a84107, 0x0720c782, 
    0x002b0382, 0x8403f401, 0x15000b00, 0x5a001f00, 0x3520059f, 0x35206987, 0x33215983, 0xe4221913, 0x3337230c, 0x03832315, 0x2b21eb83, 0x20f38202, 
    0x07607b33, 0xfe216a84, 0x41068470, 0x0b850b33, 0x180f8b4d, 0x8a09b56b, 0x82202087, 0x00132287, 0x2089861b, 0x82879031, 0x42ac18e3, 0x5d87b807, 
    0x70180bea, 0x1f4308aa, 0x0084220a, 0x257f820f, 0x003d002b, 0x9c420100, 0x27032108, 0x3d220a8e, 0xfd520103, 0x013d2209, 0x0681463b, 0x4e136059, 
    0xab4f16cb, 0x4394870c, 0x0d260ca7, 0x25001b00, 0x87843700, 0x440cce59, 0xdc490578, 0x4287a806, 0x4b181202, 0x64221052, 0x6f5e0064, 0x4f681809, 
    0x35052108, 0x2205af5f, 0x18032302, 0x86101de3, 0x395a18b9, 0x0aca4712, 0x4b620120, 0x185b8606, 0x8c0b534f, 0xdfee185b, 0x825ba00e, 0x00642175, 
    0x01200082, 0x90220484, 0x51672003, 0x011d2205, 0x05ad5723, 0x2206746b, 0x7733013d, 0x232105e1, 0x10676235, 0x8414a268, 0x0000304e, 0xf4015802, 
    0x0f008403, 0x33010000, 0x19152315, 0x2213873b, 0x52840364, 0xc82408ff, 0x5802bc02, 0x03222f82, 0x31850d00, 0x20052360, 0x82701833, 0x06bc5d0c, 
    0x00215c82, 0x205f82c8, 0x202f8490, 0x262f860b, 0x3b013d23, 0x41231501, 0x1c440739, 0x202b9106, 0x05f05215, 0x58183b20, 0x2a860908, 0x82099b4e, 
    0x00112457, 0x183f003b, 0x2014d37e, 0x20ce8305, 0x21458323, 0x3056053d, 0x06ae5408, 0x1813836b, 0x451615cb, 0x12861283, 0x00000023, 0x08ff4703, 
    0x2f002722, 0x2006fd45, 0x20778903, 0xb7531803, 0x06e5462d, 0x411ac342, 0x97530634, 0x58022705, 0x1d002003, 0x1f5b2900, 0x4b022009, 0x03200696, 
    0x3521f182, 0x76031933, 0x86b98412, 0x0c615f44, 0x255b1883, 0x09ef4b08, 0x5b00bc21, 0x0f5d4927, 0x85252009, 0x011d2ab1, 0x012b3523, 0x3d23021d, 
    0x06a45306, 0x18053a4f, 0x4c0f6e6b, 0xc784123f, 0x460cbf60, 0x53860639, 0x53870120, 0x02235c82, 0x181d022b, 0x41085242, 0xf14609cd, 0x0891460f, 
    0x9022a785, 0x0b668403, 0x8305200a, 0x0bd5644f, 0x14e5da18, 0x2308574d, 0x1500bc02, 0x33210c82, 0xdc53181d, 0x473b8b08, 0x00200e0e, 0x6408db43, 
    0x37200643, 0x1805305b, 0x24072b4b, 0x2b15013b, 0x10597901, 0x890e9642, 0xf4012143, 0x2905976f, 0x3d333523, 0x15033b01, 0x2519022b, 0x338e08f3, 
    0x0d9b4f18, 0x20062f51, 0x23b9820b, 0x3100002f, 0x0a433f19, 0x1d330326, 0x043d0103, 0x11194b84, 0x417c08e5, 0x90012208, 0x0a7d5164, 0xea4c628f, 
    0x0000210c, 0x18059b4c, 0x22076f54, 0x1800002b, 0x28072f5e, 0x3d212335, 0x021d3302, 0x20ae8203, 0x716b8a23, 0x618f1112, 0x200c4650, 0x0ae37f00, 
    0x3100bc24, 0x91183900, 0x012009fb, 0x4408f254, 0x0585050c, 0x1f019218, 0x4105fb50, 0x82910eb1, 0x9b7d1189, 0xf4012308, 0xf74a2700, 0x05a94505, 
    0x58187e87, 0x7c852adc, 0x831a0e44, 0x9f951876, 0x00bc2208, 0x069f590f, 0x00002d22, 0x6005014d, 0x2120086b, 0x3c084119, 0x094f8218, 0x19078b46, 
    0x2409af10, 0x0013000f, 0xcb5c1819, 0x1873890b, 0x843e5859, 0x000033dc, 0x64000100, 0x90019001, 0x0d002003, 0x3d130000, 0x9a673b02, 0x07804205, 
    0x82081e41, 0x0200212a, 0x03222b88, 0x3a821100, 0x64153321, 0x4143056e, 0x66121905, 0x09af480a, 0x0720338a, 0x01216185, 0xe5311933, 0x7163860f, 
    0x638905ef, 0x01202f84, 0x6c05fc4f, 0xee42056b, 0x20308907, 0x05234600, 0x02f4012e, 0x002100bc, 0x002b0025, 0x1d331100, 0x4b054059, 0x3d2105a8, 
    0x08d25602, 0x35170522, 0x07082819, 0x420ea844, 0xfb831e81, 0xfb8a0320, 0xfd890b20, 0xff92cd8a, 0xa382d285, 0x21076341, 0x3b840003, 0x15331324, 
    0xd98b3323, 0x4109bd50, 0x4b74073a, 0x90012506, 0x2003f401, 0x13206f83, 0x0a6c6b18, 0x0c8d7e18, 0x1809a241, 0x20073fe4, 0x20718220, 0x079f4115, 
    0x6b180120, 0x022108a2, 0x0ef75c23, 0x270aa641, 0x00000700, 0x58026400, 0x09286b82, 0x13000d00, 0x1d001700, 0x2208036e, 0x8215013b, 0x01232144, 
    0x0720b582, 0x0a637b18, 0x15210a82, 0x48771837, 0xb87f180e, 0x0603460b, 0x6421c982, 0x16771864, 0x08174607, 0x0f7d6e82, 0x42738407, 0x232007e9, 
    0x0c617718, 0xde496d9f, 0x07ed5c06, 0x89080f45, 0x82052066, 0x058f7368, 0x85000921, 0x83618263, 0x22d283c9, 0x182b013b, 0x2608e37b, 0x1d33023d, 
    0x192b2701, 0x180f740a, 0x690caa41, 0x0a190ce3, 0x64200b6f, 0x2e06a741, 0x0017000f, 0x022b0100, 0x033b033d, 0x1827031d, 0x830f1761, 0x0ec54c4c, 
    0x00209e82, 0x0caf2719, 0x0b2f3719, 0x0d1e5f18, 0x2719278d, 0x03201ed7, 0x2b08bb51, 0x0023001f, 0x11000029, 0x33031d33, 0x08e9fa18, 0x43013d21, 
    0x01240516, 0x13053d23, 0x182e1643, 0x20087c77, 0x20bc8301, 0xaf371902, 0x4902201d, 0x002705c3, 0x00030064, 0x19000013, 0x23087515, 0x032b1505, 
    0x77169666, 0x5784057f, 0x05203384, 0x2505715e, 0x3b35032b, 0xa1181505, 0x0020161d, 0xff238b82, 0x82c8009c, 0x000b2201, 0x06846200, 0x1e192320, 
    0x7a180978, 0x032008b0, 0x5d82b385, 0x07000326, 0x00001f00, 0x07f54f18, 0x20055964, 0x17271915, 0x3335230e, 0xfd6d9001, 0x0db74105, 0x1964c821, 
    0x840e614b, 0x285b8856, 0x00230013, 0x1d331100, 0x08e84702, 0x3d233523, 0x18628901, 0x780b2342, 0x7b180d48, 0x642110b9, 0x82a78264, 0x58022158, 
    0x0f21b386, 0x059d5a00, 0x0a995818, 0x4b442520, 0xf3471905, 0x93331908, 0x205b8408, 0x47c0852c, 0xc75c1b57, 0x00032105, 0x07834218, 0x73820320, 
    0xb0835f82, 0x15331123, 0x42078223, 0x1d41053a, 0x3523210d, 0x17410182, 0x11935a05, 0x22105345, 0x82040000, 0x05a3705f, 0x08c72b19, 0x07fb4018, 
    0x15013b23, 0x054f7123, 0x1805bf4c, 0x41135c7f, 0x022108c3, 0x27008200, 0xbc02f401, 0x2d002500, 0x2008a375, 0x09ce7e1d, 0x09886318, 0x19373521, 
    0x7208c24b, 0x4f4f0aea, 0x6266881c, 0x15240a5b, 0x1f001900, 0x20055742, 0x0545433d, 0x23011d30, 0x35022b15, 0x15331323, 0x013d1323, 0xd0661d23, 
    0x5041820a, 0x75840816, 0xc5496f82, 0x82002005, 0x00642453, 0x41900164, 0x002008cb, 0x08a71519, 0x09b9f818, 0x08c6f018, 0xfe21a784, 0x8f541870, 
    0x00bc220b, 0x082b6011, 0x0d751a19, 0x1a954d19, 0x4508c444, 0x34460820, 0x18002009, 0x23086ff3, 0x0b006400, 0x43062f51, 0x46180571, 0x64200cc7, 
    0xcc42278e, 0x777f1807, 0x56002011, 0x582007df, 0x8746ab82, 0xad321905, 0x1903200e, 0x820e4b10, 0x1729199f, 0x2043890f, 0x057d6b03, 0x13231522, 
    0x100c1619, 0x0deff118, 0x4588dc82, 0x0a473d19, 0x2a05cb7a, 0x15013b03, 0x031d012b, 0x45073d23, 0x6e5b0d55, 0x29378d0d, 0x081d3301, 0x2b033d23, 
    0x2d193501, 0xda4d0b05, 0x036d1810, 0x0703600b, 0x15230123, 0x0a546633, 0x955e2320, 0x823d2008, 0x33012154, 0x0e047618, 0x201f854a, 0x2c978300, 
    0x90012c01, 0x0f002003, 0x3d130000, 0x05a74903, 0x08ab6418, 0x0c2f8218, 0x09433e19, 0x38821720, 0x6426c3ab, 0x90019cff, 0x63849001, 0x031d3327, 
    0x2b15013b, 0xeb761802, 0x85639308, 0x3301232b, 0x1872041d, 0x08a34906, 0x2108c77d, 0x87180064, 0x0b2009f7, 0x2705195d, 0x35032b25, 0x2515043b, 
    0x8407ac76, 0x0a03410d, 0x0b66f418, 0x200b9f41, 0x07a744c8, 0xa7690020, 0x274f8d06, 0x1d33033d, 0x042b0302, 0xad455b82, 0x12fa440d, 0x5119a782, 
    0x23530a7b, 0x23152206, 0xcd4f191d, 0x2315230b, 0x44183335, 0x3d21080d, 0x220b8202, 0x86332733, 0x21ba8323, 0x686a013d, 0x06694310, 0x91122242, 
    0x287f8283, 0x029cff64, 0x00200358, 0x05a35333, 0x14055019, 0x8505d657, 0x8433208b, 0x82a58385, 0x7719197b, 0xa2361917, 0x6d818f17, 0x2c2008ff, 
    0x07200982, 0x2106fb43, 0xef451323, 0x43232005, 0x2119055b, 0x00200a31, 0xc8242f84, 0xf401f401, 0x57182f87, 0x33830735, 0x4d900121, 0xc6530550, 
    0xdf2c1907, 0x071b630d, 0x5f053d41, 0x6c620719, 0x058a6509, 0x51410120, 0x1c6d6212, 0x0bef0219, 0xb9660320, 0x25002106, 0x0acb5718, 0x57180b83, 
    0xcf850bbd, 0x2006f350, 0x20008200, 0x20038205, 0x25d38a00, 0x0013000f, 0x41823700, 0x07f04218, 0x0b862720, 0x88050f41, 0x08184f05, 0x0620e786, 
    0x03244785, 0x00030020, 0x2007414b, 0x2249851f, 0x76333511, 0x332005ee, 0x19056d4a, 0x4513641e, 0x58180898, 0xb2450750, 0x26578208, 0x00c80001, 
    0x829001c8, 0x209b825b, 0x218f8201, 0xb464011d, 0x33352405, 0x1823013d, 0x420c6b6a, 0x3a820c78, 0x21077347, 0x3319f401, 0x5b78093b, 0x66531805, 
    0x3b33190a, 0x0c2d4214, 0x01000022, 0x8205bb47, 0x000f2547, 0x35232500, 0x35237683, 0x8415013b, 0x0c875088, 0x2f823884, 0x0221b384, 0x87091958, 
    0x079d6a19, 0x31192b87, 0x022018d3, 0x0022ff82, 0x1f829001, 0x4d830320, 0x09192520, 0x934b0c1a, 0x83f3830e, 0x0563472f, 0x39190b20, 0x3328082d, 
    0x3d012b15, 0x23113301, 0x0e2efe18, 0x0a3e4818, 0x22081f6c, 0x822700bc, 0x153322f0, 0x065b5023, 0x23216f82, 0x07586435, 0x17841520, 0xaa423b20, 
    0x17716b16, 0xff255b83, 0x022c0138, 0x050b75bc, 0x23081d24, 0x1319053d, 0x2f490c48, 0x05eb4410, 0xc8000122, 0x46063b52, 0x012005c7, 0x2305c746, 
    0x073d2305, 0x11d85619, 0x0d336818, 0x1b263786, 0x33130000, 0x3785051d, 0x4e230121, 0x01220546, 0x0c19043d, 0x7b851bd0, 0xf3410720, 0x20032105, 
    0x4e083b42, 0x41420613, 0x012b2116, 0x420d124e, 0x55640516, 0x0dad4708, 0x820c5f42, 0x1900200c, 0x2408132c, 0x0f002c01, 0x06e94200, 0x2505237e, 
    0x33352315, 0xef443335, 0x0d2e580d, 0x00060027, 0x01d4fec8, 0x44ab822c, 0x13290707, 0x00001700, 0x23153317, 0x54039211, 0xc8210c9f, 0x8ba98264, 
    0x288b8202, 0xff64000b, 0x03900138, 0x29fb8284, 0x000d0009, 0x00150011, 0xff830019, 0x29002527, 0x00002f00, 0x0a936b05, 0x20051466, 0x25a58227, 
    0x3335012b, 0x0f8f3531, 0x8c089157, 0x08014176, 0x64201595, 0x2105cf53, 0xd3825802, 0x3b003724, 0x93704100, 0x82152008, 0x051d22d0, 0x26021923, 
    0x22768207, 0x82152335, 0x1d33250e, 0x013d3301, 0x33230e83, 0x82113315, 0x82372013, 0x9bdb180d, 0x0c2a4418, 0x890f8d41, 0x0cfe210f, 0x2205e84e, 
    0x49000064, 0x90260593, 0x0900f401, 0x77181300, 0x272008ad, 0x160e7418, 0x2005ee41, 0xbf3a1900, 0x00902108, 0x0b22d183, 0xcf4d0000, 0x0da75805, 
    0x08e05e18, 0x4309c756, 0x4b490d83, 0x23352405, 0x1823021d, 0x2007d070, 0x122d4633, 0x19124543, 0x210c9743, 0xbd8238ff, 0x51198783, 0x152109f1, 
    0x268a8223, 0x15231503, 0x7b231533, 0x97750e59, 0xd36b180e, 0x83232017, 0x6b03209c, 0x6b1806fc, 0xe78226d4, 0x625b336a, 0x681805e7, 0x6b1809cb, 
    0x01581b9d, 0x0837631a, 0x4ebc0221, 0x3b2107d1, 0x054d7f01, 0x23051d22, 0x65052074, 0xab470a09, 0x9b6b181e, 0x3311230c, 0x4b82011d, 0x15230382, 
    0x83031d23, 0x1801209f, 0x4b0ec17e, 0xef531214, 0x0005250b, 0x0031000f, 0x28068743, 0x1d33043d, 0x043d2503, 0x24968323, 0x1d023b06, 0x05986002, 
    0x65098244, 0xad790f1a, 0x0c00430e, 0x67880020, 0x00f40127, 0x000d0005, 0x25678827, 0x021d3303, 0x44193d25, 0x022107cd, 0x058e471d, 0x4f066f5b, 
    0x26190905, 0x5b8c0c3e, 0x45058768, 0x2126069b, 0x35002d00, 0x43180000, 0x3773081d, 0x0afa6509, 0x2006315d, 0xda061913, 0x4553880c, 0x2e410855, 
    0x0cf84f12, 0x7a08db79, 0x19220693, 0x56182100, 0x067408b5, 0x05b27306, 0x35333525, 0x18331533, 0x19084b42, 0x920d5207, 0x0e814777, 0x4805cb54, 
    0x3f64057b, 0x29011907, 0x4323200d, 0x3b2106cc, 0x91511902, 0xfe491811, 0x0957480c, 0x5e102245, 0x0d22110f, 0x4f5b1500, 0x18172005, 0x8207ae78, 
    0x4c032066, 0x0f190662, 0xcf530848, 0xc544181b, 0x06af470a, 0xbc02f429, 0x00001d00, 0x47233505, 0x042805ad, 0x1d012b15, 0x021d3304, 0x4106f041, 
    0x80180ed9, 0x3b190e5f, 0x1920095b, 0x03204385, 0x9f098b55, 0x05374543, 0x4c190582, 0x6e184ebf, 0x132009e3, 0x1906e95e, 0x41193d2d, 0x9f6a068b, 
    0x5b16191a, 0xbc02210c, 0x20057d66, 0x20db8301, 0x08385f15, 0x2005ed76, 0x714d1915, 0x954e1908, 0xb119190a, 0x16b74509, 0x210b8f63, 0x4c18001b, 
    0x5bad083d, 0x51141843, 0x83450653, 0x7f272006, 0x01220613, 0x106f1523, 0x094f5a05, 0x2a944e19, 0xca6b6420, 0x46cc9606, 0x02220888, 0x6e180000, 
    0x5319086f, 0x3321097d, 0x0ac66e15, 0x23208783, 0x1f343119, 0x821c3a6c, 0x096346e0, 0x78182b20, 0x03230c6f, 0x7f23053d, 0x04220502, 0x7818013b, 
    0xa3830dcd, 0x1b43be9f, 0x58022305, 0x9141f401, 0x5b6e1806, 0x19032007, 0x20080436, 0x18578202, 0x460e346f, 0x0f411a65, 0x0a3f4206, 0x820b4171, 
    0x40ae18a9, 0x1cf67314, 0x53820020, 0x84d4fe21, 0x531920a3, 0xb643052f, 0x013d2405, 0x18013d23, 0x440e49d0, 0x115c0872, 0x5f00201c, 0x3d2414b7, 
    0x061d3302, 0x21074065, 0x09413335, 0x08644406, 0x6015287d, 0x8b450a67, 0x1300240a, 0xa2331533, 0x116e454f, 0x0e777418, 0x1805b344, 0x5f084d79, 
    0xa74707a4, 0x82002021, 0x84012000, 0x02902604, 0x00190058, 0x05a34700, 0x1d331522, 0x01204384, 0x56190683, 0x4355085a, 0x0d7b7012, 0x23000722, 
    0x09434619, 0x01333522, 0x87059d4a, 0x4d022005, 0x0124054f, 0x35233523, 0x09e29618, 0x0fb52b19, 0x184c4718, 0x0aa74b18, 0x4b181920, 0x01220803, 
    0x4047012b, 0x05c5460b, 0x71822520, 0x1811d749, 0x6b104197, 0xff270a4b, 0x02f4019c, 0x820b00bc, 0x002b23bd, 0x8d182500, 0xc3a60881, 0x5f054542, 
    0x2c20085a, 0x211a3f67, 0x4c1964c8, 0x1f230a3b, 0x48002500, 0xc7860509, 0x1805914a, 0x23099181, 0x23353315, 0x9818cd95, 0xd77c1211, 0x8264200d, 
    0x82902059, 0x191720d3, 0x212c6758, 0x3d190003, 0x39200977, 0x20057f4c, 0x18948215, 0x201aedb1, 0x2c1b8223, 0x3533023d, 0x3325023b, 0x3d012315, 
    0x53108202, 0xfe23138a, 0x82646470, 0x12e76117, 0x42135147, 0x53480715, 0x7e002006, 0x212205bb, 0x37532700, 0x551d2007, 0x0123136d, 0x18333533, 
    0x190ddb78, 0x1808475b, 0x18115399, 0x180d1d6d, 0x67129c73, 0x31440c6b, 0x0a7b5e05, 0x2b002524, 0xf1593100, 0x08487f08, 0x023b3525, 0x722b023d, 
    0x172005af, 0xf54c8b84, 0x19e48f05, 0x841b8921, 0x6f1d191b, 0x4f441808, 0x5b232008, 0x012106d3, 0x0a607f33, 0xf36d6f83, 0x5e032005, 0x024b13eb, 
    0x1d13470a, 0x02f40123, 0x20dd82bc, 0x155f1929, 0xfce91809, 0x3b052509, 0x33051d02, 0x8f18554e, 0x9f1a19da, 0x0667530c, 0x57892120, 0x09c45018, 
    0x57820320, 0x57a60320, 0x0a238418, 0x2d00bc2a, 0x33010000, 0x1523071d, 0x2605d645, 0x1d022b03, 0x193d2302, 0x74138d5b, 0x834e1e1f, 0x0667410b, 
    0x7b742320, 0x05025808, 0x2005cb41, 0x21a68204, 0xc257023b, 0x1adf460e, 0x26128747, 0x23152301, 0x78353335, 0x4f4d1e22, 0x9f90181c, 0x064b4808, 
    0x0320ab85, 0x5b879b82, 0x19907918, 0x410d735c, 0x736d0cb3, 0x441b200c, 0x1d220593, 0x767f2306, 0xfb4d1905, 0x1c8e471a, 0x2508274a, 0xf401d4fe, 
    0x1378f401, 0x8d052008, 0xdcd71857, 0x28924708, 0x08d36018, 0x1d00bc22, 0x20068b76, 0x0a014105, 0x5c190420, 0x8e76193c, 0x8467872d, 0x002722bb, 
    0x05594f00, 0x8d09c541, 0x23022267, 0xf515193d, 0x1c414b0c, 0x1807c741, 0x20258ff7, 0x08934502, 0xb34a2d20, 0x23152105, 0x19714319, 0x18068645, 
    0x870e0972, 0x1e7d45f9, 0x27085b57, 0x0b002003, 0x15000f00, 0x68436f87, 0x7e252005, 0x37190897, 0x758816c7, 0xf973fd83, 0x067d5210, 0x0fcf3019, 
    0x00219b83, 0x19e38804, 0x19657f43, 0x1909bf5d, 0x18615737, 0x200c5f98, 0x3feb1821, 0x87431908, 0x09637244, 0xc1562120, 0x30371906, 0x082a5e08, 
    0x08b89418, 0x35331522, 0x1d8d6618, 0x20112246, 0x20008200, 0x089b4102, 0x6f432b20, 0x23152305, 0x61193315, 0x2b230ef4, 0x48063d04, 0x7c420803, 
    0x40641812, 0x19702008, 0x44087e41, 0x33190c82, 0x0b240d3b, 0x19000f00, 0x0a134118, 0x48022b21, 0x3619075e, 0x7c421aef, 0x94c7180c, 0x0b89180d, 
    0x1288420e, 0x0a1f3b19, 0x00bc0225, 0x821f0007, 0x2100217d, 0x47057e51, 0x022207cf, 0x8418033b, 0xac500e4b, 0x91cc8d09, 0xf401210d, 0x4905ef56, 
    0x0121065f, 0x206382f4, 0x10b77519, 0x18333521, 0x212eb779, 0x8b5a6464, 0x06d35a06, 0x00840323, 0x25598203, 0x0027000f, 0x67600033, 0x52c79d0f, 
    0xbc910854, 0x82840321, 0x10d57613, 0x8608515b, 0xbc02217b, 0x21227b86, 0x7b912b00, 0x076f0120, 0x977a1808, 0x19769a0d, 0x8511a533, 0x420420ec, 
    0x33240a8f, 0x3b003700, 0x6209936a, 0x0589050f, 0x19128d6a, 0x18108d3e, 0x4b08efa7, 0x0a4f05b6, 0x967a181e, 0x082f450c, 0x2122fb82, 0xf7822700, 
    0x8b842f20, 0x18289b4a, 0x1911714f, 0x430a1b3f, 0x9a41118d, 0x19012008, 0x73076331, 0x0f2a0b8b, 0x19001300, 0x25001f00, 0x94183100, 0x15210dc7, 
    0x6a678423, 0x391923b2, 0xaf580e52, 0x1903200c, 0x2009f536, 0xd88c18c8, 0x09877308, 0x00bc0224, 0x8383000b, 0x6b054768, 0x2b230833, 0x62233502, 
    0x012007f1, 0x9b1fc26a, 0x5802217f, 0x54637582, 0x08b74905, 0x2409c745, 0x0011000b, 0xf16b191b, 0x3301240f, 0x8227011d, 0x82332080, 0x27332277, 
    0x075c7f35, 0x181b046d, 0x720e2da4, 0x4b4d05db, 0x82092006, 0xed8418df, 0x15012408, 0x7935012b, 0x63870a06, 0x3b350123, 0x66431803, 0x11214408, 
    0x13445f91, 0x84032106, 0x2b20c182, 0x0e51e418, 0x033d0122, 0x25086a71, 0x061d013b, 0x93440323, 0x0d597905, 0x4112c251, 0xc5410b27, 0x20032108, 
    0x82060353, 0x02f424cf, 0x461f00bc, 0x55180533, 0x27201513, 0x49456985, 0x42458808, 0x9c181697, 0xcb840b57, 0x19001522, 0x7c43cd8f, 0x84d58f07, 
    0x0dfb41ce, 0x200e8743, 0x191d8201, 0x7f149e3f, 0x8b760be3, 0x01002205, 0x20d19533, 0x14fb4303, 0xb1516420, 0x08d17215, 0xe75f0020, 0x075b4507, 
    0x47181b20, 0x27200921, 0x45195182, 0x7386545f, 0x20085345, 0x07ab4117, 0x8705cb43, 0xb13a1973, 0xf3381910, 0x05fb7a37, 0x4659af7f, 0xaf7c0bf7, 
    0x0ff7464b, 0x08474918, 0x190b9941, 0x461b6f24, 0xf446187f, 0x82642017, 0xf4012100, 0x410aaf48, 0x232008a3, 0x7f18f746, 0x0220086f, 0x98098f7d, 
    0x11f64678, 0x8906e547, 0x056745eb, 0x2f002322, 0x2416e745, 0x3b35012b, 0x0eab4801, 0x440e9d52, 0x4f180f98, 0x9e4b08e6, 0x19e7820b, 0x450a5335, 
    0x1f2007df, 0x0f71e783, 0x0ddb4505, 0xde477684, 0xf4891805, 0x0ddc4310, 0x10c89118, 0x1907ae44, 0x2011c346, 0x2f6a1817, 0x021d2207, 0x059e6123, 
    0xdd826684, 0x19333521, 0x200ccf65, 0x11af4425, 0x4f0aca64, 0x67511857, 0xbc02210c, 0x21df3919, 0x3d196792, 0x20450eb7, 0x09bb481a, 0x08d75518, 
    0x20053b59, 0x7f5e1823, 0x0837590a, 0x23153326, 0x013d2335, 0x4f083d47, 0x64210e23, 0x06ee4364, 0x480e2b45, 0x176211a3, 0x7e252008, 0x6819073b, 
    0xdf4f0893, 0x1523450f, 0x08283e19, 0x4c1f2c45, 0x1f250c2f, 0x00003300, 0x18518201, 0x6f092288, 0xbd410583, 0x78022005, 0x1520063c, 0x0aeda718, 
    0x57114b5f, 0xbc4e0859, 0x1904201f, 0x2208ff5a, 0x5d25001b, 0xe79b0765, 0x7f881520, 0x1d547591, 0x8e321909, 0x0c824717, 0xc34ef682, 0x0015210a, 
    0x18053562, 0x580945ad, 0x62410cd1, 0x10491910, 0x0515431f, 0xa756df83, 0x7c132005, 0x5f8306ed, 0x1527e918, 0x4a0d584a, 0x5d851d54, 0x08bb5818, 
    0x82bc0221, 0x17002abd, 0x063d2335, 0x2b15043b, 0x05455903, 0x8c11154c, 0x24ff8311, 0xff000001, 0x636f1838, 0x763f8307, 0x022106e1, 0x1b6c7733, 
    0xea180020, 0x0f210a0b, 0x054b7e00, 0x41003321, 0x05230639, 0x181d3325, 0x22081b45, 0x6d053d01, 0x66560839, 0x08dd6708, 0x43056044, 0x691818e6, 
    0x6420082b, 0x83084548, 0x670520b3, 0x0d2108c3, 0x053d4800, 0x23055b54, 0x043d2305, 0x01267b87, 0x012b1523, 0x7b89043d, 0x55230121, 0x7b91050b, 
    0x20170b66, 0x209d8201, 0x050e7a64, 0x2508df5c, 0x03002003, 0x1f712500, 0x033d2508, 0x3d333523, 0x820ea378, 0x08fe42fd, 0x900c6f41, 0x09c3530c, 
    0x82f40121, 0x891d2057, 0x78012057, 0x8a430ab8, 0xce751805, 0x6f67191d, 0xbc02220b, 0x0f275d00, 0x08816618, 0x0c687f18, 0x5e193520, 0x618207ef, 
    0x63193520, 0xa6890927, 0x1c656b19, 0x0c1f4f18, 0x20068755, 0x06a96021, 0x18069e5d, 0x19083d7a, 0x830a536a, 0xe16b1874, 0xcdbb1811, 0xb25c180c, 
    0x0d6b5f17, 0x0cd35f19, 0x5e08c56d, 0x23200a06, 0x18062061, 0x19153391, 0x18084f36, 0x6e0d7058, 0xbf5a0e66, 0x001f220a, 0xeb9b1823, 0x06f25908, 
    0x1f566c83, 0x586a8705, 0x664611b1, 0x93601808, 0x25cf8311, 0x01640001, 0x0b7a012c, 0x01002705, 0x013d022b, 0xb457033b, 0x2c01210a, 0x28823f83, 
    0x54000121, 0x582b0577, 0x00000d00, 0x051d3313, 0x18043d23, 0x410fdba3, 0x2783051f, 0x2d637719, 0x64000228, 0x90010000, 0x5b82f401, 0x0000132f, 
    0x3d012b21, 0x021d3303, 0x0315013b, 0x08126735, 0x220d8763, 0x19649001, 0x200bab27, 0x8564181d, 0x05b87407, 0x35231522, 0x1d230184, 0x82153301, 
    0x3302234c, 0x64182335, 0x0443082c, 0x4147830d, 0x831811ee, 0xd5820c0b, 0x82f40121, 0x0011229b, 0x829b8319, 0x3d022292, 0x219e8202, 0x97491533, 
    0x09604706, 0x820e7643, 0x8500205c, 0x223f83db, 0x18150005, 0x1907f148, 0x18096947, 0x880e8955, 0x07636a9c, 0x13257782, 0x3d250000, 0x06854e02, 
    0x62031d21, 0x535d1651, 0x2733820a, 0x00110007, 0x1100001b, 0x2323a682, 0x8305013d, 0x230323af, 0xbb822b11, 0x88180320, 0xd1490d79, 0x20b1830e, 
    0x207b8200, 0x200482c8, 0x2147822c, 0x6419000b, 0xc2470709, 0x0983690d, 0x8300f421, 0x717a196b, 0x012b2409, 0x19023b35, 0x1810ab3c, 0x540977e0, 
    0x0920097b, 0xd982a183, 0xd3823320, 0x7d182520, 0x1f6e0a46, 0x0da74106, 0x0cdc4f18, 0x11224389, 0xe5842100, 0x023b032e, 0x35022b15, 0x01023d23, 
    0x1523023d, 0x8482f382, 0x09444b18, 0x4905a141, 0x80650a61, 0x05937109, 0xc800c823, 0x20ef8301, 0xcb7f1907, 0x452f860b, 0x012d087b, 0x000d00f4, 
    0x05000017, 0x1d33043d, 0x064e4105, 0x8511e94e, 0x580221aa, 0x8208634e, 0x41092037, 0x2120058f, 0x20058954, 0x057f703d, 0x62190320, 0xef910c63, 
    0x642c0122, 0x0eab8a18, 0x1d331126, 0x1d033b01, 0x1529e183, 0x35333523, 0x2b013d33, 0xe0721803, 0x0ed7490f, 0x8f600020, 0x25878208, 0x001f0013, 
    0x33822100, 0x033b0427, 0x031d3315, 0x71381927, 0x18c44208, 0x70096645, 0xf4230807, 0x18000f00, 0x500941b0, 0x3529066a, 0x012b0123, 0x3d013b35, 
    0xc64b1802, 0x72501808, 0x10a0180e, 0x09c25f0d, 0x84900121, 0xffc824e7, 0x822c0138, 0x671019a3, 0x0e154b0c, 0x210b7742, 0x2b44000d, 0x42738d05, 
    0x50180ed0, 0x2b58088c, 0x185f8206, 0x20564394, 0x27f68201, 0x032b1523, 0x033d3335, 0xd8620a82, 0x83c88e0f, 0x9bce1897, 0x00f42108, 0x2120cb83, 
    0x20085942, 0x96681903, 0x033b2408, 0x18022b15, 0x44088658, 0x7a180e5e, 0x9f410f3a, 0x0009220a, 0xe57c1811, 0x2290830a, 0x48232502, 0x15200627, 
    0x0b6f5618, 0x15855218, 0x084bac18, 0x9b496420, 0x19192006, 0x240c1573, 0x021d3306, 0xa9a61833, 0x16cf5c07, 0x77420020, 0x6319200c, 0x6a19055b, 
    0x2b26087b, 0x023b3504, 0x8b472335, 0x06334b32, 0x2006ef47, 0x34e7820b, 0x00250015, 0x1d331100, 0x033d2304, 0x1d333517, 0x35372301, 0xf77e1933, 
    0x0d374609, 0x0ca74018, 0x430d6c5a, 0xb76c0b27, 0x0b364505, 0x4513e743, 0x1f4605df, 0x471b2007, 0x1d22059f, 0x8a442303, 0x33032a05, 0x1533021d, 
    0x023d013b, 0x05864527, 0x4e45428b, 0x0dfb430d, 0x230cc741, 0x001d000d, 0x071d6f19, 0x39192520, 0x03250874, 0x1d012b15, 0x44508302, 0x468d0bc9, 
    0x2f430d83, 0x180b200b, 0x20096b94, 0x23918203, 0x033d2304, 0x1b934719, 0x250a676f, 0x000b00f4, 0x21530013, 0x213b8306, 0xfd412302, 0x86c59305, 
    0x01c82237, 0x066b4390, 0x30833783, 0x0d338719, 0x190c0f43, 0x84098f3b, 0x475a1833, 0xa4b61808, 0x2122820a, 0xab480200, 0x18072008, 0x4d082947, 
    0x794d108d, 0x5325190d, 0x581f200a, 0x7d1905df, 0x35201ae9, 0x41056e76, 0x5a4113ea, 0x19118a11, 0x550a0b0e, 0x05240623, 0x2d002100, 0x0fdf5018, 
    0x192b0121, 0x200b4d74, 0x426c8503, 0x669c0d83, 0x1805b947, 0x220c3f4a, 0x5a0f000b, 0x291914f1, 0x3d240c72, 0x041d3301, 0x10cc7e19, 0x180dc962, 
    0x2008ea70, 0x5d098484, 0xbe52126e, 0x08af4e05, 0x2a6feb5d, 0xff000003, 0x0258029c, 0x510300bc, 0x212305db, 0x61231533, 0x05200917, 0x08b67f19, 
    0x95490420, 0x11ee4a06, 0x83185c41, 0x850220da, 0xf401215f, 0x85055f4d, 0x2335275d, 0x35012b15, 0x7619013b, 0x5a180f0a, 0x6090164a, 0x200cd750, 
    0x5353180b, 0x022b2508, 0x03023b35, 0x1521bf82, 0x21018233, 0x5c193523, 0x28780aff, 0x18538610, 0x21145063, 0x074f6464, 0x00202809, 0x00110007, 
    0x611d0019, 0x15250589, 0x35231523, 0x79531933, 0x2576190b, 0x0c1b680c, 0x09ad6918, 0x08a14a18, 0x1809ff41, 0x270beb78, 0x03f40100, 0x000b0084, 
    0x8707ed66, 0x1d3322c7, 0x05376d01, 0x23041d25, 0x1833043d, 0x450e3b55, 0xc9960e80, 0x0b21cb8d, 0x050d5100, 0x51192920, 0xcf9b096f, 0x920e057e, 
    0x09c04fd0, 0x0db38619, 0x756ecf84, 0x089d410d, 0x11814c18, 0x85082449, 0x096b4870, 0x3641d486, 0x974d1909, 0x0be75c08, 0x2308796e, 0x23153313, 
    0x55179b41, 0xc78d0ae2, 0x0c057619, 0x5f4a2582, 0x20c38408, 0xf5641829, 0x1b5d4208, 0x420de151, 0x77860caf, 0x2114ed73, 0xcf580000, 0x00202308, 
    0x9d410007, 0xf15f180a, 0x5f01200b, 0x6d420a67, 0x0b877511, 0x595fd88d, 0x82dc8410, 0x82032073, 0x05734203, 0x21001d22, 0x2c085562, 0x1d331533, 
    0x2b152304, 0x3b063d03, 0x05ed7501, 0x3d331323, 0x94821904, 0x084a4112, 0x41140454, 0xb3740aac, 0x02002406, 0x82200358, 0x00272269, 0x05797a00, 
    0x1808ad7c, 0x200b69b9, 0x14286a37, 0x11b74c18, 0x46094567, 0x058205bb, 0x0258022f, 0x001900bc, 0x2100002d, 0x023d022b, 0x06bb5123, 0x09d36119, 
    0x76180220, 0x08440897, 0x0cb34117, 0x180e2c50, 0x8209ff87, 0x196182c1, 0x6d10d479, 0x811906cd, 0x4c980818, 0x200c5b51, 0x05834100, 0xb7852520, 
    0xe1530320, 0xbd831907, 0x5703200a, 0x5a8c1145, 0x5c13b84a, 0xc0180556, 0x09260a63, 0x23001b00, 0x9a182f00, 0x25200891, 0x12715818, 0x6c0fa147, 
    0x758c0f07, 0x0ebc4718, 0x08635a18, 0x00840325, 0x560f000b, 0x27620865, 0x3d03280a, 0x15043b05, 0x1915032b, 0x47139884, 0x63191530, 0x64200bcb, 
    0x0ec55718, 0x00820020, 0x6506ff43, 0x9f62061b, 0x43022071, 0x03210843, 0x054d4500, 0x19132321, 0x5a144d2e, 0x6423185a, 0x8e840364, 0x08df5ed8, 
    0x2605ff69, 0x001f000d, 0x44000027, 0x5a180fd5, 0xd8440e2d, 0x0c6f580e, 0xde440c82, 0x6464220c, 0x059343c8, 0x8208f347, 0x332126bb, 0x2b352315, 
    0x117f4204, 0x420c4b4a, 0x16861602, 0x089fda18, 0x0300f427, 0x21000f00, 0x78578200, 0x35270567, 0x3b35012b, 0x42231503, 0x9c181376, 0x4b4c15b5, 
    0x2063180c, 0x0cf7470c, 0x1909ff64, 0x7a182968, 0xc1910db1, 0x171d5919, 0x450c5f42, 0x27200597, 0x0f876518, 0x410b9545, 0x8e180e91, 0xc84608b1, 
    0x134f4308, 0x23109e45, 0x64c86464, 0x2a080f46, 0x000b0084, 0x001b0013, 0x18290025, 0x21088bbc, 0x67193523, 0x3b2408a3, 0x013d1502, 0x2605f178, 
    0x033d2321, 0x19021d33, 0x44099227, 0x15460f15, 0x05894a0e, 0x190f4164, 0x230c231d, 0x2003f401, 0x35207f84, 0x190f2748, 0x8f1ae97d, 0xf36b1976, 
    0x8420200c, 0x7cfc210d, 0x65118341, 0x0020058a, 0x220d3b63, 0x821f0017, 0x079b77f7, 0xf1682320, 0x45012009, 0xfb980511, 0x0db15619, 0x5b087f41, 
    0x6d190831, 0x03410c52, 0x09bb5a17, 0x0f000b26, 0x39001700, 0x083d5418, 0x4108f966, 0x82971a07, 0x602d0f41, 0x0b290be7, 0x21001500, 0x2d002500, 
    0x060b4400, 0x89197d85, 0x88411755, 0x10fb410b, 0x385bf38f, 0x09737908, 0x00bc0225, 0x8f0b0003, 0x1901206d, 0x4113dd7f, 0x022117f3, 0x10d944bc, 
    0x09565418, 0x5c180020, 0x032609d7, 0x17000d00, 0xc3612300, 0x9b4a1805, 0x15022408, 0x41371523, 0xa27806e2, 0x4bde9911, 0x2e700ad3, 0x52de8210, 
    0x03250717, 0x00070020, 0x08f7480f, 0x33352323, 0xc1801911, 0x08d24b31, 0x461ad342, 0x1f240923, 0x00002b00, 0x12986f19, 0x4c033521, 0x232005a9, 
    0x0df96519, 0x2af76519, 0x87460120, 0x18618208, 0x2609f35b, 0x023b011d, 0x191d3315, 0x20093781, 0x585a1806, 0x14bf4913, 0x6410a348, 0xca180a9b, 
    0x15260b85, 0x3307023b, 0x66822b35, 0x5511d84f, 0x7c180e2b, 0x0f520ce5, 0xc3771908, 0x050f5208, 0x053d2522, 0x2b21b382, 0x06244801, 0x19230321, 
    0x440f9588, 0x7018143b, 0x03230af7, 0x18110084, 0x18087189, 0x190d9b49, 0x910f216d, 0x9e6b18b1, 0x106e480a, 0x2007c741, 0xfb491820, 0x58232018, 
    0x5a910979, 0x4b08fa4b, 0x43520d19, 0x20b78208, 0x053f5617, 0x0e818c19, 0x4e07fe49, 0x05410c55, 0x05f04910, 0x09f38219, 0x17000f25, 0x8a210000, 
    0x21469d91, 0x6e195802, 0x0b220ec3, 0xeb4e0f00, 0x6b2b2008, 0x6e1909eb, 0xe5440e63, 0x06534218, 0x4a0d6744, 0xdf500923, 0x451f2005, 0x41411051, 
    0x0abd4414, 0x20122d47, 0x25f38200, 0x900138ff, 0x635dbc02, 0x05b95006, 0x19330121, 0x200bc58d, 0x225f5d2b, 0x64000422, 0x07274788, 0x1b000b00, 
    0x82130000, 0x8411204b, 0x3335224f, 0x09dc4131, 0x0be36518, 0xbc026422, 0x530f0367, 0x032109db, 0x86938284, 0x19132047, 0x450f598e, 0x044a0c35, 
    0x20478213, 0x08bb5b01, 0xcd410f20, 0x1088570d, 0x91180020, 0xbc2208d7, 0xad4e1f00, 0x22b98406, 0x19022b15, 0x5c0cd18e, 0x408f065d, 0x7814a04a, 
    0x6f4b0c5d, 0x06b76206, 0x07000326, 0x1d000d00, 0x2105f773, 0x87702315, 0x053d2809, 0x013b3523, 0x4125051d, 0x44180ecb, 0x0e7f0880, 0xbc022108, 
    0x4215c36c, 0x2f4208db, 0x82842009, 0x5619206b, 0x194d0689, 0x23352305, 0x95560135, 0x0b3c4505, 0x1908f64a, 0x8609d984, 0x09a942e8, 0x21053c50, 
    0x0b466464, 0x03902409, 0x430b0020, 0x3b4505d5, 0x33352109, 0x87052858, 0x0cae41cf, 0x072bb118, 0x5f10f645, 0x022909f3, 0x000700bc, 0x3b000031, 
    0x062d5201, 0x21dd8f19, 0x0c447e19, 0x43122848, 0x108210f4, 0x84083f5b, 0x8d29206f, 0x7586196f, 0x86ca8d16, 0x0ceb4155, 0x11b36f18, 0xf4019023, 
    0xe9a41800, 0x06af4609, 0x2d20a618, 0x240cb74b, 0x001f0017, 0x91901900, 0x07ea500a, 0x0fc95e18, 0x200e4346, 0x05656d01, 0x19051743, 0x240bab35, 
    0x33051d23, 0x66b51815, 0x0d3b6407, 0x8212df46, 0x5b40188a, 0x4189870d, 0x352006ac, 0x97184983, 0xfd571a50, 0x44002005, 0x19200c7b, 0x43094f77, 
    0x33200602, 0x1ddeb518, 0x53468482, 0x0f0f4109, 0x23152526, 0x3b352335, 0x0acf5018, 0x4105c142, 0x88860e0f, 0x2805f745, 0x008403f4, 0x001b0013, 
    0x21881900, 0x8613200b, 0x0ff04348, 0x0e7b8c19, 0x200b8f47, 0x07fb4403, 0x1d33032a, 0x15033b05, 0x053d042b, 0x820d1f44, 0x0ee1468b, 0x52183f83, 
    0x172809b7, 0x33010000, 0x23032315, 0x20073d43, 0xb2861833, 0x5939820a, 0x00200f57, 0x2708f37c, 0x00bc02f4, 0x1300001d, 0x15233d82, 0x85011d23, 
    0x3306217d, 0x11dd5c18, 0x8510964e, 0x0b637b43, 0x013d2326, 0x3d333523, 0x8305214b, 0x1845828f, 0x191630bb, 0x230d335c, 0x11008403, 0x2905c150, 
    0x012b061d, 0x3d33013d, 0x90860303, 0x23208982, 0x1d225182, 0x20532304, 0x0e064105, 0x4110ec64, 0xe34d1876, 0x57022005, 0x0b260573, 0x25001300, 
    0x5d4e2900, 0x18172007, 0x280e3394, 0x043b3523, 0x1d022b15, 0x09ac6f01, 0x564e578a, 0xe9571813, 0x0c014b07, 0xd7752c20, 0x0020260c, 0x0015000d, 
    0x0555451f, 0xde821520, 0x23021d24, 0x8743033d, 0x19132007, 0x4810e167, 0x7c410b7f, 0x9001210a, 0x47655582, 0x18088205, 0x46093f6a, 0x19200627, 
    0x45094741, 0x67680507, 0x19032005, 0x7816f393, 0x4941090f, 0x8eb01810, 0x0c09450b, 0xec180020, 0x0125083f, 0x000900f4, 0x05635417, 0x64333721, 
    0x5d4b069f, 0x8bdd8506, 0x096e45d5, 0x600dc441, 0xd78613c9, 0x20093355, 0x08f57c11, 0x561f2142, 0xd0541415, 0x18284211, 0x560dbb57, 0x232405e5, 
    0x00002900, 0x0b838b19, 0x0b2ab518, 0x5615b941, 0xbd410a21, 0x6764200f, 0xbf410607, 0x00042109, 0x01270082, 0x002003f4, 0x6013000d, 0x03260f8d, 
    0x011d3311, 0x8b193523, 0xfb6210f7, 0x42608f09, 0xb2180c1e, 0x1b4209af, 0xb7701807, 0x23352307, 0x9619013d, 0x1a42190e, 0x0a935236, 0xef42cb83, 
    0x35232610, 0x3d15013b, 0x72701805, 0x0a8b410c, 0xc588ca8a, 0x82057d42, 0x0a276919, 0x13000724, 0x9d191f00, 0x75190dcf, 0xbe7110dd, 0x44b51807, 
    0x0cde4220, 0x8706af48, 0xbc02226b, 0x07636100, 0x8d192b20, 0xcb551a35, 0x206ba907, 0xbb7619c8, 0x000b2610, 0x0017000f, 0x14035d21, 0x2306a144, 
    0x031d3304, 0x20077a52, 0x319c192b, 0x0c6c510c, 0x0c586a19, 0x83157a52, 0x2c01227d, 0x0b0b5964, 0x55417f85, 0x18012006, 0x450d3740, 0x33210e21, 
    0x2d8e191d, 0x0d737807, 0x434cfe92, 0xa4981812, 0x09ab4f08, 0xb7442f20, 0x05d77b05, 0x7b520420, 0xec781906, 0x05855b09, 0xdb433320, 0x544d8214, 
    0x52581752, 0x0cf7590e, 0x17000f22, 0x59074142, 0x6c190bf7, 0xb8441c39, 0x170b5105, 0x8f14724e, 0xbc0223eb, 0xe5512700, 0x19332006, 0x2109797e, 
    0x6554012b, 0x043d2905, 0x23041d23, 0x013b043d, 0x103c7e18, 0x8418e685, 0xa7621d6a, 0x7b1b200d, 0x3d27170f, 0x33153302, 0x46272335, 0x5c190684, 
    0x92180925, 0xf1470c39, 0x08727610, 0x2505fb4c, 0x8403f401, 0x43472500, 0x82152007, 0x13791852, 0x06b1470d, 0x3d331127, 0x1d022b01, 0xbae11801, 
    0x122c4a15, 0x091f4918, 0x0afbda18, 0x22051b45, 0x4a190015, 0x3f4705c7, 0x925f1811, 0x0cdc450c, 0x210f1d45, 0x6182d4fe, 0x2b08c346, 0x0900bc02, 
    0x29001100, 0x00003300, 0x2009c346, 0xbb991937, 0x41c8201e, 0x642005d6, 0x44130b48, 0x0d8a0d4d, 0x09eb7918, 0x4706eb54, 0x1b22063f, 0x7b8b2100, 
    0x2405604d, 0x3d23021d, 0xab901903, 0x223c4709, 0xc34dd584, 0x8525200b, 0x5f0120d5, 0x9d41069b, 0x82272014, 0xbc7a181c, 0x0c364108, 0x84056f42, 
    0xac821977, 0x0501411b, 0x470cbb57, 0x53670533, 0x08e9480e, 0x36577183, 0x4b012005, 0xb957066f, 0x0fb14110, 0x4b06c24e, 0x03230833, 0x790b0084, 
    0x7f6011e1, 0x05865309, 0x3d230123, 0xb5ad1801, 0x18352008, 0x8f082cc4, 0x09d95ce4, 0x5e122d5e, 0x11210e2b, 0x05c95f00, 0x63002b21, 0x112008d5, 
    0x1905275e, 0x83251192, 0x19fe206b, 0x7a0bb3a0, 0x87850a50, 0x1a19e38d, 0x13220c11, 0x9b601533, 0x45e29009, 0x5c180521, 0x734e08bc, 0x1aad6014, 
    0x240d0746, 0x00190015, 0x05db4321, 0x12fb7419, 0x7094eb94, 0x4105b841, 0x0a460871, 0x4a778412, 0x0f2306bb, 0x18001500, 0x18087d7f, 0x18166d66, 
    0x181b6b73, 0x880d9170, 0x15801875, 0x2363180c, 0x0677670c, 0x6b620d20, 0x00272406, 0x5b351700, 0x1d230638, 0x82132301, 0xe4931982, 0x883f8810, 
    0x0ccf4108, 0x200ec568, 0x20008200, 0x5e038203, 0x0b240573, 0x35003100, 0x420faf76, 0x1b191eb5, 0x92540ce9, 0x1eea6014, 0x2008e359, 0x06eb6020, 
    0x1808d941, 0x420cdf80, 0x904e20c5, 0x3d4f190d, 0x1ddb4108, 0x21097b4a, 0x8f710003, 0x063d2107, 0x080f5018, 0x34420620, 0x080c5716, 0x64000122, 
    0x0ccf5718, 0x2805544e, 0x2315013b, 0x3d23011d, 0x28951902, 0x15ae4f11, 0x220a3767, 0x690b0007, 0x6f6109bd, 0x183d2006, 0x2009a150, 0x06906e04, 
    0xa446988d, 0x0c476606, 0x21050b6f, 0x47565802, 0x43132007, 0xdb18059b, 0x23230ad6, 0x50353335, 0x4f8a0756, 0x62145750, 0x90180624, 0x37200cc3, 
    0x18054e4f, 0x8509ca66, 0x0c0d55fd, 0x20106b46, 0x9fa71900, 0x2095860d, 0x4cdf1815, 0x10b81808, 0x48e38d0a, 0x33410f58, 0x0013220a, 0x05b7591f, 
    0x98491d20, 0x25032108, 0x83050c54, 0x57152092, 0xa2560cf5, 0x081e4a0e, 0x12458018, 0x430e516d, 0x20240a2b, 0x1d001300, 0x82055948, 0x2f731973, 
    0x4677ab12, 0x75180a4d, 0x8019120c, 0xf178258f, 0x0a614b10, 0x49127342, 0x63180a47, 0xd3830a4f, 0x74192520, 0x639b1903, 0xb779c394, 0x44042005, 
    0x1322085f, 0x41181f00, 0xa941087f, 0x08595816, 0x8c0db64b, 0x1699540d, 0x2106d841, 0x8f180500, 0x1d280897, 0x29002300, 0x35002f00, 0x0bdbb318, 
    0x29050650, 0x2b352315, 0x3b063d01, 0xc5181301, 0x01200a79, 0x7c420b8a, 0x210c830c, 0x8b182c01, 0x2a4f1365, 0xc797180a, 0x69642009, 0x13200ab7, 
    0x090b7818, 0xa31b2942, 0x146341f7, 0x5749f587, 0x00202809, 0x001b0011, 0x6f00002b, 0x5a830623, 0x089f8518, 0x18052d47, 0x1908d9e7, 0x6e155782, 
    0x37431464, 0x43002008, 0x2d201007, 0xb9193342, 0xe478186f, 0x0d43420c, 0x79432720, 0x2b152108, 0xed43dd84, 0x10a36c0c, 0x0d2dec18, 0x9a18c820, 
    0x718c181f, 0x08374418, 0xeb430320, 0x58252005, 0xc34105d9, 0x4177a31a, 0x64201bc2, 0x26068363, 0x02f40138, 0x771b00bc, 0x1d21055b, 0x055c7705, 
    0x83352321, 0x023b2101, 0x129ea419, 0x24ae6f18, 0x220c7b78, 0x41230019, 0x1d2308b1, 0x18153301, 0x19088fa4, 0x1813959b, 0x181c7e53, 0x210aab42, 
    0x4f668403, 0x33132605, 0x033d3315, 0x83b88233, 0x821520b2, 0x053d25be, 0x33031d33, 0x4e059d52, 0x5c430545, 0xc541180c, 0x102b4608, 0x0b30ad18, 
    0x210b8f41, 0xc183000f, 0x00002f23, 0xb59b1913, 0x0b184a1b, 0x1809b26a, 0x1907f64a, 0x8f0d2a59, 0x06ec4290, 0x220a7b45, 0x411d0011, 0xe37e0691, 
    0x11dd7e06, 0x4086708b, 0x86067f4d, 0x14b8445e, 0x2008c043, 0x0c1b7d03, 0x1c0d9618, 0x53796993, 0xe5b6180b, 0x0f57410d, 0x53417188, 0x00842209, 
    0x065b7b13, 0x19053f70, 0x501ab985, 0xbc7f0be2, 0x11bf5409, 0x200c7166, 0x09cf5700, 0x0af39019, 0x1d013b25, 0x85152301, 0x05d85701, 0x35330122, 
    0x2b240185, 0x013b3503, 0x0d644f19, 0x4a18c68f, 0x678214a5, 0x2409ab54, 0x00150007, 0x08fb5f19, 0x33352323, 0x89b31913, 0xca85180f, 0x0eb94a08, 
    0x180b8f58, 0x20105347, 0x0b8f6564, 0x11000322, 0x1d216584, 0x05696100, 0x63822320, 0x1b75a619, 0x740ca64a, 0xf35d0d0f, 0x0d8d4208, 0xb769d282, 
    0x226f850a, 0x67000023, 0xb41905ff, 0xcf870e59, 0xb018658d, 0xf7670a11, 0x4d638708, 0x4e180bcf, 0x152008bb, 0x67219941, 0x64211f44, 0x17f35264, 
    0x8b4f0020, 0x0007260c, 0x0019000b, 0x05af461d, 0x84051158, 0x1da9415a, 0x0d666218, 0x6e10ad41, 0xe488077f, 0x5a000221, 0x0f30078b, 0x00001500, 
    0x23023d37, 0x33353335, 0x1323051d, 0x19c2d418, 0x21060361, 0x4b6c0002, 0x001d2907, 0x21000029, 0x053d022b, 0x08415519, 0x33150226, 0x1523021d, 
    0x4213d977, 0x118e11af, 0x03205682, 0x1b205b88, 0x8705cd4e, 0x8204205d, 0x23012157, 0x0ea91d19, 0x18090751, 0x8e1abe4d, 0xb9661864, 0x18642007, 
    0x220a3f79, 0x83330025, 0x3d032ec7, 0x1d043b07, 0x2b352301, 0x3b011d02, 0x23c98a03, 0x3b021d03, 0x0d4b6519, 0x11965591, 0x20094f42, 0x05957320, 
    0x0722d183, 0x6784033b, 0x80640120, 0x0c314106, 0x960e7a43, 0x8a168857, 0x001b25c7, 0x13000027, 0x079fd218, 0x2b265482, 0x23043d03, 0x7a18013d, 
    0x01201605, 0x45516985, 0x037a1810, 0x20032511, 0x23001900, 0x56185b86, 0x5b850837, 0x12819518, 0x8814b650, 0x00032155, 0x01240082, 0x00bc02f4, 
    0x498b6119, 0x37420420, 0x000b2108, 0x19056758, 0x200af596, 0x06fc5913, 0x3d230127, 0x031d3304, 0x0e875701, 0x45186420, 0x64200e0a, 0x08839518, 
    0x0f518a18, 0x63580020, 0x58022105, 0x5c068354, 0x2120061d, 0x20157970, 0xb0721801, 0xd94f1808, 0x14ce520c, 0x8208e144, 0x095f43c7, 0x8959ab6f, 
    0x431b2063, 0x012a05c3, 0x1523053d, 0x35333523, 0xe070033b, 0x33272405, 0x182b043d, 0x4218cb99, 0x00201594, 0x2305377e, 0x20035802, 0x82065143, 
    0x023d234e, 0x5918032b, 0x0322076f, 0x9318013d, 0x072008a0, 0x9514fb49, 0x0c7f7d58, 0x0ccfd318, 0x82126770, 0x15012863, 0x3b013d23, 0x5c071d03, 
    0x5c9f0db8, 0xaf5a6420, 0x00202208, 0x096d580d, 0x032b212b, 0x35023b35, 0x15331533, 0x05754a27, 0x37231524, 0xa719023d, 0xc47c1087, 0x0d586a12, 
    0x820e8b74, 0x7dc8208e, 0x29220c63, 0x6b840000, 0x5d180320, 0x2b2a08fc, 0x23011d02, 0x043b023d, 0xcaaa061d, 0x0dcf8a18, 0x57175218, 0x168f5119, 
    0x09656419, 0x3d23212d, 0x37153301, 0x3b35012b, 0x84251502, 0x546c180c, 0x0dfb5309, 0x5305ff42, 0xf5470d99, 0x057c5b0d, 0x09835f18, 0x2300032b, 
    0x15170000, 0x3d333523, 0xcfb51907, 0x08777f0c, 0x461ced41, 0xff2b056b, 0x03f4019c, 0x00050084, 0x8221001b, 0x05ea5c4d, 0x53830420, 0x494b0220, 
    0x031d2205, 0x13d75911, 0x5d685a90, 0x0b1f4405, 0x4e000b21, 0x2f2005e9, 0x0abfbc18, 0x03205882, 0x61050d41, 0xb66b0673, 0xe48e1807, 0x08944411, 
    0x0b745b18, 0x7e0e605d, 0xe364085d, 0x4e21200b, 0x0221060b, 0x053e5823, 0x18230121, 0x230c1f70, 0x013d3335, 0x1905d54c, 0x59117db1, 0x23510bc7, 
    0x0ef7561a, 0x00bc0223, 0xf362180b, 0x23e28209, 0x3301013d, 0x077a4119, 0x23013d24, 0xb519021d, 0xde49080b, 0x08fb4107, 0x6912d342, 0x578208ef, 
    0x15000722, 0x09078c18, 0x1d330326, 0x043d2305, 0x18087b58, 0x6210299b, 0x1b200ddf, 0x2005fb5d, 0x06935333, 0x24067b74, 0x23153301, 0x4504821d, 
    0x6c181484, 0x88820d97, 0x83825820, 0xbf412d20, 0x2315210b, 0x0ee14318, 0x1d7bb619, 0x4414a261, 0xdf640ccb, 0x0b571809, 0x4e9e8407, 0x2b200582, 
    0x0b249218, 0x0c8b4418, 0x450ac26d, 0xe0831645, 0x82091f69, 0x05ed6ac7, 0xb9180220, 0x1d21081c, 0x1f0a4102, 0xcf453e82, 0xf4012405, 0x18002003, 
    0x240cd799, 0x23011d33, 0x8202843d, 0x280b8408, 0x33013d33, 0x35012b35, 0x9a961833, 0x105d480f, 0x86086541, 0xf40121fb, 0x23055b48, 0x041d3301, 
    0x08bf4018, 0x17409718, 0x4018ed96, 0x9c2208cf, 0xeb825802, 0x15001122, 0x62060543, 0x0121077b, 0x22f88315, 0x19013b06, 0x850a45b7, 0x08724c4b, 
    0x430ef142, 0x8344136b, 0x090b5c05, 0x11000d22, 0x8510fb61, 0xa1911869, 0x09e6420d, 0x5c48bf8a, 0x9e4f180a, 0x4b9f1808, 0x0007240a, 0x1823001b, 
    0x18096dc4, 0x2338238d, 0x642c0164, 0x23060f46, 0x84035802, 0x2d525582, 0x23022107, 0x23091e56, 0x013d3304, 0x7c0d1e49, 0x9c600ac0, 0x09c44212, 
    0x200bda7a, 0x18e88264, 0x200b3344, 0x59561825, 0x60022009, 0x02200721, 0x1809867e, 0x18119b5e, 0x5e121454, 0x1b4c09c3, 0x54232009, 0x012805c3, 
    0x1d331533, 0x053d2305, 0x0125c885, 0x3d013b35, 0x37941804, 0xeb451931, 0x09584511, 0x01257386, 0x001b00f4, 0x05ef5023, 0x18062f70, 0x270c00b9, 
    0x023d2301, 0x37011d33, 0x19ab9418, 0x1912b842, 0x4908fc6f, 0x67830cf3, 0x3d370023, 0x0a8d4904, 0x1523012b, 0x021d012b, 0x3d331323, 0x6d088201, 
    0x25470daa, 0x07b65311, 0x5e185682, 0x21200a77, 0x1905af53, 0x8208db80, 0x4815204f, 0x0625055d, 0x3335023b, 0x8a451803, 0x0a184112, 0x850e1c43, 
    0x3db51819, 0x6baa1908, 0x20032308, 0x67832300, 0x19331121, 0x4509572b, 0x49180532, 0x23220812, 0xdf18063d, 0xf3521231, 0x1630440a, 0x1908b65e, 
    0x240cdb6c, 0x00190011, 0x0d117e1f, 0x190c7548, 0x480e0ac0, 0xa7791374, 0x200e8d0e, 0x7b751800, 0xe3bd180c, 0x23252311, 0x6c753b35, 0x15332208, 
    0xd2741927, 0x0a5b530d, 0x5f103148, 0x9f7d05fc, 0xa7b71909, 0x23272c1c, 0x012b3335, 0x043b013d, 0x89032b15, 0x0ccd60c4, 0x4774b88d, 0x83b2180a, 
    0x001f3109, 0x15331300, 0x3b061d33, 0x012b1501, 0x043d2335, 0x81545782, 0x419f8c05, 0x0f6c1482, 0x23b3180a, 0x8202200c, 0x1533214c, 0x07aa4018, 
    0x02205684, 0x1427c718, 0x53140d47, 0x02230907, 0x191900bc, 0x2409b3ba, 0x3523011d, 0xb5ba1923, 0x0b7e181b, 0x2003230c, 0x3d820500, 0x2120df82, 
    0x08bc4618, 0x3d218382, 0x13b41801, 0x53af1909, 0x8364201f, 0xf4012100, 0x0c8bcb18, 0x8f841b20, 0x23152326, 0x043b013d, 0x621891a2, 0x0027083f, 
    0x03580200, 0x68150084, 0x1d2a0585, 0x15023b05, 0x2335022b, 0x9083043d, 0xd6822320, 0x47053d21, 0x1a440928, 0x0e614305, 0x8210a048, 0x82002052, 
    0x58022d00, 0x0f00bc02, 0x00002300, 0x031d3311, 0x2007c741, 0x22578502, 0x4a352304, 0x844705bb, 0x58598506, 0x578e0cbd, 0x820adf42, 0x00072457, 
    0x821b0011, 0x0a37675b, 0x220bbf66, 0x82013d23, 0x05232170, 0x8b186482, 0xc7660a90, 0x0b77520a, 0x890a5042, 0x4b9e1873, 0x7317200a, 0x3320063d, 
    0x200a8446, 0x7e9b1923, 0x0a025107, 0x1b415383, 0x0e24660e, 0x097b9818, 0x0acf8018, 0x021d3326, 0x23023d23, 0x07cf8018, 0x08015018, 0x41065562, 
    0x598e0719, 0x18094c45, 0x200c27c8, 0x06c74125, 0x023b0322, 0x5905c957, 0x35220566, 0x5f82022b, 0x01190220, 0x6420124a, 0xf2455f83, 0xb3911912, 
    0x0100260c, 0x00bc02f4, 0x05eb530d, 0x192b2121, 0x20099bbb, 0x076d4e23, 0x15022b23, 0x05a76813, 0x0a134f18, 0x0cb86918, 0x860dfd45, 0x056f410d, 
    0x0da7db18, 0x35225f82, 0x59843533, 0x0987ee18, 0x186eef18, 0x840c0d44, 0x0907450c, 0x0b20b382, 0x1806e355, 0x200c7bf2, 0x05851821, 0x3335220a, 
    0xb85c1831, 0x565c1822, 0x0d8b420e, 0x514e638a, 0x2068820f, 0x4f038315, 0x0422058c, 0x6d182b15, 0x82420ac3, 0x0d214110, 0x0021cb82, 0x05575805, 
    0x00f40122, 0x2120638a, 0x46083d69, 0x63ac053f, 0x280f2e41, 0x00070000, 0x02d4fe00, 0x22638258, 0x1811000d, 0x23089177, 0x05000033, 0x03246784, 
    0x21033b35, 0x180e3a46, 0x18089677, 0x46134e9d, 0x11431e49, 0x33a5180c, 0x470d2009, 0xfb41051b, 0x15332805, 0x2515023b, 0x82012b35, 0x25dd827b, 
    0x012b021d, 0x60181315, 0x544608e1, 0x30c7180b, 0x4d0c1912, 0x8290200d, 0x0b63500e, 0x13000b22, 0x0d87f418, 0x08c78b18, 0x6f013d21, 0x1520069a, 
    0x4d09a971, 0xb71811f4, 0x835f10a1, 0x00582608, 0x0011000b, 0xabe31825, 0x0567420c, 0xad022b21, 0x0b00195b, 0x05bb7d0f, 0x00002124, 0x4a793311, 
    0x23352105, 0x2105455a, 0xd1183315, 0xea180864, 0xbb180cb3, 0xfd180ef3, 0xf7450be7, 0x00012105, 0x01210082, 0x67091990, 0x06cc5909, 0x3d210682, 
    0x26548206, 0x011d2315, 0x82333533, 0x0c9342b6, 0x4d0e8244, 0x0021081e, 0x4fb31901, 0x00152508, 0x1d331300, 0x1fd7b519, 0x00000223, 0x07b619ff, 
    0x882b2007, 0x88272031, 0x707f1838, 0x05e54c27, 0x085b5718, 0x2508fb4d, 0x15013b02, 0x4418012b, 0x02280722, 0x2b023d23, 0x013b3501, 0x0819bb18, 
    0xc685d58c, 0x20154848, 0x07d31900, 0x82052031, 0x05534733, 0x0b000726, 0x37002b00, 0x08e76d18, 0x2006655e, 0x208b8213, 0x219e8223, 0xa582063d, 
    0x4e033b21, 0x15200596, 0x25260b82, 0x1d23043d, 0x9e4e2504, 0x021d2105, 0x5a059445, 0xf6500c0e, 0x2c012108, 0x98790a82, 0x0fe04314, 0x8708944c, 
    0x05ab6597, 0x3f209783, 0x0e87a618, 0x3323978b, 0x42023b15, 0x98890514, 0x35333526, 0x011d012b, 0x202097a1, 0x171a4b18, 0x3b439c8e, 0x58022905, 
    0x07008403, 0x3b003300, 0x25208f89, 0x8a068442, 0x042b2184, 0x0cfce218, 0x13023d22, 0x4d458f8c, 0x43631810, 0x83032008, 0x12f1418e, 0x3b4f2084, 
    0xaf561805, 0x1819200d, 0x2009d797, 0x05a84135, 0x051d3323, 0xca551833, 0x08d56909, 0x265e5491, 0x0b076c0c, 0x17000322, 0x290b6179, 0x013b051d, 
    0x3d022b15, 0xbe190105, 0x207d0c8c, 0x7094180b, 0x093a410e, 0x6c0d887b, 0x03240e6f, 0x19000900, 0x19063f4d, 0x200ee9be, 0x14c17525, 0x38416420, 
    0x19e07f06, 0x2f4f7988, 0x182b200b, 0x6309c76d, 0x06260679, 0x33011d33, 0xed18013d, 0x7f4134cf, 0x088f7a06, 0x09423320, 0x82272005, 0x013b2252, 
    0x2bc2181d, 0x1d232109, 0x08bb7b19, 0x35206e84, 0x0e7f8d18, 0x4218944f, 0x64200e78, 0x27096774, 0x0300bc02, 0x23000900, 0x19058566, 0x830a1dc0, 
    0x3303226a, 0x257f8335, 0x3b033d25, 0x7c831501, 0x4e0c1046, 0x38410554, 0x0920421b, 0x5015ab5d, 0x68500615, 0x99b01906, 0x058f700c, 0x5d12605b, 
    0xe289179b, 0x43091b60, 0x112005eb, 0x18070f42, 0x1907915d, 0x571fdba2, 0xe04208fc, 0x12616b0c, 0x21090146, 0xab190000, 0x076909df, 0x10af7f13, 
    0xdc44d984, 0x14ce440c, 0xcb855789, 0xb3441b20, 0x15a0190e, 0x92528810, 0x0a5b70ae, 0x20092f5f, 0x05445a33, 0x1161ab19, 0x183c8141, 0x200f074c, 
    0x07ad4c13, 0x210d196b, 0x9d193501, 0x6421185b, 0x3daa1964, 0x155d4516, 0x9e18c820, 0x84240b4f, 0x23001500, 0x1908af67, 0x421433a8, 0x5369070b, 
    0x0796410e, 0x5016ea47, 0x00200afc, 0x23054343, 0xf4010000, 0x20086765, 0x194d6629, 0x0cff4c18, 0x18087e5a, 0x6221ffb8, 0x2b4a08f1, 0x84032406, 
    0x54001700, 0xb9410617, 0x0572720c, 0x3d230424, 0x7d183304, 0xe3701260, 0x0f8c6a09, 0x0f0e8918, 0xd7820520, 0x8427d383, 0x1d001300, 0x66002100, 
    0x2723203d, 0x87231533, 0x41d89071, 0x624d08c3, 0x2c012114, 0x09db7d18, 0x20059349, 0x59df82f4, 0x23210587, 0x06fa4415, 0x3b35022b, 0x23043d02, 
    0x23152335, 0x20de821d, 0x175c6305, 0x5418ee72, 0x01200e97, 0xdb836383, 0x201afb67, 0xa3771801, 0x23152108, 0x0d6fd319, 0x950d265c, 0x079055d5, 
    0x750a6f43, 0xd59b0883, 0x44179862, 0xb41921f2, 0xdb850c63, 0x19058565, 0x8f14d19f, 0x0dfa75dd, 0x5518e18d, 0x731813b9, 0x17470eec, 0x6fb41908, 
    0x18e59a09, 0x180d038e, 0x460cbe48, 0x5e450fa5, 0x09fb4208, 0x181eb741, 0x2009eb92, 0x9cb71915, 0x0caf640e, 0x491eb641, 0x01210597, 0x476f18f4, 
    0x013d2316, 0x6e18033b, 0xb8970d66, 0x5e0a4866, 0x842008af, 0x07205d82, 0x250b1d77, 0x23153327, 0xe0553501, 0x33032405, 0x82023b15, 0x2303275b, 
    0x35022b11, 0x4418023b, 0x37640ae9, 0x21718c0d, 0x6c18bc02, 0x21680eba, 0x05585a05, 0x0dc36818, 0x29000d22, 0x1807e947, 0x180907b2, 0x8d156f73, 
    0x0c564e7b, 0x68180c89, 0x0319134e, 0x73180848, 0xa4190c77, 0x23210945, 0x47ed9d13, 0xe88f0c15, 0x230d8b59, 0x64900164, 0x6b8ce685, 0x4a180920, 
    0xaa19095b, 0xe1861b55, 0x1246b018, 0x4e181285, 0xc5180e69, 0x582008f7, 0x240d3b6a, 0x00310029, 0x79731800, 0xfb501821, 0x0c664819, 0x0c83f08c, 
    0x5006b05e, 0x1f24092b, 0x2b002300, 0x02207183, 0x210b114c, 0xaa19023b, 0x11200dcd, 0x1e6a5118, 0xab18678e, 0x9b7b07e0, 0x7db7190c, 0x20dd8208, 
    0x24608235, 0x3d23013d, 0xf8d41901, 0xcb821846, 0x00252309, 0xac820500, 0x33352322, 0x0e875218, 0x051d0322, 0x13adbb18, 0x650c7474, 0xa418095c, 
    0x07200c3b, 0x0d6d4e18, 0x18137548, 0x5e176d4e, 0x71640cb6, 0x08ba6910, 0x840f864c, 0x09574b36, 0x00840322, 0x35208385, 0x180eb149, 0x4221994b, 
    0xe04617ff, 0x6cb51806, 0x0ca25e0c, 0x18074754, 0x19091b8f, 0x18113fda, 0x4608d4ba, 0xdb420dd6, 0x64641808, 0x0943731c, 0x0ab59a19, 0x5612015f, 
    0x2a460946, 0x0cfd520e, 0x9d180020, 0x05210a0b, 0x59b41900, 0x23052f08, 0x15013b35, 0x013d2327, 0x2b15023b, 0xd4193701, 0x36481240, 0x05864406, 
    0x430baf46, 0x01221a49, 0x4f546490, 0x7c6f830a, 0x8b1805a3, 0x6f880877, 0xab112e64, 0x64c8226f, 0x4f231900, 0x000b230c, 0x21690011, 0x42372005, 
    0xe78f0e09, 0x807e0320, 0x0b244c10, 0x5d08076e, 0x124212e3, 0x01642316, 0x8b88642c, 0x58053f4c, 0x614e0735, 0x0d114d06, 0x410a7341, 0x924b1503, 
    0x188b9507, 0x41191251, 0xff820613, 0x8403f42e, 0x13000b00, 0x1b001700, 0x23001f00, 0x5212697a, 0x01200625, 0x07b2d818, 0xa1560882, 0x07194112, 
    0x420d6942, 0x64200510, 0x07d24818, 0x410a5476, 0x02210893, 0x187f8fbc, 0x4b093ba1, 0x7fb70ca3, 0x8c096a73, 0x6000207e, 0x9021058b, 0x07874103, 
    0x41064143, 0xa7460781, 0x053d2505, 0x013b3523, 0x0764d019, 0x4d08cd42, 0x491806cb, 0xa31913a2, 0xbc2b08af, 0x27001b00, 0x39002f00, 0x52210000, 
    0x1d220cc9, 0x5d533303, 0x3302250b, 0x3511021d, 0x3b212182, 0x07cb5202, 0x21069543, 0x077470fe, 0x0e1e460a, 0x78410e90, 0x0c076c05, 0x2b001f22, 
    0x20054b68, 0x06365201, 0x15013b22, 0x8a204753, 0x507fa758, 0x0221064b, 0xaf991858, 0x1929530b, 0x28533520, 0x121c4407, 0xea4d1283, 0x09c35e14, 
    0x09c75318, 0x42815346, 0x1321053b, 0x4a534600, 0x1819b443, 0x230d4748, 0x0d00bc02, 0x24099975, 0x3d333523, 0x05e66502, 0x0ca4fe18, 0x0cc44118, 
    0x430a654b, 0xf55e11a6, 0x00052108, 0x01210082, 0x445f82f4, 0x21200515, 0x08a16918, 0x021d2323, 0x05847333, 0xe4191320, 0xdc7e0d7b, 0x08a75107, 
    0x4b10af5e, 0xc8200bed, 0x08ff6918, 0x120b4918, 0x15330122, 0x19055c65, 0x2508b0db, 0x013b063d, 0x9c182335, 0x26421184, 0x52d19a0e, 0x48180b7f, 
    0xad191397, 0x46180850, 0x24190fdd, 0xa87f0c2e, 0x7846180f, 0x098b5f0c, 0x3120d382, 0x0ced6b18, 0x031d3322, 0x089b8f18, 0x22054e4c, 0x1935022b, 
    0x1809d906, 0x19152a42, 0x430956c2, 0x108410e8, 0x3b466f8c, 0x05f87a07, 0x640e5676, 0x72bf0833, 0x0a039b18, 0x190c1350, 0x230c55c2, 0x023d022b, 
    0x1805b668, 0x410aaa92, 0x1e50159a, 0x0c17781c, 0x27000722, 0x210bd371, 0x674b2b13, 0x466d951c, 0xd67c0683, 0x08de410c, 0xe7610020, 0x00842207, 
    0xd9e9183d, 0x065d5f08, 0x1905b74e, 0x231581bc, 0x15333533, 0x164a0519, 0x4f24474f, 0x2024104f, 0x17000700, 0x1120eb8b, 0x0812bd18, 0x15013b22, 
    0x2459b019, 0x10654118, 0x12abe519, 0x00840322, 0x087f6418, 0x4e0bff75, 0x9b190bf9, 0x90190aae, 0x9d180d7f, 0x5b880bca, 0x4108cc41, 0xb9181160, 
    0x0421073b, 0x20008200, 0x053b5c01, 0x0c71b819, 0x4e054563, 0xe2481ffd, 0x18642008, 0x18107865, 0x19188b46, 0x290e7b5c, 0x0027001f, 0x002f002b, 
    0xe4190037, 0x31241b35, 0x21153335, 0x08fcce19, 0x5a0c6057, 0x974708ee, 0x0675591e, 0x260b7744, 0x00210005, 0x18310025, 0x211e5966, 0xe3181533, 
    0x35220786, 0xe790023b, 0x19150a44, 0x790cb4e6, 0x002005f7, 0x20052f54, 0xd75b182d, 0xbf811808, 0x18332015, 0x47071847, 0xd57d1288, 0x16a8430a, 
    0x180d7b75, 0x420ac381, 0x81181051, 0xd44119c5, 0x0ce77109, 0x490cef77, 0x2f6909bf, 0x675e180c, 0x4feb8607, 0x032206f3, 0xb818073d, 0xab1809eb, 
    0x3b21086c, 0xf16f1803, 0x1c4c4111, 0x03221c89, 0xe8826420, 0x29061347, 0x09002003, 0x23001b00, 0x57492700, 0x35022105, 0x5e185982, 0x35201376, 
    0x9c0cc841, 0x188793db, 0x52075ba2, 0x902006f7, 0x2006af43, 0x2b5d1825, 0x8227200d, 0x58012064, 0x51410fc7, 0x09ab590a, 0x4f08c141, 0x00200d23, 
    0x57185f88, 0xbb410833, 0xa1b81910, 0x09f75211, 0x18147743, 0x210c6340, 0xb3820019, 0xa38f2120, 0x1d411120, 0x12535a0d, 0x180c1441, 0x61080db1, 
    0x03270837, 0x000f0020, 0x181f0013, 0xa80db756, 0x06394856, 0x13590020, 0x050f4509, 0x088f4c18, 0x18100541, 0x4117914c, 0x0c4e116d, 0xed591812, 
    0x3745180f, 0x87461808, 0xa34b180d, 0x187f970a, 0x9e10ff7d, 0x054b4a7f, 0x650d3643, 0x474b0847, 0x05f7750b, 0x52061b45, 0x4e18075b, 0x19451063, 
    0xff4c180e, 0x984d1812, 0x0cc4410c, 0x0feb1f19, 0x850d8f5a, 0x002322fb, 0x754e182f, 0x1435421b, 0x950d1c57, 0x084e4372, 0x260af355, 0x000f000b, 
    0x182b0015, 0x2008cf41, 0x09854623, 0x33350128, 0x2523011d, 0xe419043d, 0x01210aca, 0x08796b23, 0x180db344, 0x4712144b, 0xa34d190b, 0x094f4408, 
    0x19000d25, 0x4b001d00, 0x23220c63, 0x0042033d, 0xf14b1810, 0x51818d0c, 0x6c440ed1, 0x6bd42009, 0x03200c27, 0x2205ab73, 0x83290025, 0x9d2520f3, 
    0x467f82e3, 0x5d180a88, 0xdc180f26, 0x73410d0b, 0x4b218513, 0x3f450631, 0x000d260c, 0x00170011, 0x0b534c1b, 0x0cfb4b18, 0x180d3945, 0x880c747b, 
    0x0d2d5868, 0x47050d41, 0x8421096b, 0x1b441800, 0x105a411c, 0x410c225b, 0x3961095a, 0x4b45180c, 0x09cf4813, 0x20974318, 0xd88d73a7, 0xd0417486, 
    0x8f002008, 0x182320e3, 0x201bbb42, 0x129f6635, 0x0f086718, 0xd943e397, 0x206f8a05, 0x067b5c20, 0xa31ea15b, 0x86e39573, 0xb7611871, 0x00112609, 
    0x001f0017, 0x051d5925, 0x15333524, 0xdd18023b, 0x23200808, 0x0b868518, 0x19fae719, 0x0a824318, 0x1d776420, 0x08fa4819, 0x07336218, 0x00f40125, 
    0x820f0003, 0x821b20ef, 0x0029217f, 0x25052777, 0x35012b35, 0x8182033b, 0x4b183720, 0x26421c27, 0x18708d09, 0x180d999c, 0x180cc75b, 0x203f2b4a, 
    0x53df1921, 0xb12d1911, 0x5bdf1909, 0x16916212, 0x07209382, 0x08efe918, 0x07bbab18, 0x23001d24, 0xdb772f00, 0x3b012d08, 0x37231501, 0x1d33013d, 
    0x35232501, 0x37210c82, 0x17f4192b, 0xfe64211b, 0x0c789019, 0x18132544, 0x460d676b, 0x0223068f, 0x19070058, 0x2408cdb7, 0x002b001f, 0xc7a01900, 
    0x15332108, 0x15217d82, 0x197c8b21, 0x190c720c, 0x9715f63f, 0x48f28279, 0x9d600aab, 0x81621809, 0x021d250b, 0x013d023b, 0x1f2c0c19, 0x8b0e8950, 
    0x05084570, 0x0987c518, 0x03f40124, 0x874c0084, 0x71002005, 0x631808e9, 0x05200943, 0x180bf154, 0x180fae5c, 0x201e1743, 0x18658264, 0x200913b0, 
    0x07534611, 0x52831d20, 0x62821d20, 0x3d010526, 0x061d3305, 0x0ad5df18, 0x8e075944, 0x0ec24dbf, 0x1f4f1d82, 0x58022405, 0x6500bc02, 0x04200567, 
    0x0c8aac18, 0x35231526, 0x013b3523, 0x072ca018, 0x18330221, 0x521541bb, 0x7c581014, 0x27bb820d, 0xf4010000, 0x23002003, 0x31206582, 0x090bf918, 
    0xfd183320, 0x955d0aee, 0x33012105, 0x33257082, 0x33023d05, 0x05915d1d, 0x0aca5c18, 0x44123c6f, 0x642316e6, 0x43642c01, 0x7783058b, 0x2520db82, 
    0x18054f45, 0x260a2e41, 0x3b35022b, 0x88013d02, 0x610c8375, 0xa71805d7, 0xb4610e95, 0x22ea9a0e, 0x18000600, 0x18090f73, 0x2d0aef43, 0x23153321, 
    0x3d042b35, 0x3b153301, 0x5f532503, 0x64ea1907, 0x0a57760c, 0x420cc96e, 0xda8215e1, 0x18040021, 0x830a1b73, 0x0023226b, 0x21678600, 0x62823335, 
    0x85023b21, 0x13366d68, 0x0c59a018, 0x874b618d, 0x00842609, 0x00230003, 0x05ab412b, 0x193d1321, 0x5b1889f3, 0x03211341, 0xdc621884, 0x08f35a0f, 
    0x0e8ff319, 0x09000322, 0x21054379, 0x3d5e2315, 0x12365e1b, 0x7516305e, 0x012305db, 0x82bc02f4, 0x29bd82bf, 0x35231517, 0x012b3533, 0x0e7d063d, 
    0x3b01250c, 0x012b1503, 0x1063e318, 0x8e0d0c41, 0x0863690d, 0x82f40121, 0x000d245b, 0x1827001f, 0x26089b81, 0x15023b35, 0x18271523, 0x6f121d6f, 
    0x48180ece, 0x218912c6, 0xb3420020, 0x84032109, 0x2f245d82, 0x33010000, 0x0cc3c519, 0x022b0322, 0x23052c68, 0x1533013d, 0x7883d783, 0x43161653, 
    0x09750efb, 0x1800200c, 0x20084f51, 0x18cb8284, 0x1807195a, 0x2008a76c, 0x0d8b1827, 0x10994c0a, 0x860dac60, 0x11ac4bbd, 0x2114ae60, 0x426064c8, 
    0x035b1806, 0x0011260c, 0x0031001b, 0x09214c35, 0x0e1f5a18, 0xc14b3320, 0x013d2405, 0x8215023b, 0x3d152199, 0x0a59da18, 0xb6417891, 0x1171410e, 
    0x820c9b67, 0x56012075, 0x15200896, 0x0fa76a18, 0x35257986, 0x3315013b, 0x23e55f27, 0x621c7441, 0x0b220b1f, 0x5f431700, 0xd9d1190a, 0x08c34817, 
    0x180c7e4d, 0x5112f665, 0x90200857, 0x097f7618, 0x00bc0222, 0x090b6e19, 0x0cfd6b18, 0x9510d341, 0x12634367, 0x0a07ec19, 0x8403f422, 0x1908fb61, 
    0x420c092d, 0x352008a4, 0x52071e67, 0x2c411685, 0x4e2d8216, 0x84200943, 0x8d44c38a, 0xc55b1807, 0x0c646217, 0x0fbf4418, 0x08409a18, 0x8508dd57, 
    0x42642011, 0x03200993, 0x0c835018, 0x7d182720, 0xf0190c5f, 0x50181075, 0x4a180ee7, 0xa01909e4, 0x8c420c3f, 0x47d8830c, 0xc41909c7, 0x618e207f, 
    0x0bba4b18, 0x4b06f243, 0x64201471, 0x6421d182, 0xcb481800, 0x00172a09, 0x2100001b, 0x35233523, 0x8c681833, 0x0f464309, 0xbc56a78c, 0x00002308, 
    0x67460500, 0x058b7908, 0x60182320, 0x15200f43, 0x35225782, 0xf9581533, 0x17bb1805, 0x8464200e, 0x0afd41a0, 0x2566b08a, 0x642c210d, 0x01216b82, 
    0x27058200, 0xbc025802, 0x00002300, 0x82052e5a, 0x20b48357, 0x20bd8233, 0x0865713b, 0xab191a83, 0x944909f0, 0x0d7e4812, 0x22061346, 0x82f4012c, 
    0x4a1520cd, 0xff5d08f5, 0xf86d1806, 0x0da76f16, 0x27001f22, 0x0c231319, 0x210da758, 0x13193533, 0x1e7c291e, 0x3fa0180a, 0x205f820c, 0x19e48217, 
    0x210a7413, 0x8b18023b, 0x5f94096c, 0x4213b341, 0x875b0618, 0x00202509, 0x002b0025, 0x2b064746, 0x023d2305, 0x011d012b, 0x3d231523, 0x09b59818, 
    0x3d130124, 0x66182301, 0xa6721174, 0x19738514, 0x2a09d7c0, 0xf4019cff, 0x19008403, 0x18003100, 0x82075b48, 0x3306295b, 0x1d33021d, 0x11013b01, 
    0x23200582, 0x094ea618, 0x1806b146, 0x56107d9d, 0xd48c0a92, 0x7b73828c, 0x1a2f200b, 0x23082b02, 0x35231533, 0x2326bc82, 0x15023b15, 0xda82032b, 
    0x33013d23, 0x05787e35, 0xd6823320, 0x013b3523, 0xb0b51835, 0x0c02560f, 0xa8186f8c, 0x00271103, 0x02580200, 0x181d00bc, 0x2c08e549, 0x011d012b, 
    0x2b15033b, 0x23023d04, 0x90618235, 0x0ed4443f, 0xcf5b0020, 0x0020220a, 0x70b78821, 0x01200a5f, 0x02824682, 0x19012b21, 0x4112f1b2, 0x97430c01, 
    0x1806200b, 0x210887a6, 0x5a180009, 0xb1770ae7, 0x24498205, 0x35022b01, 0x21508223, 0xd84e2315, 0x07884314, 0x4e119945, 0x377d13df, 0x5802230f, 
    0xf77f2003, 0x23152107, 0x2908d175, 0x083d012b, 0x051d013b, 0xce823533, 0x69182320, 0x9d4e0d4e, 0x0c546516, 0x3709b344, 0x001f0011, 0x1d330100, 
    0x35012b02, 0x3d231523, 0x15013b02, 0x022b3533, 0xde190883, 0x044915e3, 0x2988180a, 0x1b411808, 0x4d1b2009, 0x21230533, 0x8235022b, 0x209d824c, 
    0x20458333, 0x055d493d, 0x15230223, 0x215c8227, 0x46181501, 0xa9591270, 0x20188218, 0x076b4701, 0xf4016422, 0x08534819, 0xbb441d20, 0x91081a05, 
    0x6481180b, 0x35232107, 0xe34ec582, 0x064c7205, 0xf14b4485, 0x12cb4c06, 0x24052345, 0x00000500, 0x7bbb1800, 0x05df6f09, 0x82110021, 0x352321c2, 
    0x01200585, 0x48051147, 0x068606a1, 0x22156153, 0x6a2c0164, 0xb51805b2, 0x848208f1, 0x0cf3ef18, 0x00275f83, 0x35022b25, 0x18033d23, 0x19089186, 
    0x420f2320, 0x64211137, 0x20a78a64, 0x06675107, 0x00002323, 0x82a78201, 0x2533259e, 0x15331533, 0x37230882, 0x18231533, 0x26074f5a, 0x013b3505, 
    0x60152315, 0x70200702, 0x8505c156, 0x456420a2, 0xd7410529, 0x95bb1808, 0x18002009, 0x2612dbfc, 0x021d3311, 0x82013d23, 0x2006836c, 0x050f4111, 
    0x52061641, 0xb8440a2e, 0x4f642005, 0x5b86061e, 0x7782fe20, 0x44181183, 0x03270a67, 0x1b000b00, 0x82250000, 0x35032db1, 0x3715023b, 0x023d032b, 
    0x021d043b, 0x5c120574, 0x00220bb5, 0xab410700, 0x000f2c08, 0x00170013, 0x00210019, 0x82250023, 0x3042824b, 0x1d023b04, 0x35331702, 0x1d013d15, 
    0x13152301, 0x25af823d, 0x23013d01, 0x57182133, 0xf9650a62, 0x0d566105, 0x0b208019, 0x0cb7da18, 0x82840321, 0x1100235f, 0x01891533, 0x4e532320, 
    0x21058305, 0x6e18093d, 0xe4190c0f, 0x0022156d, 0x4b440100, 0x214b8205, 0x4b98002b, 0x88333521, 0x35232101, 0xfc440186, 0x1bdc6010, 0x0745678b, 
    0x880a2005, 0xd6361948, 0x48648208, 0xa25c0dd4, 0x18b38c17, 0x18080fdb, 0x1a0802ac, 0x830cc703, 0x8dbd8866, 0x97c1895e, 0x84002068, 0x060746b7, 
    0x0c821920, 0x021d332b, 0x2b031d33, 0x3b033d05, 0x31001a03, 0x101b500d, 0x2109b365, 0x5a189001, 0x9b8209d5, 0xb5182320, 0x35200b1b, 0x0c99bf18, 
    0x55332721, 0x1674080e, 0xc5511805, 0x11245810, 0x85108741, 0x026425b3, 0x00580258, 0x1059f118, 0x3d226e84, 0x83823304, 0xb3183320, 0x83440e34, 
    0x141b4412, 0x33033d29, 0x1d033b35, 0x18152303, 0x5b0827c3, 0x1b4409eb, 0x82082014, 0x288f8347, 0x000500bc, 0x000d0009, 0x091d5913, 0x21057354, 
    0x9c5f013d, 0x19088206, 0x2608430c, 0x05333523, 0x18153335, 0x210fe4b8, 0xb0192c01, 0xfe2108cd, 0x15a36c70, 0x0abba618, 0x083bc319, 0x00002525, 
    0x82352325, 0x20628201, 0x22c08235, 0x52331501, 0x23210511, 0x20118215, 0x7110193d, 0xfbdf1807, 0x0d24481e, 0x0f9bc319, 0xc7195f9e, 0x8b4427d0, 
    0x58022805, 0x1700bc02, 0xa0002100, 0x011d24b9, 0x19131523, 0x420b0a12, 0x108b1012, 0x08074b18, 0x1b410020, 0x18194108, 0x18165d50, 0x8408b3fa, 
    0x4f9f85a3, 0x0e1a08a7, 0x3b200d77, 0x990a6741, 0x18b08d4d, 0x230837e7, 0x002300bc, 0x33259b83, 0x1523033d, 0x7c411923, 0x0ebf4109, 0x002057a5, 
    0x20091743, 0x065341bc, 0xc106ab48, 0x0517745b, 0x0138ff22, 0x07579018, 0xb4181920, 0x27200979, 0x26068144, 0x15023b15, 0x533d022b, 0x022405fa, 
    0x15043b35, 0x4306746f, 0xd7421332, 0xa0561809, 0x46bf8208, 0xdb6a06fb, 0x1a1d2008, 0x230e590a, 0x27011d33, 0x8e081f5a, 0x21851856, 0x470e830e, 
    0x9743084b, 0x000f2205, 0xbd06191b, 0x33352108, 0x0f800c1a, 0xbc524e92, 0x18ff8209, 0x2314a756, 0x33352301, 0x20064848, 0xaa561801, 0x1523240a, 
    0x1a15012b, 0x440a6d07, 0x0f4210e5, 0x410d8d0d, 0x002005ed, 0x2709a771, 0x0023001d, 0x01000027, 0x2320fd82, 0x24053e45, 0x3d23011d, 0x260e8206, 
    0x35331533, 0x82273533, 0x35232209, 0x1cc91911, 0x18926a0e, 0x1e196d83, 0x7a180d9b, 0xbe82126f, 0x2305c545, 0x051d2335, 0x29707a18, 0x52180020, 
    0x11200d87, 0x2e056355, 0x3d23021d, 0x023d1701, 0x23031d33, 0x43053d25, 0x15220532, 0x47183523, 0xab8208ef, 0x0fdea019, 0x8c0d1341, 0x24638b0d, 
    0x00110009, 0xaf8c182d, 0x4f272008, 0x272005a2, 0x0123638e, 0x82231533, 0x09974a83, 0x0c9a4e8c, 0x095f9418, 0x2107576a, 0x76411300, 0x23152105, 
    0x01235282, 0x18053d23, 0x190acbf0, 0x20106734, 0xf71d19fe, 0x01002107, 0xc3413f83, 0x08457a05, 0x3a2fe018, 0x09d37a18, 0x1b001725, 0x86370000, 
    0x067847ef, 0x23031d22, 0xa3189583, 0xe48d0c15, 0x18f40121, 0x860ab748, 0x8bef199b, 0x09a14708, 0x7105bb47, 0x152605e9, 0x35331533, 0x64420733, 
    0xc63d190e, 0x03481825, 0x181f200a, 0x18085396, 0x9d08d45f, 0x1054415f, 0x21087d5b, 0x57860000, 0xbc029023, 0x21578400, 0x1619063d, 0x33210878, 
    0x05954415, 0x0e416582, 0x052a7a0f, 0x180d1041, 0x43090a4a, 0xd0190a77, 0x1d210803, 0x50151a02, 0x22ff8208, 0x18023d23, 0x2008434b, 0x05c54835, 
    0x11e13e19, 0x4f05fc4c, 0x87670e2e, 0x09374f09, 0x073b4418, 0xae4d1d20, 0x235d8207, 0x1d23013d, 0x02200282, 0x1806cd4d, 0x181a2df0, 0x2111cbd1, 
    0xe9182003, 0x4485091b, 0x3e501520, 0x3b08230a, 0xac820303, 0x19333721, 0x4111172d, 0x63180857, 0x642115e3, 0x6fbd1864, 0x38ff230d, 0x6b82f401, 
    0xd0182920, 0xc08408eb, 0x15022b25, 0x5a15013b, 0xc0830877, 0x35331523, 0x05a85023, 0x890fa144, 0x672b19bc, 0x70fe2117, 0x0c5f4b18, 0x00bc0225, 
    0x181d000b, 0x220d9d69, 0x1833021d, 0x5b0abde5, 0x48190850, 0xf7490bbe, 0x5400200c, 0x902005a3, 0x03224b82, 0x4d830900, 0x001a1320, 0x032209cb, 
    0xad853523, 0x5582cc82, 0x0ed43b19, 0x13a14018, 0x19000021, 0x2109dbc5, 0x86180003, 0x23210733, 0x056b5735, 0x23092c56, 0x051d033b, 0x42179c4b, 
    0x4a18128a, 0x0121098b, 0x22b182f4, 0x18000025, 0x20073386, 0x10db7602, 0x57a70420, 0x21063745, 0xfb825802, 0x21000724, 0xec182b00, 0x25220893, 
    0x8a18013d, 0x0122091a, 0x091a1523, 0xf4200e04, 0x480fb65b, 0x6f181a90, 0x51180840, 0x0f240947, 0x19001300, 0x08fbd518, 0x23011d22, 0x35206d84, 
    0x09386f18, 0x8d0e3162, 0x0a6352cf, 0x071ab782, 0x2326102d, 0x23352315, 0xb018023d, 0x7d4313f8, 0x78002014, 0x2920092f, 0x087b4318, 0x3b350223, 
    0x05b24102, 0x15230582, 0x93033d23, 0xc7df194e, 0x0ce25114, 0x21073b44, 0xf182f401, 0xbb4e1b20, 0x69232008, 0x032305d0, 0x5d01033d, 0x324114fa, 
    0xb34d1805, 0x06ca4f0c, 0x8a06ea5d, 0x00152157, 0x7d078351, 0x35230b91, 0x18333523, 0x182e9052, 0x910b8a52, 0x4411205f, 0x3b2207f0, 0xa5521501, 
    0x5dbca906, 0x01220982, 0xab60642c, 0x00202e08, 0x00230017, 0x21000029, 0x063d022b, 0x065f1833, 0xef561812, 0x121b4313, 0x0c931419, 0x27080b48, 
    0x0b00f401, 0x1f001300, 0x0d374a18, 0x1805695f, 0x1910e6a3, 0x680e0e32, 0x642008d9, 0x096b7518, 0x51184f82, 0x1d2007fb, 0x22080d6a, 0x61153335, 
    0x3d2007cc, 0x01215a82, 0x06ef5e33, 0xe2182720, 0x4b180cbf, 0x834220b9, 0x58022105, 0x21075f79, 0xae46071d, 0x0fa05b05, 0x12cab318, 0x181c6954, 
    0x230a8b5d, 0x01000027, 0x1d225482, 0x071a2b06, 0x0d191069, 0x2e560c54, 0x0a1b4220, 0x0d073019, 0x2b013d23, 0x204a8203, 0x19a48215, 0x4408a2c3, 
    0x68881a17, 0x7f0a1342, 0x06194c17, 0xfd870b87, 0x07825618, 0x2605d543, 0x35033b01, 0x18042b33, 0x6e1898ed, 0x0d860d91, 0x078f7618, 0x00bc022a, 
    0x0011000b, 0x001d0017, 0x09abe618, 0x70182b20, 0x3d2609ea, 0x15013b01, 0x5c182723, 0x70181cf2, 0xdb4f0e79, 0x00002112, 0x0eeb5418, 0x59db181a, 
    0x2009cf4c, 0x18d1820b, 0x181007ad, 0x18074a5c, 0x2208eb4b, 0x19032b33, 0x610f9b34, 0x6a5a0cd8, 0x0c70470a, 0x43411782, 0x0007260a, 0x0019000d, 
    0x055b5d1f, 0x08b9b018, 0x011d332a, 0x043d2321, 0x25031d33, 0x180d9c65, 0x46083cf2, 0x5f420581, 0x70c82023, 0xff27054b, 0x01900138, 0x820500f4, 
    0x1700236d, 0x86723523, 0x05ba5705, 0x48013b21, 0x8d180634, 0x69440c42, 0x08cf530d, 0x48580221, 0x152105e1, 0xa3a51823, 0x08a27410, 0x17e9ef18, 
    0x1a666b18, 0x08bf5d18, 0x00f40124, 0x0a1a0007, 0xb1184f2b, 0x0f2009bf, 0x0a732b19, 0x23350223, 0x20fb8335, 0x8a051925, 0x5b56180c, 0x1462410e, 
    0x6464c822, 0x200acf5b, 0x088d4e1b, 0x0efa3c19, 0x35333526, 0x33013d33, 0x1427e818, 0x4609fb4a, 0x75410ce8, 0x5758180f, 0x235c1808, 0x23152109, 
    0x25206695, 0x2105df52, 0x5419013d, 0xb6180e35, 0xf75c1ad3, 0x5915200d, 0x06200687, 0x0879bf18, 0x2cc2f318, 0x200ceb75, 0x204b8209, 0x08874e25, 
    0x053d2522, 0x2505e046, 0x031d022b, 0x051a1323, 0x165e08db, 0x88fa8d0c, 0xbc02210d, 0x08032019, 0x634bff20, 0x00032205, 0x05e75c0f, 0x23150529, 
    0x043d3335, 0x97041d33, 0x93dd1860, 0x0de0501b, 0x474e6684, 0x00032309, 0x45610017, 0x069d4905, 0x0b31f418, 0x3761398c, 0x0100240e, 0x1800c800, 
    0x82074ba3, 0x031d2241, 0x05914933, 0x0d169b18, 0x8718d385, 0x132509bb, 0x2b210000, 0x20cd8201, 0x22688202, 0x18231502, 0x19188682, 0x570d6b3c, 
    0x3323060b, 0x76012b15, 0x33200755, 0x1905085d, 0x5a0eee4a, 0x774d161f, 0x5c902008, 0xf51805f7, 0xb3820823, 0xfb4b3320, 0x82032007, 0xb39e18c1, 
    0x14a9410c, 0x1a054b42, 0x200c4f0d, 0x20fa8525, 0x22d28204, 0x43041d01, 0x64211449, 0x9f141900, 0x002f2b09, 0x15331100, 0x011d033b, 0xdc511d23, 
    0x5d511805, 0x218c8309, 0x4c41022b, 0xdbc01807, 0x4a898d08, 0x611814e0, 0x5f180eab, 0xc518486b, 0x1d20099f, 0x0903171a, 0x022b0125, 0x183d3335, 
    0x4b1bfff6, 0xbf8d0dcc, 0x00200d82, 0x0a93a018, 0x0f000326, 0x00002900, 0x1a0be542, 0x19119c0d, 0x8c0a4ed6, 0x0ca3424c, 0x540a6b7a, 0x212306b3, 
    0x63010000, 0x6a5505c7, 0x23032305, 0xb9822315, 0x13820520, 0x980ba741, 0x089f5fad, 0x00f40122, 0x13204b82, 0x1d213782, 0x07ee4104, 0x1d231525, 
    0x193d2302, 0x9a0ea94c, 0x1800204a, 0x20090761, 0x0683440d, 0x012b042d, 0x3d33013d, 0x033d0101, 0x821d013b, 0x352321aa, 0x4d07b252, 0x8318097c, 
    0xea831385, 0x180aa349, 0x184d67ed, 0x200917cb, 0x27461823, 0x18032011, 0x200869ed, 0x97fd1915, 0x05334327, 0x01250582, 0x00f401f4, 0x051d691d, 
    0x3d25ed82, 0x031d3302, 0x06ee7f2b, 0x1d330325, 0x18353302, 0x181046ef, 0x410ce958, 0x95180cfa, 0x382209bb, 0x3519f401, 0x09226af3, 0x6d4c1700, 
    0x05234d05, 0x1d330125, 0x61352304, 0xc47e0a37, 0x0a634709, 0x220a0b53, 0x8e1b0009, 0x8506203f, 0x1803203f, 0x180b7577, 0x4710f464, 0x9c25068b, 
    0xf4015802, 0x42439100, 0x87910595, 0x83646421, 0x18898a49, 0x230c77f4, 0x00150011, 0xf74d8d82, 0x21c78205, 0x9e4f053d, 0x16736d0d, 0x0020a882, 
    0x09576718, 0x82bc0221, 0x18192045, 0x850afd7f, 0x184b8f8b, 0x1818b9f4, 0x4808eff6, 0x902005bf, 0x0d34df84, 0x00001300, 0x1d33033d, 0x33012303, 
    0x2b352315, 0x013b3501, 0x11099718, 0x089fcc19, 0x82000221, 0x85012000, 0x2039823b, 0x081c7f25, 0x18dc5919, 0x33493a85, 0x00032109, 0x0a47fd18, 
    0x1d226f82, 0x3d192301, 0x272008d8, 0x17d89118, 0x830e9142, 0xab52180e, 0x18c78208, 0x20088fa4, 0x2cc4831d, 0x3d032b15, 0x011d3304, 0x3335013b, 
    0x44519903, 0xfe210e42, 0x069f4ed4, 0x7106d344, 0x8c440def, 0x3b012605, 0x022b1503, 0x13ee7125, 0x1812616e, 0x8d0efb7d, 0x730020c3, 0x023908b7, 
    0x000900bc, 0x001f001b, 0x01000025, 0x23031d33, 0x3d05023d, 0x33352301, 0x11fc183d, 0x0a9b4108, 0x50900121, 0xef180c00, 0xa6450d38, 0x5802210b, 
    0x2207675b, 0x82580200, 0x00272763, 0x3d232100, 0xff442b05, 0x021d2105, 0x82056855, 0x3b352463, 0x19051d02, 0x842553db, 0x03002d6d, 0x9cff0000, 
    0x2003f401, 0x15000500, 0x014cb982, 0x33072307, 0x6918061d, 0x02201fdd, 0x8b067f49, 0x82192043, 0x0c454cfb, 0x1d330328, 0x23153303, 0x4d9f011d, 
    0x51858f83, 0x095be619, 0x11000526, 0x00001700, 0x089f4818, 0xa8180420, 0x012108bf, 0x179c5690, 0x00201982, 0x081bd619, 0x0720d782, 0x20054b51, 
    0x23848225, 0x33352315, 0x2006145b, 0x4a0b8323, 0x05210522, 0x064e5133, 0x4113a44d, 0x0d860de8, 0x0beb7118, 0x02900123, 0x05b553bc, 0x70433720, 
    0x183d2005, 0x20071d6b, 0x06887101, 0x89116f47, 0x06e34846, 0x1b214383, 0xa3e91900, 0x064d520b, 0x8c05f468, 0x10ca4884, 0x1807f749, 0x52082fd2, 
    0x4e180cef, 0xd1440ae5, 0x08c7570c, 0x4e195c8c, 0x4f820b43, 0x83581520, 0x71332008, 0x38190aa2, 0x1382083b, 0x33013d22, 0x180f8269, 0x8d0c9fd9, 
    0x0b83525d, 0x19001122, 0x2005ff44, 0x21ac181d, 0x10f0710c, 0x4721f353, 0x1b25097b, 0x33130000, 0x12041915, 0x061e5809, 0x82230121, 0x632e19a6, 
    0x0e30440d, 0x6b48a683, 0x23f7870a, 0x23031d33, 0x08daba18, 0x11bef718, 0x8d0fb84b, 0x646421ec, 0x090f9918, 0x00f40123, 0x05c54709, 0x65450520, 
    0x3d252105, 0x085b281a, 0x01230322, 0x5b09526e, 0x7f4224dc, 0x82f4200c, 0x000f285b, 0x01000017, 0x18231533, 0x18098a77, 0x4d0f47b1, 0x002114eb, 
    0xa79a1800, 0x001d2609, 0x002b0021, 0xfd7c1833, 0x82052008, 0x2315224c, 0x2b018235, 0x3533053d, 0x23351333, 0x33353715, 0x23055141, 0x33013d15, 
    0x1c190f82, 0x64201038, 0x073d4f18, 0x220f0941, 0x1844fd64, 0x200de257, 0x778d1800, 0x1803200c, 0x820841fd, 0x35332171, 0x08ce7518, 0x01011d24, 
    0x6c823335, 0x5408be72, 0xde4a0a8e, 0x08a24a15, 0x02205f82, 0x2005db44, 0x6f191901, 0x05134708, 0x86050264, 0x011d2152, 0x152de719, 0x7819c090, 
    0x61180de7, 0x4a180d1f, 0x611809cf, 0x776c31e7, 0x0aa3780d, 0x11000d2d, 0x1b001700, 0x2d001f00, 0x83050000, 0x350121ae, 0x1d21ba82, 0x56671802, 
    0x31012608, 0x27153335, 0x4f621823, 0x8840180b, 0x1178440c, 0x87411191, 0x64002306, 0x4b60f401, 0xafe71848, 0x00072209, 0x21c5820b, 0x9d600015, 
    0x82112009, 0x42dd18ae, 0x08bb4117, 0xa1606420, 0x05a7520e, 0x0b20a386, 0x60184d83, 0x1d210b97, 0x08de5002, 0x18233521, 0x4b0971af, 0x66530b05, 
    0xd38d180c, 0x000b280a, 0x001b0017, 0x18000023, 0x230ce162, 0x031d3304, 0x090a9f18, 0x0d166918, 0x2142a389, 0x0517490b, 0x0024f783, 0xf401f401, 
    0x180f6f71, 0x180f9191, 0x71086f8c, 0x9118156f, 0xc820117e, 0x820b5f78, 0x4747195f, 0x00062151, 0xbb840082, 0x0f000723, 0x05956500, 0xab7f2520, 
    0x3335230f, 0xbb553531, 0x33352205, 0x10c85721, 0x430fb355, 0x5e840c42, 0xbf480483, 0x33012a07, 0x011d2315, 0x021d032b, 0x076d533b, 0x35032b27, 
    0x33023d23, 0x20108235, 0x129f4533, 0x15112b19, 0x0c0be719, 0x00001b26, 0x041d3301, 0x088d4918, 0x12e5cb18, 0x96835892, 0x00000322, 0x0abf9918, 
    0x00001f23, 0x209f8213, 0xfa801811, 0x067f5109, 0x031d0122, 0x30761782, 0xc499180e, 0x05ec4b11, 0x22055f4b, 0x4bbc02f4, 0x99820525, 0x3d230623, 
    0x05564503, 0x013d3325, 0x4535013b, 0xd4180fa4, 0x93511e7d, 0xf4012709, 0x00001100, 0x3b473311, 0x18032005, 0x1808dfe3, 0x590b2fb5, 0x15230f3b, 
    0x53071d23, 0x925509bf, 0x19022009, 0x4107802c, 0x5a180cb0, 0x201919b4, 0x0b280a23, 0x15000f00, 0x00002100, 0x2605c96b, 0x15333533, 0x64271533, 
    0x35431131, 0x17aa1812, 0x37ef180e, 0x08e7430a, 0x19205b83, 0x40445d90, 0xae401812, 0x8e6b890c, 0x00642162, 0x20051346, 0x05434b00, 0x2d002522, 
    0x089d2619, 0xd9180120, 0x6118073c, 0x4e180df1, 0x01203ec7, 0x2008077a, 0x20698b33, 0xfab81833, 0x3533270a, 0x021d012b, 0x48721533, 0x11a8450f, 
    0x4117fd42, 0xf74a0bb4, 0xbc022109, 0x09f5a318, 0x3b011d23, 0x82728302, 0x012b2177, 0x31060247, 0x1d23023d, 0x023d2302, 0x35333533, 0x15233501, 
    0x8984013d, 0x0d3d6f18, 0x4a093277, 0x6e181073, 0x77180de3, 0x022007a7, 0x2006a75b, 0x6b5d1913, 0x013b2208, 0x3b681815, 0x21ea8208, 0x88822335, 
    0x42051462, 0x6f180d6c, 0xd0181d4d, 0x29230c2b, 0x82010000, 0x061d2153, 0x2005c24b, 0x91571823, 0x200a8309, 0x197a8201, 0x9612f3ea, 0xa75c18c0, 
    0x9cff210c, 0x2320bf84, 0x07d19018, 0x66821d20, 0x1a6a3320, 0x012b2205, 0x056f5015, 0x82063641, 0x01352469, 0x4c152335, 0x012114d3, 0x1a7a5c90, 
    0x4f0cfe21, 0xd2820590, 0x0d4f8e19, 0xd3831320, 0xec730120, 0x206f8208, 0x4dd98a33, 0x1a420ae2, 0x6edd9c12, 0x23670527, 0x5b172009, 0x11250595, 
    0x33021d33, 0x079f4115, 0x053d0324, 0xa0413301, 0x13332106, 0x0992c618, 0x180cd345, 0x1808a259, 0x19111472, 0x210b9fe1, 0xe94abc02, 0x22618205, 
    0x19033b01, 0x240af963, 0x13053d04, 0x05674235, 0x670ffd41, 0xb04a1282, 0x069b4505, 0x01000025, 0x825802f4, 0x002d2257, 0x37731833, 0xbe771809, 
    0x4115200b, 0xe46705fd, 0x1a152007, 0x6708c813, 0xfc4c06f4, 0x0544180d, 0xaff41820, 0x2673820e, 0x00f401f4, 0x441f000f, 0x2b2805eb, 0x3d231502, 
    0x35043b01, 0x0b877682, 0x66125946, 0x42180e58, 0x4b820917, 0x53591320, 0x3501260b, 0x023d013b, 0xeff21825, 0x11841808, 0x8259960d, 0x056b5a4e, 
    0x82580221, 0x0015224f, 0x21a58221, 0xfe621d33, 0x18529707, 0x821f71da, 0x24028244, 0x022c012c, 0x056346bc, 0x82050243, 0x1d2323ee, 0x44192301, 
    0x72420712, 0x0577440c, 0x33820120, 0x00200322, 0x2206b34f, 0x82333513, 0x3d27212e, 0x82051066, 0x3b81180a, 0x08c04208, 0x1a0c9241, 0x220a2f35, 
    0x822c01c8, 0x05874847, 0x23058770, 0x13233523, 0x2305d971, 0x23153311, 0x080b5d18, 0xef454084, 0xabe81806, 0x4f878209, 0x00200593, 0x09954518, 
    0x3d217f82, 0x1f631903, 0x20bf8f0b, 0x83f38402, 0x00072337, 0x75880013, 0x1d330123, 0x227c8203, 0x45353335, 0x0121090c, 0x268118f4, 0x09e74708, 
    0xf401c828, 0x0700bc02, 0x3b8d1700, 0x3520ad82, 0x64203f8f, 0x1905a447, 0x200cbe72, 0x837f8500, 0x641520f7, 0xb1820501, 0x28053a45, 0x33043d01, 
    0x3533011d, 0x0c3a6711, 0x210e1076, 0xa354d4fe, 0x2c012105, 0x083b8018, 0x0a47391a, 0x3e823d20, 0x44822720, 0xb04f2320, 0x770b8406, 0x1919067d, 
    0x00201cf4, 0x1120978a, 0x2105f75a, 0x0119031d, 0x5b430abb, 0x08d14106, 0x11456b18, 0x00820020, 0x82000121, 0xc80028f1, 0x0500bc02, 0x83130000, 
    0x7b352087, 0x5f84071c, 0x2c01f422, 0x0b201b84, 0x9f851d87, 0x43184c82, 0x00210b10, 0x24478400, 0x20032c01, 0x20298400, 0x05517815, 0x4109d74f, 
    0x53820613, 0x27846f82, 0x29840320, 0x0a27fd18, 0x0e4ca985, 0x433e1a07, 0x85538308, 0x8233202b, 0x1823202c, 0x180cbff0, 0x8308ea4f, 0x640025bd, 
    0x58025802, 0x0a4be718, 0x23250028, 0x15013b35, 0x6b772b27, 0x013b2106, 0x2005224b, 0x20158337, 0x09f77a23, 0x1812b545, 0x9008bb50, 0x51f11853, 
    0x8a48850b, 0x133a455f, 0x1919138c, 0xbc220817, 0xf5711100, 0x473b1a05, 0x14755e0e, 0x1acfc118, 0x1a190020, 0xbc200a9b, 0x21050768, 0x6451011d, 
    0x20836918, 0x45010021, 0x2c1a054d, 0x0220305b, 0x0b223788, 0x0b821300, 0x7f6b3320, 0x0f484b09, 0x2443cd85, 0x8200200a, 0x00012300, 0x6b4201c8, 
    0x06874207, 0x25076042, 0x64000100, 0x87425802, 0x13002206, 0x9d771923, 0x58022307, 0x1b826464, 0x3782c820, 0x18051b44, 0x1a082995, 0x890abd0f, 
    0x4423865b, 0x7e180777, 0x877d099e, 0x02902406, 0x83090058, 0x333722bb, 0x05f44915, 0x23151323, 0x206d8235, 0x0d524c02, 0x85097f58, 0x8264205b, 
    0x019022b9, 0x203b8290, 0x05894800, 0x18023b21, 0x85078aa0, 0x275f8387, 0x5802bc02, 0x0b008403, 0x087fb918, 0x8e182b20, 0xd9540827, 0x18fe2008, 
    0x2009aed3, 0x23d78300, 0x9001bc02, 0x07203382, 0x09add919, 0x1d454f84, 0x217b8605, 0x23845802, 0x0c1a0f20, 0xc718113f, 0x538311c9, 0x8238ff21, 
    0x826420a9, 0x77dd1887, 0x0918740d, 0x8206cb56, 0x82f4207b, 0x4111207b, 0x911806c9, 0x5f181677, 0xdf6a08fd, 0x18e78608, 0x550c67ba, 0x7c1807dd, 
    0xc9750bb6, 0x2ac78308, 0x01640002, 0x02900190, 0x83030058, 0x33012b99, 0x23352315, 0x013d2315, 0xf184013b, 0x4c189382, 0x7a1908cc, 0x57530ebf, 
    0x82152005, 0x0b0e4e31, 0x09dd5a19, 0x200cc646, 0x05794264, 0x180c7050, 0x260997de, 0x012c0164, 0x44200390, 0x0020063f, 0x20052347, 0x21858235, 
    0x73441533, 0x0599780c, 0x23065e41, 0x00000400, 0x2306d745, 0x000d0003, 0x2d67f619, 0x20104f71, 0x254c8200, 0xbc026400, 0xf7412c01, 0x07ab4205, 
    0x2f09b277, 0x00000300, 0xf401d4fe, 0x0f00bc02, 0x37002f00, 0x0d831f1a, 0x35231524, 0x46183733, 0x4b181c07, 0x9a440d0b, 0x17b3570c, 0x58026425, 
    0x19000064, 0x240b3ff5, 0x000b0007, 0x5e7d8213, 0x352705e3, 0x012b1533, 0x63313335, 0x01200596, 0x153d6518, 0x60180120, 0x6d450933, 0x8c0c890c, 
    0x05bb4716, 0x82000421, 0xf4012300, 0xf5828403, 0x27001d24, 0xb3183100, 0x3d21082b, 0x18151906, 0x23012109, 0x2105e076, 0x3a1a1d02, 0x4d8f0a19, 
    0x4318e98a, 0x50181799, 0xeb69081e, 0x821b200c, 0x18002077, 0x2c082b4a, 0x2b152302, 0x37053d03, 0x13231533, 0x91301a33, 0x48748810, 0x64220cc0, 
    0xa118c864, 0xd3550885, 0xbc022108, 0x1720d389, 0x37204d82, 0x22ed3a1a, 0x8518d39a, 0x1249119f, 0x089b6009, 0xcf847384, 0x03217183, 0x09bb6a33, 
    0x0c61311a, 0x0d2d4818, 0x79080949, 0x41180e7b, 0x04230b23, 0x5eff0000, 0x8f6d05b3, 0x00352305, 0xa64c0500, 0xa2272005, 0x127f50d6, 0x180aad41, 
    0x420af66c, 0xa9190cad, 0x7b8808c3, 0x1f001724, 0x071a2b00, 0x03220ec1, 0xbf57053d, 0x267e1806, 0xd74b1808, 0xaebc190f, 0xe0fc2115, 0x21099b5d, 
    0x73430200, 0x84032605, 0x33001500, 0x05394500, 0x73442320, 0x23352109, 0x3096bc18, 0x5708254b, 0x00211794, 0x20738607, 0x24098220, 0x000f000b, 
    0x090f711b, 0x15231525, 0x52333523, 0x332305ff, 0x83232715, 0x1503247f, 0x1827012b, 0x410f8be9, 0x69181159, 0x03210c35, 0x187d8220, 0x510f4461, 
    0x012007eb, 0x840e8744, 0x52d01973, 0x08234309, 0x09828420, 0x4a181b20, 0xee410883, 0x6c1b1a08, 0x1d022207, 0x10051904, 0x19b71811, 0x0db27914, 
    0x84180020, 0x2320095f, 0x6c07a763, 0x6d191103, 0x44851035, 0x420b994a, 0x0b430d4a, 0x002b220f, 0x0d7d4300, 0x6743b79e, 0x0aab6415, 0x08b37218, 
    0x59852720, 0x6c331321, 0x352013bb, 0x180d6343, 0x420e44c0, 0xa75a0ce7, 0xbc02270a, 0x1f000700, 0x5d432f00, 0x603e1a12, 0x18729522, 0x19083542, 
    0x200e6b58, 0x20b79501, 0x090c5b03, 0x4718a58d, 0x169108b9, 0x64e0fc22, 0xb746c482, 0x85032009, 0x501720c3, 0x2b210514, 0x06cb4501, 0x2327c282, 
    0x3311011d, 0x422b043d, 0xfd441434, 0x0be14214, 0x01000022, 0x20081b47, 0x830c822b, 0x530120c1, 0x351a0ace, 0x1b7e21a9, 0x11bf5310, 0x28067b47, 
    0x0023000b, 0x17000033, 0x09237e33, 0x4209c145, 0x45182043, 0xd750174a, 0x206b880e, 0x42698d2f, 0x56441953, 0x0c8a410d, 0x530ebe45, 0x0222085c, 
    0x674a0000, 0x130b1906, 0x08174a13, 0x08055a18, 0x09977018, 0x00002923, 0x06a45213, 0x401a2b20, 0x2b230c93, 0x18063d04, 0x7f104d87, 0x55181cc4, 
    0x0d220c5b, 0xb9181700, 0x894b0a13, 0x23352105, 0x1a8eb918, 0x0da8db18, 0x0b4ca818, 0x4a090447, 0x5b1808a9, 0x8c180b83, 0x03210ac3, 0x24738284, 
    0x1d330100, 0xac5d1801, 0x09894a15, 0x490c5541, 0x168d0998, 0x6d180020, 0xcf880a7f, 0x23205a82, 0x1806594c, 0x180d62c2, 0x53145eba, 0x461a0cc7, 
    0x954608d1, 0x1f751809, 0x06336e12, 0x20083742, 0x0d374231, 0xbc183720, 0x364217bf, 0x0d015d1a, 0x0adc4618, 0x6b430420, 0xf4012205, 0xbb161a00, 
    0x0e0d4308, 0x179d5d18, 0x180ef957, 0x9112c259, 0x05635b74, 0x28068747, 0x1100bc02, 0x00003700, 0xaffe1805, 0x94352010, 0x0d034ce1, 0x8e0da841, 
    0x0e64440d, 0x00000022, 0x1126e789, 0x2d001b00, 0x77953500, 0x188b5e18, 0xf1997c92, 0x8c0c5e46, 0x840321f3, 0x39207982, 0x08d96418, 0x570e7043, 
    0xf57705c8, 0x012b2105, 0x251ce218, 0x44072743, 0x1e441418, 0x0a874808, 0x0f000b28, 0x17001300, 0x89822300, 0x89863d20, 0x2009c54e, 0x487d8315, 
    0xd942108d, 0xed59180f, 0x0d9e480c, 0x0fa57e18, 0x4809bf79, 0x64270fa2, 0x0064c864, 0x4e000001, 0xbb8237a3, 0x2905534c, 0x13000021, 0x03231533, 
    0x5218053d, 0x02210c78, 0x132b4723, 0x11305318, 0x08bf5f18, 0x09828420, 0xb1181520, 0x52660859, 0x9796180f, 0x214c8f13, 0xb3755802, 0x8403220a, 
    0x63451a00, 0x5d312009, 0xbc1809e7, 0xac18170f, 0x63720e7c, 0x07994227, 0x230b1349, 0x00290007, 0x05207182, 0x1b956f18, 0x50070348, 0xd2460c33, 
    0x0e46430d, 0x490a624b, 0x842008d7, 0x080d4018, 0x15f15718, 0x0ef4cb18, 0x430e514d, 0x56180bb6, 0x03230c47, 0x821f0020, 0xdd571859, 0x56372014, 
    0x244a069e, 0x6464221d, 0x33f919c8, 0x0003210d, 0x180acb49, 0x421050ea, 0x4e430f2a, 0x0963491b, 0xa3830320, 0x180c854d, 0xa60a8558, 0x08af6552, 
    0x4b410320, 0x06f34805, 0x0320a190, 0x1001d918, 0xf0456420, 0x1d544106, 0x820c9b5a, 0x411f2063, 0x0b4f05b1, 0x37591808, 0x3ea6180e, 0x05a5460b, 
    0x8517864b, 0x0064271d, 0x64000100, 0xe3522003, 0x05734208, 0x0ada9718, 0x2105835b, 0x5818f401, 0x294208f7, 0x08ed5107, 0x1885ec18, 0xf051d99a, 
    0x4e012006, 0x151a0837, 0xd3870bf5, 0x05206189, 0x9a0d2146, 0x1f101958, 0x23af8208, 0x000f000b, 0x08338518, 0x1908e953, 0x181de587, 0x180f1e5e, 
    0x5220c368, 0x6f830a0b, 0x99462f20, 0x416f8707, 0x814514a9, 0x18db8d0c, 0x4114869d, 0x034f062e, 0x22db8207, 0x47290011, 0x27201303, 0x0f05bb18, 
    0x7612f946, 0xcb8a19a9, 0x15001123, 0x06297e00, 0x77541520, 0x3303220c, 0xe73f1a15, 0x0e22440c, 0x0321cc8d, 0x08745184, 0x022ac284, 0x00006400, 
    0x84039001, 0xdb5b0900, 0x2b012606, 0x013b3502, 0x1e651811, 0x0d95460f, 0x07578318, 0x200b364a, 0x051f4464, 0x09abe019, 0x97471f20, 0x35232208, 
    0x05084723, 0x65181120, 0x518e0ab9, 0x140e6618, 0x180a1745, 0x18089178, 0x191ead74, 0x4c1c2d3a, 0x90841cca, 0x0cc75818, 0xfd4a2120, 0x18152005, 
    0x2017c393, 0xe8121a11, 0x16fe5c18, 0x62821684, 0x0001002b, 0x01200300, 0x008403f4, 0x7f541a0b, 0x20032113, 0x52060770, 0x0325053f, 0x00002d00, 
    0x206c8217, 0x53bb1813, 0x12674624, 0x20277f45, 0x18678925, 0x43284bbb, 0x5a1816fc, 0xbb410acf, 0x32474f28, 0x4f05df42, 0x7779054d, 0xbc022108, 
    0x21053160, 0xbb413301, 0x0c584519, 0x6d0c3947, 0xfd211554, 0x0e9341a8, 0x2b411b20, 0x33ba1805, 0x10384418, 0xbb180020, 0x17200d3f, 0x37203f85, 
    0x0a718418, 0x0e0a551a, 0x650dfc51, 0xa34905ef, 0x471b2005, 0x05280a29, 0x2b15033b, 0x25053d04, 0x2747d185, 0x17a8540d, 0x8e822582, 0x00030029, 
    0x0138ff64, 0x82840390, 0x00172209, 0x1891911f, 0x4c109858, 0x406b1185, 0x204f8307, 0x0c775402, 0x0cefbc18, 0x4216a161, 0xc8410e3d, 0xe3c01806, 
    0x00072209, 0x09d9511b, 0x440a2a41, 0xf38d0c3e, 0x6b419083, 0x060b4b05, 0x06190920, 0x8483080d, 0xdc180120, 0xfe210bd5, 0x08a641d4, 0x274ebf86, 
    0x4e232008, 0xe7410d27, 0x141c4e0d, 0x850e6543, 0x244f8283, 0x00bc0290, 0x065d410b, 0x2106c559, 0xf7413335, 0x0d324a16, 0x82080142, 0x8203204b, 
    0x01002c03, 0x008403f4, 0x00270015, 0x6700002f, 0xf218059d, 0x6482136c, 0x0b5ac518, 0x22802a1a, 0x0cdd6c18, 0x24094349, 0x00070020, 0xe7701811, 
    0x59451a0c, 0x12131916, 0x6464210e, 0x0fb05819, 0x520d8746, 0xc38206fb, 0xa749cf87, 0x20cf9208, 0x62cf8213, 0x44490d5e, 0x41c88a19, 0x02250933, 
    0x000300bc, 0x55cc180d, 0x42c39508, 0x82430544, 0xbc022108, 0x6f1b6f7b, 0x5b840927, 0x82001921, 0x05a145bf, 0x163d501a, 0x0da78418, 0x2d42a583, 
    0x1020410e, 0x2106ef43, 0xbb87f401, 0xbba45f84, 0x44114175, 0xa7560d4a, 0x5b99180a, 0x4d032011, 0x991806fc, 0x857d0b5b, 0x43c48906, 0x01210eb6, 
    0x3761182c, 0xdba51815, 0x05095c0d, 0xbb182120, 0x13200cc9, 0xbd186d82, 0x6789107b, 0x0d1e7618, 0x2d075e59, 0x64900164, 0xc8000100, 0x2c012003, 
    0xcd838403, 0x35824683, 0x64840322, 0x6f560d83, 0x00152208, 0x0a71562f, 0xbb180120, 0x6d87156e, 0x41098150, 0x76880e9a, 0x190a4541, 0x21086f20, 
    0x7182f401, 0x1b001123, 0x4cd78200, 0xb71805bb, 0xbd18091b, 0x8c190e7d, 0x43410eee, 0x988b180a, 0x77bd1808, 0x21c38609, 0xbe180011, 0xbf840a51, 
    0x18069245, 0x4e1a50be, 0xd26705eb, 0x0bbf5912, 0x700c6f42, 0x76180ddb, 0x305a138f, 0x18112006, 0x450f8e76, 0xad410c87, 0xa8fd210a, 0x840a8442, 
    0x09eb56d5, 0x1d000b24, 0x5d453700, 0x3313210d, 0x0879c018, 0x1a53d890, 0x0d647f0b, 0x2927a741, 0xf401d4fe, 0x0b00f401, 0x59751900, 0x0b935305, 
    0x0aedb718, 0x0ce1bd18, 0xb44b758b, 0x1ab7410d, 0x20090756, 0xf5d31835, 0xa6ae1808, 0x334a180b, 0x9f611809, 0xc5021a0b, 0x1cfd5813, 0x0c984818, 
    0x09c3bb18, 0x18002521, 0x2b1d1362, 0x3335013b, 0x23153303, 0x012b011d, 0x1805904b, 0x4211e95a, 0xe5430c16, 0x0c5a690e, 0x0b273819, 0x00840322, 
    0x84058553, 0x1d33245c, 0x18152303, 0x8210234b, 0x8235207b, 0x19788416, 0x8c12383a, 0xefb81877, 0xab8f181b, 0xf401210d, 0x252a7b82, 0x2d002900, 
    0x37003100, 0x63180000, 0xfd871a11, 0xa4822720, 0x93181120, 0xa81807ac, 0xc8201705, 0x4108e047, 0x51181903, 0xaf4f0867, 0x1a032007, 0x21123744, 
    0x49828403, 0x0a336418, 0x11000924, 0x62181b00, 0x3b25087d, 0x022b1501, 0x06bd6a35, 0x64183d20, 0x441a0e3c, 0x641808e5, 0x568412a9, 0x410d7e4d, 
    0x0020089d, 0x08674618, 0x00840324, 0x7971000d, 0x192d2005, 0x24099345, 0x35333502, 0xbeef1823, 0x0e006a18, 0x0fbe6318, 0x778f1e83, 0x8264c821, 
    0x22e39572, 0x4e1d3301, 0x3b220951, 0xe3911502, 0x910c4044, 0x586b8f6d, 0xe39706bc, 0x200c4d58, 0x6e631811, 0x54738d17, 0x41580d1a, 0x9e721812, 
    0x0a8f4e08, 0xad181d20, 0x68190877, 0x1d21089f, 0x71bd1802, 0x0eb24422, 0x46099759, 0x032507b7, 0x00070020, 0x0b73491f, 0x053d0126, 0x3315033b, 
    0x08e19d18, 0x9d180120, 0x2c2008db, 0x95183e84, 0x27520adf, 0x8ad0180a, 0x5f61180f, 0x00032108, 0x01200082, 0x2007474c, 0x09ed5525, 0x4e186383, 
    0x5a4b101f, 0x5544860d, 0x9e180fa8, 0x641808a2, 0x03220923, 0x6f491b00, 0x97032007, 0x725b94bf, 0xb988119a, 0x3f5a0020, 0x0003240a, 0x1823000b, 
    0x1808add1, 0x18212dbe, 0x460c8554, 0xc891089a, 0x880b9d7f, 0xbc02246f, 0x7f000d00, 0x02280d45, 0x13033d23, 0x17231533, 0x0f057318, 0x119bb018, 
    0x3f60bf82, 0x00032c07, 0x01bc0264, 0x00e80390, 0x1a070003, 0x2009fd1b, 0x068d6933, 0x21099742, 0xe7442003, 0x09476208, 0x094af388, 0x33012405, 
    0x1a23021d, 0x4118dd58, 0x5559055c, 0x0ffe4214, 0x780ac57d, 0xf3860ee3, 0x180ed748, 0x480c15bf, 0x568219d4, 0x21061744, 0x6f4238ff, 0x05b34106, 
    0x50003521, 0xb54105cd, 0x06a2441e, 0x9046c89a, 0x0cc54f0e, 0x0d839020, 0x2106a26d, 0x974e0500, 0x41032008, 0x232006c7, 0xbf188385, 0x3a5814eb, 
    0x18788506, 0x490de1e8, 0x32191254, 0xab5107ef, 0x00072205, 0x0593650f, 0x7c440520, 0x9e112005, 0x088b41e4, 0x6212a941, 0xc0180c97, 0x0d201ec7, 
    0x0e9d4118, 0x3d230223, 0x07b34903, 0x410ca242, 0xb0490cfc, 0xc34c1a0e, 0x00072108, 0x75072344, 0xbe18052f, 0x2b200e15, 0x09821c19, 0x0815381a, 
    0x17ed5a1a, 0x180be443, 0x820da163, 0x03642219, 0x06384c20, 0x0cf37218, 0x01000024, 0xb34d02f4, 0x00112405, 0x181d0019, 0x180e0fda, 0x8c27ffbe, 
    0xda48186e, 0x8200200f, 0x08274ce3, 0x0cf9be18, 0x2206ed42, 0x8315023b, 0x822120e7, 0x011d226d, 0x180a8227, 0x8b11d673, 0x197479db, 0xe38c1988, 
    0x08e74118, 0x88000d21, 0x067563e3, 0x033b3523, 0x5de3b415, 0x00200c29, 0x01200082, 0x6b086f44, 0xe8201c0b, 0x0e0f4f18, 0x00840323, 0xdf5c1a0b, 
    0xc9fb1808, 0x190d410c, 0x0e6a3320, 0x18152005, 0x1909e7c1, 0x8916540f, 0x0ca854a4, 0x0ad76d18, 0x7d820720, 0x0a196618, 0x0d978b18, 0x1d410220, 
    0x938b1818, 0x42d68611, 0x03210c07, 0x20158220, 0x0c1d47c8, 0x0bb36b18, 0xc118f789, 0xf79a0cfb, 0x35233526, 0x2315023b, 0xfa97f8a3, 0x4a0a8f4f, 
    0x002005c9, 0x3b25f384, 0x032b1501, 0x185c8215, 0x2208649e, 0x82022b35, 0x3533216e, 0x27200182, 0x43060f56, 0x454b0ccf, 0x08bb6a0d, 0x8210c34a, 
    0x08002134, 0x08fba819, 0x0f000323, 0x6b351900, 0x0d01430c, 0x1a05a24f, 0x4309ff3b, 0x05430fe9, 0x19ed430b, 0x43064745, 0xe11912f0, 0x022809bb, 
    0x000300bc, 0x00110007, 0x08e5c318, 0x07491719, 0xc1181320, 0x46421a1f, 0x6b6c180c, 0x99641a08, 0x5864200c, 0x73820ff8, 0x1809374d, 0x2108ffcf, 
    0x5f1a3d11, 0x29481861, 0x18002011, 0x2408f7d4, 0x008403f4, 0x07657019, 0x15013b25, 0x1a1d012b, 0x190d4956, 0x660cbe5b, 0xae5d1414, 0x03721805, 
    0x065f560c, 0xe651939a, 0x203f8210, 0x08d34464, 0xe1461d20, 0x18112005, 0x8d0833a5, 0x10354193, 0x820e994a, 0x074b604b, 0x2015b76e, 0x097c4a90, 
    0x6a0eb76e, 0x1f2009f7, 0x2008bb55, 0x0c5a4103, 0x830cfe7a, 0x46642047, 0x5f4111eb, 0x21cf8606, 0x78180019, 0x35211255, 0x05997923, 0x43092948, 
    0xf9420f00, 0x0a27580e, 0x4117e755, 0x5d541c6f, 0x0c0b520a, 0x64000222, 0x43594f88, 0x08e75505, 0x4f287f41, 0x002016f1, 0x240bff49, 0x001d0007, 
    0x05675c2b, 0x61822720, 0x131d421a, 0xfa180120, 0x58480fe6, 0x0edf4107, 0x6386bf8c, 0x00f40127, 0x00070003, 0x07695c1b, 0x96186386, 0x6797151f, 
    0x4a0e7241, 0x23410bc7, 0x64c58506, 0x23240733, 0x33113335, 0x129f621a, 0x10142919, 0x15e98418, 0xfc21d69a, 0x643282e0, 0xd9850aab, 0x8507115e, 
    0xa6db9577, 0x21ea947b, 0xf84aa8fd, 0x0bef5205, 0x87542120, 0x08154206, 0xf1921320, 0x200e0266, 0x09114a64, 0x5f5fe39a, 0xf4012708, 0x1f000b00, 
    0x57532900, 0x99e19410, 0x43d3946b, 0x7b73068b, 0x180b2008, 0x470da590, 0xa8860879, 0x07530020, 0x18332009, 0x310fbb88, 0x3d023b35, 0x35012b04, 
    0x23051d23, 0x3533053d, 0x8818013b, 0xf79a19ae, 0x820c077d, 0x03f42763, 0x00130084, 0x6f84001d, 0xf3941d20, 0x15330122, 0x18111b67, 0x180a5f54, 
    0x5d119075, 0x148a14c6, 0x2f20e78a, 0x09a97018, 0x022b1522, 0x0522e483, 0xe285022b, 0xa316ed52, 0x679b18dc, 0x5d172034, 0xd8870f46, 0x1e679b18, 
    0x9b18f420, 0x8c181367, 0x1d220837, 0x94772302, 0x83ce8205, 0x82022002, 0x1d232365, 0x14823303, 0x23013d24, 0xc941033d, 0x0d295505, 0x8520ac61, 
    0x43851820, 0x181b200d, 0x200a7560, 0x4d411923, 0x191d2009, 0x4109ab3c, 0x1c5a10c5, 0x41838b0d, 0x1e8812c1, 0x210ec359, 0xb9450017, 0x05b77b05, 
    0x661aeb8c, 0xca590ddd, 0x1862822a, 0x200c0353, 0x06055c13, 0x3f196383, 0x5f91187d, 0x50129343, 0x3d19089b, 0x3123088f, 0x78130000, 0xbf8209e2, 
    0x33013d22, 0x0e3d671a, 0x190ce577, 0x1808f63a, 0x180dc44d, 0x64165c55, 0x8351089e, 0x00202608, 0x0019000f, 0x05e57023, 0x0cbd4319, 0x0d5d5e1a, 
    0x8e4874a5, 0x9001210f, 0xef778882, 0x822c2006, 0x08877be3, 0x1805e559, 0x240ccb9c, 0x001d0011, 0x05077529, 0x94082542, 0x5d0120ff, 0xc3180618, 
    0xbd440d2e, 0x0cb94205, 0xf4470c8c, 0xa7c3180c, 0x182b2011, 0xa61ea7c3, 0x15004174, 0x850ce754, 0xa72d20e7, 0x822720e9, 0x18e991ed, 0x9b0f2a8d, 
    0xaf5c18ea, 0x05eb410a, 0xed412720, 0xa2fe1820, 0x90789f07, 0x472c20ee, 0xcb4506ab, 0x63401906, 0x22d34208, 0x0791cb18, 0xa706e353, 0x035118e1, 
    0x18df870c, 0x9c2073c5, 0x49d5926c, 0x15220cbf, 0xcb632100, 0x43112007, 0x4a881eab, 0x7908b954, 0xb6410ca1, 0x276b8714, 0x0300f401, 0x1d001300, 
    0x8207a369, 0x4802206b, 0x3d21087a, 0x0d9f4301, 0xd08f689c, 0xab450020, 0x82842009, 0x602b20cb, 0x01230687, 0x18231523, 0x19097441, 0x5f1abc1c, 
    0xff180bca, 0xd25f0d25, 0x061f4d1d, 0x09134418, 0x23001b22, 0x84088157, 0x1a15207a, 0x9c188162, 0x13204673, 0x48642c21, 0x052a0def, 0x00000b00, 
    0x011d3301, 0xe77f3523, 0x06634b05, 0x4508c147, 0x13410813, 0x05854807, 0x19281541, 0x58135d05, 0x6d860919, 0x44120446, 0x9b440e99, 0xbc022208, 
    0x051f4100, 0x737e2b20, 0x73332008, 0x35200593, 0x15e21d19, 0x4a150c6b, 0xf7180681, 0x0e1919d7, 0x7c180803, 0x23200d7f, 0x1d7f7c18, 0x412bce61, 
    0x061909f7, 0x641a0c3f, 0xed411a19, 0xa3a21817, 0xbf101917, 0x09b34a08, 0x08ff9b19, 0x1bbec718, 0x33353324, 0xab193315, 0xca4d1628, 0x09b34a16, 
    0x09a78918, 0x19000b22, 0x1805d34d, 0x180de7d3, 0x6419f7c6, 0x38600d79, 0x09187008, 0x8b44fd21, 0xdfd31822, 0xcbc7180b, 0x056b540c, 0x09a5b218, 
    0x4e193320, 0x9f591162, 0x0d795f0c, 0x18646421, 0x1812bce3, 0x220d6782, 0x66150011, 0x372007a5, 0x17edc618, 0xb018618d, 0x5f8c0ca8, 0xbd190020, 
    0x0223095f, 0x820700bc, 0x00192459, 0x7721001d, 0x35210af5, 0x53ca9c2b, 0xcd8d0f25, 0xed448687, 0x0c0b590d, 0x086bc918, 0x8206d757, 0xf47c1a6f, 
    0x6ac9180d, 0x51678f23, 0x1f200aef, 0x6e0c517d, 0x38670b45, 0x055b4225, 0x50646421, 0x032005e1, 0x08db191a, 0x21052741, 0x05521300, 0x60711916, 
    0x6983180d, 0x0e6f440c, 0x4208eb43, 0x334709bb, 0x48332005, 0xcf181eff, 0x19480f22, 0x0872410d, 0x12d14d19, 0x10231119, 0x24074b4b, 0x1b002003, 
    0x06ed6000, 0x10b96318, 0x1d332526, 0x023d2303, 0x3047768f, 0xc867180f, 0x1205460c, 0x200c074b, 0x0cf74600, 0x11000b24, 0x42182d00, 0x11240d5b, 
    0x013b3523, 0x1ae96f1a, 0x12614018, 0x8316685e, 0x41002029, 0x032409bf, 0x19001300, 0x2005c545, 0xd5c91803, 0x0cd4420f, 0x220fa054, 0x18645802, 
    0x840b4b81, 0x35372145, 0x24050d75, 0x1d333533, 0xf96e1a01, 0x0df8420b, 0x20090642, 0x18458464, 0x1a0bd3d4, 0x82083d6f, 0x013b214a, 0x2324f483, 
    0x041d2315, 0x1914d518, 0x18070021, 0x2a0eaf59, 0x00270021, 0x0031002b, 0x83232100, 0x3d21273e, 0x061d3305, 0x66592523, 0x82232005, 0x3d152206, 
    0x209e8202, 0x3d771825, 0x0a07700d, 0x16387718, 0x850c3044, 0x085358c2, 0xe0182020, 0x25200843, 0x2005294c, 0x171a6021, 0x410fdc56, 0x1c500763, 
    0x0c4f580b, 0x410e7154, 0x00220849, 0x45190003, 0x0b230787, 0x18000f00, 0x7607fd45, 0x3720081b, 0x180ad468, 0x2008d17c, 0x05f65d03, 0x1864c821, 
    0x200c775d, 0x05654d03, 0x15013b23, 0xc7421823, 0x11c6411d, 0xaf831191, 0x7c580221, 0x835a057b, 0x4e092008, 0x352007fb, 0x8e20c742, 0x720e8e51, 
    0xc74b0947, 0x09776206, 0x5f1a3320, 0x4241183c, 0x201c690e, 0x094baa18, 0x8f4c2020, 0x18152005, 0x9222659c, 0x556019a8, 0x188a8712, 0x1a08b752, 
    0x1869ff5f, 0x1a096b8c, 0x5971e353, 0x3127090b, 0x00003500, 0x51153311, 0x152205ce, 0xb6411523, 0x013d2315, 0x93190523, 0x795f0a21, 0x20da520e, 
    0x0adb7e1a, 0x00200322, 0x758aef86, 0x2b235a82, 0x18233501, 0x461b83b1, 0x6b180cab, 0x98180d6d, 0xd9411403, 0x25eb8408, 0x84035802, 0xb5663100, 
    0x096f770a, 0x0d61b218, 0x823b1521, 0xab471887, 0x9b461808, 0x12035910, 0x1812cd42, 0x230b4f40, 0x58020000, 0x2b20f382, 0x2406ad66, 0x1d231533, 
    0x37701a05, 0xe654180c, 0x1935200c, 0x18082d84, 0x890f2bf3, 0x07034a66, 0x0e604d18, 0x281a878f, 0x03250d47, 0x00000f00, 0xbe961801, 0x7edd8a0d, 
    0x6b4308d9, 0x07e36709, 0x5507ea4d, 0xb5870d63, 0x53823d20, 0x23353323, 0x9e3c1a3d, 0x7bfc1809, 0x2029421c, 0x2508d371, 0x03008403, 0x33193300, 
    0x3320085b, 0x197f2019, 0x211b974b, 0x16414c04, 0x200f8c0f, 0x09f34900, 0x82200321, 0x000f236f, 0x2f7e0015, 0x18232005, 0x470bdfd5, 0x8d5f25ed, 
    0x2066830c, 0x05675f03, 0x0ecb9018, 0x113ba118, 0x6d827182, 0x5d473b20, 0x18e79905, 0x691324af, 0xdf851f39, 0x20069b45, 0x22dd820d, 0x4337001b, 
    0x332006ef, 0x4205857f, 0x03200870, 0x4e1a0a46, 0xbe190c78, 0xfc6f10ed, 0x67fe8505, 0x534213bf, 0x065f560b, 0x3523e59a, 0x1815013b, 0x4217add1, 
    0x974f1e3e, 0x29eb880a, 0x23153301, 0x35022b15, 0xf0823533, 0x4407d843, 0xd8611b68, 0x13c8490d, 0x4b07b447, 0x5042057d, 0x1fa5180c, 0x8403270d, 
    0x33002f00, 0xdd410000, 0x165e4509, 0x7b233521, 0xec440d96, 0x1ce7430c, 0x5d1ac820, 0x0f240e17, 0x19001300, 0x4206d345, 0xfd830651, 0xc6425f84, 
    0x18718c1b, 0x480f044b, 0xdd4108a6, 0x18002015, 0x82079b4e, 0xf75018ef, 0x84842016, 0x0a3f595f, 0x2d783b20, 0x33152109, 0x440ebf59, 0x3b25095b, 
    0x012b3502, 0x14521835, 0xb5601a07, 0x287a581b, 0x2008534c, 0x21098284, 0x9b660031, 0x06c96c07, 0x387c0520, 0x09164608, 0x3b013d24, 0x5b552502, 
    0x12544805, 0x4405594e, 0x93662267, 0x06674406, 0x2006a541, 0x06d56117, 0x274a1520, 0x1b9a4208, 0x200c6d61, 0x05704370, 0x7344928e, 0x09af751d, 
    0x395c0320, 0x18232006, 0x8e180f43, 0x1ab57a58, 0x220d0750, 0x541f000d, 0x37200787, 0x1805c561, 0x18139da0, 0x451ecfff, 0xe3420c4b, 0x09af5105, 
    0xdb6c2b20, 0x72451809, 0x1a3b2010, 0x8a11563a, 0x132e45b9, 0xfb490020, 0x4d20200a, 0x33320ae7, 0x011d3315, 0x3b15032b, 0x032b1503, 0x023d2335, 
    0x5c821533, 0x52054944, 0x21441f07, 0x0c725f05, 0x5b0afb42, 0x24190863, 0x072011d1, 0x934b7582, 0x1c464705, 0x18106b78, 0x1a0d9344, 0x20083757, 
    0x70cf821b, 0x457c0623, 0x4111200d, 0x384f1999, 0x685a820f, 0x7b1812ab, 0xde4609e5, 0x64c8280b, 0x00020000, 0x73580264, 0x0b2306a7, 0x18130000, 
    0x2011db54, 0x20ad85bc, 0x202b8300, 0x20048200, 0x07274558, 0x15330125, 0x18011d23, 0x260ed643, 0x33073d04, 0x84353315, 0x19252003, 0x1916aec7, 
    0x1820eb25, 0x84091b63, 0x0020286f, 0x00130007, 0x492f001d, 0x23200695, 0x5318a483, 0x0b8307a1, 0x1a684718, 0x0bc05118, 0x410a9163, 0xa0181c23, 
    0x44180dfe, 0x8b8408d3, 0x31008422, 0x8206c771, 0x111142dc, 0xfa860620, 0x35331523, 0x9f151923, 0x23471815, 0x1824470f, 0xdf590020, 0x19022005, 
    0x87091787, 0x082c58ff, 0x08a55418, 0x19211f42, 0xd70ea57e, 0x06fc41ff, 0x4207964b, 0xff8a129d, 0x470ade79, 0x68180f96, 0xff840937, 0x46002f21, 
    0xf9820581, 0x43231521, 0x3b2217e9, 0x75413502, 0x081f4105, 0x6b187e9d, 0xb347092b, 0x0b0b4918, 0x08dbc118, 0x6c447f83, 0x2e5e4b15, 0x191c8856, 
    0x6d093f6f, 0xeb4a089f, 0xf249180b, 0x1b5c4b15, 0x64215085, 0x14fc4664, 0x4607836d, 0x192206ef, 0xcd4b2b00, 0x1915200b, 0x1808e503, 0x18183348, 
    0x4210f9e9, 0x64211361, 0x12f04664, 0x44075f43, 0x59180d87, 0x88441237, 0x67d31805, 0x84032109, 0x2705d567, 0x011d3315, 0x33041d23, 0x095bfc18, 
    0x0f22c319, 0x8c180320, 0x468211a1, 0x00010027, 0x01000064, 0x20f38290, 0x06a34619, 0x01244685, 0x3523043d, 0x0e9abc19, 0x7e102242, 0x0f680e2f, 
    0x18372006, 0x470f5142, 0x0e8e0e97, 0xe37d0020, 0x69022007, 0x4019055b, 0x601a0a9d, 0x358c0b6d, 0x6f112c69, 0x0b220b3f, 0x8f521700, 0x05415805, 
    0x16718a1a, 0x15276618, 0x500cc647, 0xee820e34, 0x20072342, 0x8f661801, 0x18678b0c, 0x9026ff97, 0x64c82167, 0x520a6f47, 0x1d210693, 0x366c1a01, 
    0x0e964114, 0x19224243, 0x230c7f71, 0x29002003, 0x20081b56, 0x53631933, 0x674f1808, 0x1a33200c, 0x190f1a76, 0x440c1e27, 0x642111a9, 0x0c1b4700, 
    0x2207b750, 0x18231523, 0x200cddbf, 0xf96c1a2b, 0x081d4709, 0x18231521, 0x54152b65, 0x37480572, 0x0daa4818, 0x84060021, 0x82582080, 0x1a0720db, 
    0x2008eb5f, 0x09036633, 0x760b2947, 0x27471858, 0x13d3760d, 0x4f092549, 0x47480f22, 0x51332039, 0x35210967, 0x15f14123, 0x19055345, 0x6814bea2, 
    0xe0430972, 0x0fa74112, 0x180cab61, 0x460f39a9, 0x7a770831, 0x11624e3d, 0x0ed79a18, 0x420ad352, 0x23211b1b, 0x19908227, 0x5c15ccb9, 0xf2a5083d, 
    0x20085743, 0x05976220, 0x013b1523, 0x765b8315, 0x841806af, 0xbf4d0ed1, 0xca8a1905, 0x0f45410b, 0x17a18618, 0x0b977d19, 0x79840321, 0x022008eb, 
    0x41136d7a, 0x524605d1, 0x4e352006, 0xe5a01d26, 0x880b0f4c, 0x23152177, 0x1805a347, 0x471107d7, 0x7e9e2ea1, 0x097f6318, 0x1813ff52, 0x5917a7f7, 
    0x9847178d, 0x09804114, 0x47082b5e, 0x172406a3, 0x27001f00, 0x5206b96a, 0xe3430cff, 0x0c464618, 0x5a06284c, 0x9a4709a5, 0x056c4212, 0x08f3e218, 
    0xed7e8420, 0x18012008, 0x270ccdd8, 0x15332735, 0x15331523, 0x0cdb1419, 0x0aa74518, 0x4647778a, 0x20938f10, 0x20008200, 0x08cf4404, 0x22081d7b, 
    0x821d3301, 0x09cf4173, 0x01353322, 0x20062243, 0x527f1803, 0x5c02200a, 0x7c5f0b29, 0x86ca1808, 0x7c231908, 0x2114840b, 0xe183a8fd, 0xbf446420, 
    0x07db4c05, 0x66181920, 0xd3180811, 0x33230a2c, 0x82332535, 0x20e38ce1, 0x186d8c23, 0xa30aee52, 0x82e3a7e4, 0x233522e5, 0x86e39811, 0x41e2a475, 
    0xe38321c7, 0x41011d21, 0x3b2208c6, 0xe38d3501, 0xa30a0260, 0x410220e3, 0x816b0ac7, 0x7b232006, 0x35260527, 0x023d023b, 0xf36b3533, 0x15332106, 
    0x22085557, 0x99333533, 0x24f11873, 0x0c605d0e, 0x086bb618, 0x03580223, 0x072d4c84, 0xa7421d20, 0x823d200d, 0x7fdd890e, 0x284c0be3, 0x1e014419, 
    0x0d673019, 0x20247b82, 0x27001500, 0x4207a94e, 0x03200fb3, 0x41111b6b, 0x264d17d9, 0x19e0410e, 0x0a476019, 0x0064c822, 0x84056366, 0x69032087, 
    0x17200777, 0x41058b70, 0x35210d0b, 0x9fe51801, 0x0edf710b, 0x4b0b4e5d, 0x918908b3, 0x5f063643, 0x73880683, 0x00580227, 0x00190003, 0x07ab5221, 
    0x8b12b343, 0x48739ded, 0x4318096d, 0x775d082f, 0x05cb7908, 0x50186b83, 0xca1809e5, 0x7d531021, 0x1c4c490f, 0x0d0b7f18, 0x44181720, 0x1320072d, 
    0x600feb54, 0x5b9106bd, 0x6e0e8e61, 0x052109ff, 0x27008200, 0x8403f401, 0x23001500, 0x23075b5f, 0x051d3311, 0x09a5d818, 0x82053d21, 0x1503240e, 
    0x19333523, 0x5708fc32, 0xa31a08c1, 0x628e0ab2, 0x0df64418, 0x08816618, 0x20206f87, 0x08fbc918, 0xca182b20, 0x252019d1, 0xcb18748c, 0xb0181347, 
    0x77560e2a, 0x7764200f, 0x0221051b, 0x24df8458, 0x00310029, 0x23db8d00, 0x23011d33, 0x4605676f, 0xd6190524, 0x6421088d, 0x053d4564, 0xb37bc820, 
    0x0ed84312, 0x20084c41, 0x084f4403, 0xe34c0f20, 0x95d91805, 0x4627201c, 0x3e850620, 0x0c989e18, 0x0db74618, 0x0d6e5d18, 0xd3ab6420, 0xb8672520, 
    0x08af4106, 0x1868f420, 0x0eaf4109, 0xd3add496, 0xc6876f8d, 0x108a7718, 0x71186b8e, 0x00200b0b, 0x2208ab41, 0x5a31002d, 0x8b42055d, 0x0aaf410b, 
    0x1c420720, 0x18e18d0c, 0x8e173562, 0x08594178, 0x200bcb52, 0x0c07430f, 0x1955db18, 0x7f922320, 0x420cc541, 0x7b940e9b, 0x42040021, 0x84260633, 
    0x15000700, 0xf1832500, 0x26075d62, 0x051d3306, 0x833d2321, 0x5e012006, 0x352006d2, 0x08f55e1a, 0x5e0c5962, 0x1a4b1458, 0x09554210, 0x220a0f4e, 
    0x590f0020, 0xdc1805df, 0xb2500c3f, 0x35232a06, 0x3d333523, 0x013d3302, 0x0df05523, 0x0be74018, 0x490c884f, 0xb2460955, 0x08d37016, 0x03580229, 
    0x00030084, 0x182d0019, 0x180a094f, 0x7d1319dd, 0x5f860c26, 0x410ef546, 0x0020105a, 0x23059759, 0xbc025802, 0x13200982, 0x20074158, 0x25dd1803, 
    0x364a181b, 0x0a234313, 0xc786638e, 0x20083b74, 0x054f6c1f, 0x4a191d20, 0x6c1a1899, 0x7f520fe3, 0x0e89430a, 0x410c1e5d, 0x0121082f, 0x06b766f4, 
    0x90182d20, 0xf618129b, 0x7c180ec1, 0xa2460fa1, 0x60891808, 0x23811818, 0x83431808, 0x6917200b, 0x13210781, 0x72d79933, 0x9c41116f, 0x1b13190e, 
    0xd4fe250c, 0xf401f401, 0x78055b6e, 0x2322057f, 0xdc182315, 0x02200989, 0x122a7d19, 0x4209454f, 0xdb4209c0, 0x7d00200e, 0x13220b83, 0x2f191700, 
    0xbb6e0909, 0xffdd1805, 0x3501250a, 0x033d1533, 0xd0461082, 0x06ab6c13, 0x4b14637b, 0xa55708ae, 0x0a735209, 0x1a069b41, 0x680801aa, 0xd1461757, 
    0x139d7817, 0xa318ee96, 0x3f7608e6, 0x2315210f, 0x18052f52, 0x2008e974, 0x0765753d, 0x35231522, 0x423b6375, 0x37201183, 0x181b8342, 0x8a1bddfb, 
    0x0ab444e7, 0x4244e996, 0x09af4408, 0x00bc0238, 0x0027001b, 0x042b2100, 0x043d3335, 0x033b3523, 0x013b051d, 0x0b822515, 0x94181d20, 0xb2410fee, 
    0x0e30420a, 0x0c875918, 0x8208ef6e, 0x18022055, 0x200875a9, 0x06e36803, 0x27153328, 0x1d23023d, 0x98181302, 0x1b4e11df, 0x11ba180f, 0x21b3870c, 
    0x5f82f401, 0x25001324, 0x32190000, 0x02230807, 0x82023b35, 0x33032a53, 0x23152315, 0x3d23031d, 0xf77b1903, 0xa12a1912, 0x0c7d440d, 0x86185a82, 
    0x5824082b, 0x21001100, 0x0971601a, 0x5b842b20, 0x86230121, 0x2302235b, 0x5b96023d, 0x8a077e41, 0x21578659, 0xb3849cff, 0x29001d22, 0x180b896f, 
    0x190d0b6c, 0x450eba36, 0x6f180dec, 0x2b491a5a, 0xab931a08, 0x35012b15, 0x2b35013b, 0x3d231501, 0x0b443b01, 0xe8481917, 0x474a181c, 0x8d02190a, 
    0x4b01200a, 0x95180d27, 0x35201013, 0x8b0a555c, 0x3cad19ca, 0x0ca5420d, 0x18065b42, 0x44089da5, 0x5218060b, 0x44180893, 0x7ba008f3, 0x990a4958, 
    0xe77a187b, 0x08175a0b, 0x0905bc18, 0x500bff44, 0x2b200593, 0x1808e34d, 0x230c1d83, 0x03333523, 0x5006134a, 0x37260698, 0x3b35012b, 0x01412701, 
    0x51642016, 0xaf6f0562, 0x0c06410b, 0xa650b184, 0x099a4408, 0x08ab0919, 0xb5008421, 0x1615418f, 0x1a418f92, 0x1890930d, 0x2e09d76f, 0x008403f4, 
    0x0100000d, 0x35022b35, 0x1a1d033b, 0x180b5b90, 0xaa0942bf, 0xc35918bb, 0x05384e08, 0x42214b41, 0x2a410851, 0x4f4b4105, 0x4b418f95, 0x418f8e1a, 
    0xef69254b, 0x69152009, 0x71630503, 0x2335230c, 0x87833335, 0x23011d27, 0x012b011d, 0x0683441d, 0x82333521, 0x05334b18, 0x481d5255, 0x22410ea3, 
    0x094b480c, 0x4e000121, 0xf75c07b7, 0x0efb630a, 0x74827082, 0xde191520, 0x5a680c9a, 0x1c8e4f27, 0x1f668685, 0x08ed430a, 0x863d2521, 0x180520f2, 
    0x290869ab, 0x2b112305, 0x013b3501, 0x6f182305, 0x2f4509d0, 0x0cba720e, 0x770eaa46, 0x3b7708b7, 0x4e1b200b, 0x6d88055f, 0x023b0622, 0x0523fb82, 
    0x84330323, 0x0301267f, 0x3b013d23, 0x60aa1801, 0x91518e07, 0x254d1a0e, 0x0dd74a0a, 0x57084544, 0x05200694, 0x093f5919, 0x9919df86, 0xdc8a08c3, 
    0x10c56218, 0x4a05ec42, 0x13671617, 0x20e38b0b, 0x490f1923, 0x6c332008, 0x01240948, 0x3d23021d, 0x3522ed82, 0xea8f1123, 0x096e7590, 0xd558181c, 
    0x3f47180a, 0xaf8d1a0e, 0x4172840f, 0xee8207ce, 0x33353322, 0x4519ca41, 0xeca3089b, 0xc3420320, 0x00212108, 0x08e55c18, 0x8408cb68, 0x3b062477, 
    0x41333501, 0x709824d5, 0x0c0e6319, 0x08079a18, 0x21078354, 0xdf181523, 0x70840821, 0xa2430320, 0x35232905, 0x011d023b, 0x013d013b, 0x0a59f182, 
    0x22314325, 0x475d6420, 0x0a035506, 0xa1187f8f, 0x3d210740, 0x4c80d601, 0x0b220c2b, 0xeb781700, 0x002f2106, 0x0a23fa18, 0x9f652120, 0x15012205, 
    0xcea21a2b, 0x1522470a, 0x20060748, 0x0ca04964, 0x180bf168, 0x820a49af, 0x0a5b467a, 0xc2457bac, 0x187b9714, 0x430d41a7, 0x7b83057c, 0x6f420720, 
    0x000b2608, 0x001f0013, 0x3bca1823, 0xb3801808, 0x0c1c4808, 0x413b1521, 0xbc4c0d01, 0x35232205, 0x37cf193b, 0xc780190e, 0x081f4913, 0x18646421, 
    0x410b11b9, 0x8f400c0d, 0x14a541d0, 0x420be06c, 0x1f410925, 0x18642006, 0x49080880, 0x7d600844, 0xabba1807, 0x18af410b, 0x410cf047, 0x8f9810af, 
    0xa3113942, 0x0001308f, 0x01d4fe64, 0x0000002c, 0x3b00000b, 0x7c231501, 0x72180615, 0x1d820c8d, 0x03820120, 0x1905a770, 0x4a081100, 0x1525085e, 
    0x2b15033b, 0x5a2c1902, 0x023b2108, 0x240f6b1a, 0x5a080271, 0x20200823, 0x2805c757, 0x3d022b21, 0x33352304, 0x47569135, 0x61180702, 0x9c561390, 
    0x2539190d, 0x0a9f4408, 0x19002021, 0x230b192d, 0x011d2301, 0x33204f82, 0x91054c69, 0x4763936b, 0xbd481166, 0x09ab6809, 0x27002025, 0x19002f00, 
    0x1808832d, 0xae07eb64, 0xed1919cf, 0x02642218, 0x05446e58, 0x86099341, 0x06e8456d, 0x2307655a, 0x013b3523, 0x663c9b41, 0xdc82090f, 0x20035824, 
    0x41412500, 0x21698507, 0xa441013d, 0x1864202f, 0x1816425f, 0x20086752, 0x834e1805, 0x000d2408, 0x8521001b, 0xe7191971, 0x1c3b190b, 0x0fe14c07, 
    0x180c9d79, 0x420f1890, 0x6b820c1b, 0xad09d44c, 0x0a7c436f, 0x684b6f91, 0x7c70950b, 0x032b09b3, 0x000d0084, 0x00230015, 0x552d0029, 0x152005ab, 
    0x1d245b82, 0x033d2302, 0x2205a05c, 0x8b132335, 0x0ba645e9, 0x1005be18, 0x4b06e743, 0x01210a55, 0x58221990, 0x20f48b0f, 0x0a634106, 0xfd8f83ab, 
    0x440b9d49, 0x3643087d, 0x60849a09, 0x07410957, 0x1523251c, 0x11333523, 0x1a1c0741, 0x510ebd95, 0x06410e61, 0xa78e181c, 0x1d8b4107, 0x07418392, 
    0x4283910f, 0x06410b0a, 0x07ef7d1c, 0x37208384, 0x0c076118, 0x4905ea6c, 0x0524084b, 0x013d012b, 0x420d6f4d, 0xff8e1282, 0x2019c344, 0x0c476200, 
    0x95590d20, 0xc3171905, 0x05d0620e, 0x3d230522, 0x35207b82, 0xbf0ec275, 0x09bb447b, 0x20052b5c, 0x09854c06, 0x2008ad4a, 0x21808201, 0xf6823b02, 
    0x570f2f4e, 0x8b45165c, 0x00232115, 0x0421618f, 0x21cd8223, 0x5a841d33, 0x52462120, 0x20eb5212, 0x0a77f919, 0x18051347, 0x20087b65, 0x06984e02, 
    0x0bb16f19, 0x86056046, 0x18ca8f6f, 0x451c806a, 0x514c107f, 0x411d2006, 0xac18092d, 0x35200b9c, 0x235cd39a, 0x10d24618, 0x4f4c0020, 0x00202208, 
    0x200c8231, 0x466d8a33, 0xd8981360, 0xfb47daa3, 0xc166180a, 0x0645410a, 0x9c096446, 0x23ae41d8, 0x210cdb6d, 0x03680084, 0x20d98a06, 0xac5a1904, 
    0x095f7108, 0x42231521, 0x03200523, 0x42195370, 0x5e181e89, 0x0221099b, 0x22008200, 0x93035802, 0x2303247b, 0x82353335, 0x023d217f, 0x04227bd5, 
    0xc354c800, 0x00072606, 0x00150011, 0x06174d1d, 0x03267682, 0x23031d33, 0x8271023d, 0x8cdb180b, 0x05b84a0c, 0x4a08da50, 0x002107eb, 0x4a53a200, 
    0x801810a9, 0x548f0dc4, 0x0ba36018, 0x0a6b3a19, 0x09699d19, 0x0ac44118, 0x012b3522, 0x1810dc54, 0x8f0bbeb3, 0x09a145b6, 0xa20dd355, 0x18c59867, 
    0x2009b542, 0xee021964, 0x2067aa12, 0x20ca8323, 0x19cf9321, 0x4d0873b9, 0x6792068d, 0x636a6420, 0x85cf9c0c, 0x8bcf9367, 0x379e1867, 0x8371880d, 
    0x052b4c67, 0x2b4c9020, 0x63c61908, 0xa7b8180f, 0x0100260b, 0x008403f4, 0x933c1907, 0x06405408, 0xa16c1520, 0x23032305, 0x2245033d, 0x269f1a05, 
    0x660a191c, 0x6b9d1814, 0x8263960c, 0x06835999, 0x9a20777c, 0x82012063, 0x25c783e9, 0x00210020, 0x656f2100, 0x0a784205, 0x1a3b1521, 0x5f0721bb, 
    0x621821ab, 0x20240827, 0x23001b00, 0x23204d88, 0x4787fe85, 0x1813e153, 0x190d9746, 0x840c44e4, 0x20a3889e, 0x23558827, 0x011d012b, 0x0818ca19, 
    0xa905044c, 0x0b7346a9, 0xcc180120, 0xfd8707e7, 0x08c5b318, 0x82333521, 0x93ff8801, 0x097046b7, 0x19106146, 0x8d07b9ea, 0x8a2920bf, 0x348218bf, 
    0x079f4d0a, 0x6421c1af, 0x0a734164, 0x821a2120, 0x3d2208a3, 0x7e182304, 0x332108eb, 0x41c19e35, 0xa918157b, 0xbf8b08e7, 0x2d008422, 0x7209af7a, 
    0x15200a18, 0x56125746, 0x4e700d29, 0x0a7f7822, 0xf6196796, 0x4246070d, 0x2b66b30b, 0x64000100, 0x900138ff, 0x07009cff, 0x08a95918, 0x099b5918, 
    0x180b935a, 0x200769cb, 0x955c1923, 0x108d710b, 0x180c6153, 0x42138bd7, 0x805b121d, 0x8206200b, 0x074b44fb, 0x9e05416f, 0x0bdf446f, 0x8d196fa6, 
    0x6b8208c0, 0x8709bf52, 0x562720df, 0x35200bb3, 0x2005f857, 0x97911a02, 0x0c495312, 0x180a1a4d, 0x6e0f2746, 0xd17007ce, 0x18c82011, 0x200ea346, 
    0xa3461884, 0x9283a808, 0x3cca18fd, 0x1c42180f, 0x1884970c, 0x410c7b5f, 0x83890577, 0x19152321, 0x410ae70a, 0x074110f1, 0xeb9c180c, 0x6170200c, 
    0x84860966, 0x1a200321, 0x5d126598, 0x8f410c7f, 0x46879e1b, 0xe61810e9, 0xda5509b0, 0x250c4108, 0xf7420020, 0x58022806, 0x05002003, 0x5a001100, 
    0x2121081b, 0x3c291923, 0x6a212008, 0x132205dc, 0x1282012b, 0xce470520, 0x08955b10, 0x19195444, 0x820ca117, 0x7bfa1873, 0x18738309, 0x8c0745af, 
    0x83032071, 0x439b190d, 0x45052007, 0xda850c87, 0x8745c820, 0xcb64181d, 0x736e8208, 0x6f870ad3, 0x9c1a2b20, 0x05230a05, 0x82041d33, 0x08a418e3, 
    0x27032107, 0x33226d82, 0xee852515, 0x41563520, 0x1a79880b, 0x430dc5c0, 0x148814e9, 0x2520ef90, 0x41057743, 0x7d830d61, 0x21064f53, 0xf79b013b, 
    0x4108b372, 0xb9491c6e, 0x0fdf4107, 0x27002322, 0x8d059751, 0x2302257d, 0x33352315, 0x1d220183, 0x09820303, 0xfc982120, 0x18646421, 0x9c087354, 
    0x083c5680, 0xe760fe82, 0x08634205, 0x3f5a2320, 0x21819305, 0xfc9f013d, 0x4120f641, 0x04200bf8, 0x23086345, 0x001b0011, 0x1807f566, 0x1808b26d, 
    0x420826af, 0x5a4410d3, 0x11db4e0e, 0x5d086743, 0x639d0a57, 0x4514b443, 0x64990b42, 0x830a2762, 0x18232063, 0x91081375, 0x052e61c9, 0x8d12444c, 
    0x12d05fd1, 0x4b102569, 0x77a70c7f, 0x6a18e59e, 0x4e181131, 0xf74b10f8, 0x4c77a10d, 0x1e191664, 0x48540d29, 0x18779111, 0x220993d1, 0xa7008403, 
    0x18ef9977, 0x600a3362, 0x69410e24, 0x5fa9180f, 0x20778408, 0xed1f1933, 0x0534590e, 0x600b7c65, 0x4c422315, 0x1257420a, 0x0daff318, 0x82001121, 
    0x33112173, 0x0be9a518, 0x08be081a, 0xd04c1d20, 0x0c6c4c05, 0x56123a41, 0x73960f96, 0x0bf74b18, 0x23001b22, 0x0220e984, 0x2c065466, 0x2307013d, 
    0x33352335, 0x011d3335, 0x0cef4527, 0x5009935a, 0x764f0e94, 0x18002009, 0x25080f56, 0x11002003, 0x5b821500, 0x5d8f2b20, 0x210d1366, 0x648d021d, 
    0x980c644f, 0x6d642067, 0xc78b05fd, 0x25094b6b, 0x3d23031d, 0xc7823303, 0x21057e43, 0xcb97013d, 0x46846420, 0x0fc39f18, 0x7218cd89, 0x2f200e6f, 
    0x0ad55b19, 0x02256386, 0x2b021d23, 0x115c5101, 0x5f13194b, 0xde66186b, 0x0a5f4408, 0x17000d22, 0x09894019, 0x21066c4d, 0x68822315, 0x0d619819, 
    0x180ba450, 0x180de452, 0x1809f099, 0x5116b16c, 0x71180969, 0x77a50dbb, 0x8211c97e, 0x0c45457e, 0x4607a04a, 0xa16c0880, 0x6464210c, 0x20080f48, 
    0x055f6501, 0xab587783, 0x4ee38206, 0xf193055e, 0x93125945, 0x1a1385f9, 0x1814e0b2, 0x4c0f7c5e, 0x77410b73, 0x4187ab05, 0xa5181e09, 0x57590b60, 
    0x0de35610, 0x794587b7, 0x0e0f4110, 0x410b0145, 0x06212510, 0x41008200, 0xfe513097, 0x47879a10, 0x088908b7, 0x6311ce44, 0x0d260a63, 0x39001700, 
    0x19420000, 0x1d994514, 0x0f766418, 0x4c0e8642, 0xc6660931, 0x93ec180d, 0x00842110, 0xdf548394, 0xfe961806, 0x45332008, 0xcc1813a9, 0x8f411984, 
    0x16b24511, 0x4f020021, 0x03220837, 0x67180700, 0x75190a8f, 0xbe180876, 0x0227076b, 0x00200358, 0x1815000b, 0x2c0937e2, 0x35022b21, 0x013b3533, 
    0x27153315, 0xcdf5183d, 0x12494c0a, 0x4c09cf59, 0xbb6c134e, 0x47bd880f, 0x7b8807b3, 0xa15e2120, 0x21799008, 0x8a822302, 0x86021d21, 0x111d597c, 
    0x9614564c, 0x0c374d79, 0x7783f383, 0x35002d24, 0xf3920000, 0x35233526, 0x33013d33, 0x4c057146, 0xf98d1058, 0x8f135e4b, 0xe07c1883, 0x8205200d, 
    0x05ab598b, 0xdd4b8783, 0x11794107, 0x082b051a, 0x06413320, 0x12654c23, 0xe1188691, 0x0620085d, 0x2522838c, 0xcf6b2900, 0x120b4105, 0x2507bb48, 
    0x1d333533, 0x694c2702, 0x0f0d4111, 0x87250f41, 0x4186839a, 0x6b4d0d0f, 0x110f4107, 0x3d238986, 0x42013b01, 0x85842014, 0xd61a6420, 0x0b411c57, 
    0x41012008, 0x8422060b, 0x37533d00, 0x1d333108, 0x33152303, 0x35032b15, 0x013b3533, 0x012b033d, 0xb9181082, 0x232307f8, 0x8233013d, 0x3533221c, 
    0xfd4a1823, 0xc542183b, 0x2183a90c, 0x92822301, 0x15207a82, 0x480ea559, 0x91181348, 0x034f1cc1, 0x08174d0f, 0x536d2020, 0x6e002008, 0x5647135d, 
    0x07947d05, 0x15861619, 0x44088c42, 0x3c6d0ca3, 0x706fa60d, 0x3521056a, 0x0c4f6e33, 0x7518ec90, 0x8e42080e, 0x06564e09, 0x2008f864, 0x09335800, 
    0x9b180f20, 0x2b431183, 0x0a4b4d0f, 0x65002021, 0xc567091f, 0x4101200a, 0x1b650b08, 0x9751180f, 0x0a404613, 0x43149765, 0x0122080b, 0x739603f4, 
    0x990c0c41, 0x15136673, 0x18130b66, 0x620d5354, 0x00200707, 0x760ae562, 0xfb600858, 0xbf93180b, 0x1ff06110, 0x174767a1, 0x33352105, 0x490c6b62, 
    0x67a31007, 0x64000323, 0x052b5900, 0x11000724, 0x615c1900, 0x07846810, 0x180d5d5c, 0x520923a0, 0xb38307fb, 0xaf5c0320, 0x00202106, 0x13204b95, 
    0x0ccd8418, 0x5b0b924c, 0xdb410d20, 0x63a71a0d, 0x131b4ec5, 0x7810df50, 0x2b780f97, 0x0b27781d, 0x0a175018, 0x9005774e, 0x77a51a5b, 0x1f85192e, 
    0x4b5b860a, 0x2d4a07c3, 0xab5f1815, 0x4451180c, 0xf1661808, 0xb5a61808, 0x11ba4c0b, 0x099ba319, 0x69186bab, 0x274d1c8e, 0x666c8519, 0x1b20093f, 
    0x4509cd65, 0x184e06c1, 0x23352606, 0x35013b35, 0x28a17433, 0x45056f6e, 0xce45091b, 0x5e5a180c, 0x76a61909, 0x4b4d180c, 0x00842108, 0x9d5187b1, 
    0x88b11914, 0x057a440c, 0x0020889f, 0x700cdf66, 0x312005cf, 0x07059518, 0x23041d24, 0x11412335, 0x0c9c6c11, 0x73011d21, 0x0a5f216d, 0xda5f1805, 
    0x4695900a, 0xbf740df1, 0x38ff240d, 0x4103f401, 0x2b210523, 0x419bb500, 0xc774182d, 0x084f4e20, 0x410e5c75, 0x246c3337, 0x2537410c, 0x410e1774, 
    0x9b955937, 0x8e1c3741, 0x11ec4d9b, 0x6613d441, 0x1b220dc3, 0x42183f00, 0x67420875, 0x3dbd7411, 0x41129a54, 0x7f19103e, 0x01230a07, 0x198403f4, 
    0x2109bf14, 0xc3743315, 0x21959106, 0xc9742335, 0x24997137, 0x44646421, 0x03200a17, 0x20099f44, 0x058b4117, 0xcf740620, 0x023d220a, 0x0ae04b2b, 
    0x1809f873, 0x7b0f808e, 0x64201b7f, 0x0c01c918, 0x08f35718, 0x00840324, 0x0d730003, 0x21798606, 0xdb743b07, 0x73758605, 0x164a0ef6, 0x0f344b0f, 
    0x0c9d4018, 0xae489020, 0x20658208, 0x06df4300, 0x7408d943, 0x03200de3, 0xe774f78d, 0x06d44c24, 0x13175818, 0x9371978d, 0x6b032009, 0x2920085f, 
    0x0b516018, 0x1d331522, 0x86066b75, 0x3b072287, 0x27f37402, 0x741eee41, 0x7f890d0f, 0x16192f20, 0x8374091f, 0x1106410a, 0x751eff74, 0x7f4c2501, 
    0x8ba11808, 0x8403210a, 0x09994818, 0x80191520, 0x01210921, 0x0802411d, 0x41270b75, 0xdf182a01, 0x4120094f, 0x410a5b4e, 0xef670d7b, 0x33137507, 
    0x89188a9e, 0x8ba30c8b, 0x7508ff67, 0x8caa331f, 0x2309ab48, 0x00210013, 0x4c06cf5f, 0x8f410675, 0x01042106, 0x181b5f6f, 0x450ff982, 0xf46e0e03, 
    0x0b834415, 0x616d77a7, 0x46778f0e, 0x78950f1e, 0x250adf6d, 0x001b0013, 0x0d430029, 0x4ef18f06, 0x034d0652, 0x0f6f6f0c, 0x0e587d18, 0x6d15285b, 
    0x64201ae9, 0xb10de347, 0x1111418f, 0x481e7d6f, 0x5f18086c, 0x06700c91, 0x6f8fac08, 0x0b5e1203, 0x0fa85b0a, 0x42082d44, 0x1e410e1e, 0x4506201c, 
    0x1b410833, 0x418b921e, 0x916f111b, 0x1f1a411d, 0x8b8a0220, 0x936f3d20, 0x08214308, 0x09909919, 0x1b6f1d20, 0x13976f05, 0x6f10b242, 0x48180d99, 
    0x49460e47, 0x06775c0d, 0x2106cb46, 0x83950013, 0x6f231521, 0x83bf1f9f, 0x6e07bb44, 0x08410e07, 0xbbb81806, 0x6f3b2008, 0x016e18a7, 0x23eb8822, 
    0x20035802, 0x2005f160, 0x08716e01, 0x05206986, 0x181eaf6f, 0x561e71bc, 0xd3890c08, 0xdb6e3520, 0x6a69860b, 0x18760694, 0x3bde6e0b, 0x08779618, 
    0x38ff0022, 0x2f22df84, 0x75963700, 0x6e082476, 0xc56f1cea, 0xe31f1929, 0x937b840c, 0x06054779, 0x9a0c3076, 0x24cf41f0, 0x08e3b018, 0x2d21f386, 
    0x13694100, 0x3d227985, 0xb4703301, 0x20ee8445, 0xfbe71802, 0x56392008, 0xdf6f0555, 0x08474207, 0x8205b544, 0x6a152075, 0x33200656, 0xa622e36f, 
    0x646424f5, 0x73642c01, 0x022405cf, 0x00840358, 0x04208395, 0xac35eb6f, 0x09e74783, 0x19001521, 0x19083f60, 0x580a7744, 0xaf5e0ae3, 0x554b1920, 
    0x0fb35e0a, 0x8b102754, 0x067b5310, 0xaf06c344, 0x11b55d87, 0x9a5c8791, 0x110c520d, 0x081efe18, 0x850a0748, 0x061d4c87, 0x5e241141, 0x919019cf, 
    0x8c05004c, 0x5e0c8c88, 0x0f5c0d4e, 0x0c1f4105, 0x294197b3, 0x0fe35e22, 0x4715b741, 0xa7190832, 0x0025095f, 0x00000b00, 0x64b41805, 0x84271908, 
    0x7742830a, 0x57410bc3, 0x17175f33, 0x5f0b5741, 0xbf9e141b, 0xef416420, 0x17275f3e, 0x87429797, 0x0958411f, 0x2409974d, 0x001f0015, 0xffc91941, 
    0x1193430c, 0x1824375f, 0x190dfb77, 0x190e528a, 0x6408390c, 0xe2180f77, 0x84211247, 0x5f939c00, 0x93862b47, 0x430f2e5a, 0xaa190c0b, 0x995b1100, 
    0x0000220c, 0x06cb4507, 0x03002028, 0x1b001100, 0x40182500, 0x052007d7, 0x2708d970, 0x3315013b, 0x37022b15, 0x4b1e335f, 0xc8210a27, 0x13365f64, 
    0x88134341, 0x0064219f, 0x2206e742, 0x87035802, 0x063d5e8b, 0x435f8999, 0x5d889015, 0x899a102f, 0x13418682, 0x22878310, 0x193b0033, 0x6009c9a0, 
    0x13410645, 0x1d535f09, 0xb46b9095, 0x1a905112, 0x06209783, 0x200eab41, 0x0575502d, 0x5f181f41, 0x95921d63, 0x4112665f, 0xa44d132a, 0x42948208, 
    0x2b220f3f, 0x89562f00, 0x5f959805, 0x97941f73, 0x4115e56b, 0x7a5f112f, 0x0f2b4108, 0x21522b20, 0x5f959f05, 0x9197147f, 0x180aee59, 0x4411896f, 
    0x00200b14, 0x08f7dc18, 0x00840323, 0x10875f43, 0x43150221, 0x8e5f0a6b, 0x2aa5503d, 0x9e5f93b2, 0x2193ac35, 0x00820005, 0x03f40123, 0x83681920, 
    0x05816a08, 0x0f894d18, 0x57191120, 0x13200ca4, 0x17363619, 0x0de98018, 0x4ec86421, 0x8543100f, 0x9ba71805, 0xc36f1807, 0x2083830d, 0x08bb691d, 
    0xe418818f, 0x35200c19, 0x0ff98718, 0x181c5c5a, 0x8208e045, 0xf772188f, 0x07cb590c, 0x56079b60, 0x985f11c9, 0x2837190c, 0x08155013, 0x1859ec92, 
    0x07cb5511, 0x5af40121, 0x799a06cf, 0x45196341, 0x895008ed, 0x418b880e, 0xc11a0857, 0x23220847, 0x4f192b00, 0xaf5a0859, 0x15232216, 0x1f196123, 
    0xb9186420, 0x7990088e, 0x610dc858, 0x27220c8f, 0x2b4d2f00, 0x0fd34106, 0x20055542, 0x08f97001, 0xe5181520, 0x474719ff, 0x1afd9509, 0x210f8ac6, 
    0x838364c8, 0x2d20ff88, 0x3b208182, 0x181e4759, 0x420d3758, 0xf4470c6f, 0x08e7420f, 0x4164d421, 0x5e181bf7, 0x4b670d50, 0x00002806, 0x0b000700, 
    0x19210000, 0x200bda5d, 0xca80182c, 0x08e3770d, 0x2d008422, 0x60879619, 0x26077b5f, 0x001f0084, 0x192f0027, 0x191c9f13, 0x51246101, 0x02210ff6, 
    0xd3641858, 0x522b200e, 0x3b21067d, 0x093c5801, 0x3d230222, 0x0ab94c18, 0x0c372a1a, 0xc96c4f85, 0x055f611c, 0x2505cb44, 0x00070084, 0x63820025, 
    0x18085061, 0x4a19e94e, 0xb5180d4b, 0x407609cf, 0x2119840f, 0x7c186464, 0x02230b4f, 0x820300bc, 0x002d2267, 0x0b775a00, 0x193d0221, 0x200a076c, 
    0xc2e31a01, 0x416b920c, 0x695a0f29, 0x00002a06, 0x01c80002, 0x039001f4, 0x22638220, 0x6d00000b, 0xc3490b71, 0xa65e1806, 0xd7c11808, 0x82002008, 
    0x3b0022f7, 0x05dd4601, 0xad089947, 0x1904204b, 0x5408bb4c, 0xbf6307af, 0x066c5007, 0xc3630420, 0x08ab481d, 0x550fcb56, 0x60181425, 0x13220b2b, 
    0x0e192100, 0xb7570a97, 0x0d915514, 0x570e8244, 0xa75b0f2c, 0x00202109, 0x2764cb97, 0x0e175718, 0xcb966a8e, 0x24093b41, 0x001f000d, 0x0557712d, 
    0x0d7b4418, 0x0cd0ae18, 0x0c014618, 0x850e454f, 0x6f4518ea, 0x94a01810, 0x58022110, 0x220be744, 0x82250013, 0x55392075, 0xdd4414db, 0x557b900d, 
    0xf24d2354, 0x0f7a5707, 0x43180020, 0x25200b5b, 0x3b217d84, 0x3a4b1804, 0x032b230e, 0xd443053d, 0x18e78512, 0x18100165, 0x240aab43, 0x13000027, 
    0xee491833, 0x554f8211, 0x424305a9, 0x5a691813, 0x21a68215, 0x04840200, 0x20035822, 0x0d7fb418, 0x191d0121, 0x2409f7ac, 0x013d013b, 0x1a431825, 
    0x0cfe210e, 0x181ca952, 0x220dd772, 0x1a210020, 0x5e08cb1d, 0x23220509, 0x7e54063d, 0x0cc51806, 0x24f7540d, 0x2582c820, 0x0a0bb318, 0x69552920, 
    0x59e31809, 0x83072008, 0x1802205d, 0x411ee9fa, 0x00210f28, 0x20498203, 0x5bd618f4, 0x82132008, 0x1215520d, 0x08f19218, 0x0716ca18, 0x93093772, 
    0x10fd503f, 0x0c3a1e19, 0x0c92b91a, 0x086bc818, 0xd9188420, 0xc17e0721, 0x7c551806, 0x0c03461a, 0x00820020, 0x03820420, 0x22099f67, 0x6721001d, 
    0x132010a1, 0x670cb94a, 0xcb4c08a7, 0x1e851808, 0x0d636707, 0x00646422, 0x079b8418, 0x67bc0221, 0x2d1916af, 0x71180ce6, 0x4b880cb4, 0x43181582, 
    0x15220fff, 0xa5961900, 0xa9822520, 0x6a0de266, 0x69790589, 0x0d566808, 0x34662c20, 0x93431807, 0x66639d11, 0x63890dea, 0x1809ea41, 0x190dc344, 
    0x680f2792, 0x232005bf, 0x49166941, 0x90200ccd, 0x0b935918, 0x093d5518, 0x570f6b41, 0x0520055b, 0x2506cb41, 0x00070084, 0xc3830011, 0x63902b20, 
    0xb6193720, 0xd1440a7c, 0x0bd9410d, 0x0f4bb518, 0x8c0c3841, 0xeb40180c, 0x0025230d, 0x065b0100, 0xea401805, 0x06271a0a, 0x70441a0a, 0x0c924213, 
    0x210c235f, 0xb4180002, 0x71190723, 0x012041ff, 0x2008e742, 0x055f451d, 0x18150321, 0x200aa773, 0x92e11a2b, 0x11514510, 0x097f7518, 0x1f002022, 
    0x20055345, 0x20438b02, 0x05854b23, 0x900e2544, 0x64642147, 0x7f1a3744, 0xb51910a6, 0xc6831043, 0x65193744, 0xb94d104b, 0x0a2c7706, 0x01204082, 
    0x4406b744, 0x51180837, 0x1a7907dd, 0x0ca44119, 0x00304282, 0xfe640002, 0xfff401d4, 0x0007009c, 0x0500000f, 0x180a8b4b, 0x50097f82, 0x00200cef, 
    0x240ad34c, 0x001b0011, 0x99591927, 0xcf661917, 0x0827550e, 0x180d9442, 0x19161a5e, 0x220eaf56, 0x7a00bc02, 0x5a19058b, 0x0a191403, 0x0a77107d, 
    0x0eb2480a, 0x7c068743, 0x1f200e4b, 0x6b086d4f, 0x9044140f, 0x0b577b11, 0x92089644, 0x4401206a, 0xd7430b9c, 0xa2cb8309, 0x0da04473, 0x1819738f, 
    0x33650cde, 0x82748a0c, 0x08675e73, 0xe5821b20, 0x2f002735, 0x3d150000, 0x021d3304, 0x2b15023b, 0x23011d02, 0x82023d01, 0x2b03250d, 0x023b3502, 
    0x0bce4318, 0x43111176, 0xac6b0e13, 0x0edc180a, 0x9f4d1a09, 0x1813200c, 0x9a09a957, 0x10df5f73, 0x8a138349, 0x0ccd187b, 0x033d1a08, 0xbbed1807, 
    0x8211200c, 0x7c2d2073, 0x756c0e3d, 0xe5621806, 0x0d95421b, 0x19121068, 0x200d4c5b, 0x0c537f03, 0x8b0fad7c, 0x18dd836f, 0x8f18c280, 0x1a779575, 
    0x200ee006, 0x1ba31902, 0xed651813, 0x2b02220d, 0xcc3e1a02, 0xcd7b1909, 0xc6481807, 0x6bcf1812, 0x11dc410a, 0x0ef7d719, 0x00840324, 0x67180013, 
    0x8b432033, 0x0ab9660e, 0x2018394a, 0xcb4718c8, 0x1911200c, 0x20082fb2, 0x06497c1d, 0xb0192520, 0xbe560bb2, 0x16a27c0d, 0x20094b7e, 0x6b631820, 
    0x7d1d2007, 0xd6180961, 0xe24409c2, 0x11604509, 0x420e5a55, 0x02250763, 0x00200358, 0x05d94a17, 0x033d372a, 0x35333523, 0x3315023b, 0x15275e82, 
    0x011d012b, 0x4a331323, 0x5d1805ea, 0x606907ce, 0x0c4a450e, 0x180d1b7c, 0x2a086f8f, 0x01640003, 0x039001f4, 0x45030084, 0x01240595, 0x27231533, 
    0xd9640382, 0x23352105, 0x0af36618, 0x71580221, 0x37980959, 0x7808ff4f, 0x838405ad, 0x0126388a, 0x58026400, 0xd7822c01, 0x21190720, 0xcb1809db, 
    0x3f520991, 0x07075c0a, 0x4f07db6f, 0x18480562, 0x0d6d5e08, 0x0e069a18, 0x500a5f5b, 0x8f591100, 0x1a1b8409, 0x5b0997d4, 0x01220653, 0x7b8500f4, 
    0x734179a4, 0x7970180d, 0x0ab4440d, 0x5508f142, 0xe3ac0c0b, 0x5e0e5b70, 0xd78c1033, 0xe74e0c8c, 0x172a1908, 0x0017240d, 0x7b330021, 0xc5441669, 
    0x13e97b18, 0x5c0d5b42, 0x634f0dc4, 0x0b1f500c, 0x3b20fb85, 0x9f1eb95c, 0x10495d87, 0xe05d8b8e, 0x0b9f491d, 0xe3492720, 0x15022f05, 0x23041d33, 
    0x35012b15, 0x043d013b, 0x0c82012b, 0x18053d21, 0x490e0c89, 0x447c12a0, 0x18002008, 0x21113f8e, 0x5392013b, 0x28630420, 0x100a4506, 0xe1185c9a, 
    0x032309db, 0x89290020, 0x13ea78af, 0xb38e0420, 0x1889e618, 0x4a057945, 0x2d2009eb, 0x0863ca18, 0x20144279, 0x9cb79703, 0x19b98260, 0x440bff30, 
    0x2419056b, 0xb15a087d, 0x33352505, 0x33013d31, 0x2107b479, 0x8c5d1533, 0x05d5530c, 0x0d0ccd19, 0xb118c820, 0x48410cd0, 0x18108910, 0x24080bdb, 
    0x015802c8, 0x057b4490, 0x2008ef48, 0x20b8882c, 0x54008200, 0x5d4b0f03, 0xc4751810, 0xbfc61908, 0x90012308, 0x0c820700, 0x0cf2bd18, 0x64227182, 
    0x15820100, 0x141b2c20, 0x00212007, 0x8323a401, 0x0d0021b9, 0x2b225182, 0x041b3504, 0x6d840f43, 0x02821a82, 0x27a22c20, 0x23061357, 0x15002003, 
    0x26064f4b, 0x083d2309, 0x831d3327, 0x06ef4506, 0x5f1c8542, 0x022c0e5f, 0xd4fe0000, 0x00005802, 0x1b000d00, 0x2720a188, 0x8418a892, 0xc6570c3c, 
    0x87d81805, 0x82902008, 0x5c0b208f, 0x2b210837, 0x03c41901, 0x2f8e180a, 0x0f9f410a, 0x12f3d719, 0xd0185820, 0xc824091b, 0x900138ff, 0x08a3bf19, 
    0x5e182b91, 0xfb550b37, 0x1bf7410d, 0x64000223, 0x05c35101, 0x15001122, 0x0320b189, 0x1523b182, 0x19333533, 0x1b0dcb3c, 0x180f7519, 0x200863db, 
    0x20ef82f4, 0x853f8403, 0xdd4f1897, 0x19352007, 0x710cd49a, 0x8b180c06, 0x642008ef, 0x14f3bf19, 0x3f914785, 0x200a7541, 0x8dbb8900, 0x013d227b, 
    0x2fc0193b, 0x18022014, 0x820a747a, 0x0a1353ba, 0x0c9fed18, 0x2005bc6a, 0xd3091a35, 0xc937190e, 0x193f8a11, 0x1a101750, 0x23098a0a, 0x023d013b, 
    0x0c48c419, 0x213c7c19, 0x10190120, 0x1321085f, 0x131c1a00, 0x19378235, 0x262663f6, 0x00c80001, 0x82900100, 0x00072305, 0x131b2100, 0x00210f91, 
    0x06334b00, 0x0f201f84, 0x581a2189, 0x34461111, 0x06e34b0a, 0x00640023, 0x05a95a03, 0x1f1a2520, 0x90200bc9, 0x1809045c, 0x21080395, 0xf81a00c8, 
    0x83861b33, 0x00bc0225, 0x82390029, 0x1d3321ad, 0x072f9e18, 0x82076742, 0x012b2107, 0x6a06b242, 0x35200931, 0x0faa261a, 0x45083652, 0xba730c5f, 
    0x0e154b09, 0x5a18258c, 0xde1808db, 0x0920077f, 0x2605ed47, 0x35231523, 0x45c83533, 0x64210878, 0x0a974264, 0x13000922, 0xe218af88, 0x161909bd, 
    0x358b08ad, 0x1b516c85, 0x58022405, 0x83002003, 0x951d203b, 0x4127203d, 0x47830501, 0xf75bf420, 0x194c9108, 0x8e0927da, 0x823320b3, 0x352321b3, 
    0x8c09a94a, 0x870d20b3, 0x888118b3, 0xcb9f1809, 0x456d8609, 0xb38a0c51, 0x17000d22, 0x0795de18, 0x71823d8e, 0xe3183320, 0xb0840ead, 0x1155e018, 
    0x2508c347, 0xf4019cff, 0xdd18c800, 0x50840851, 0x9f183520, 0xab4a0895, 0x08fc440d, 0x64000122, 0x21053946, 0x9f411100, 0xe8a41806, 0x12fa1908, 
    0x0b09440a, 0x01006422, 0x2893fa1a, 0x5b82c820, 0x58029022, 0xe1185b87, 0x3d220976, 0x03422301, 0x177d1805, 0x0400210e, 0x90268f84, 0x0300bc02, 
    0xcb820700, 0x221a1f20, 0x132509d7, 0x23041d33, 0x1398193d, 0x38c0180e, 0x091f4218, 0x08f3b318, 0x82001921, 0x3337244d, 0x18112315, 0x22070c42, 
    0x4215023b, 0x1522051a, 0x92823723, 0x0e0f9e19, 0x1064ca1a, 0x64201083, 0x00244e82, 0x01bc0200, 0x1b05e77f, 0x2312e31b, 0x6464bc02, 0x2805bf6b, 
    0x0000f401, 0x0f000b00, 0x53ed1800, 0x598b180a, 0x08d3510d, 0x33832882, 0x84580221, 0x43951857, 0x8f6e181e, 0x5c01200a, 0x0123053f, 0x181b002c, 
    0x431d91a1, 0x244c0fcb, 0x827f830e, 0x0000254b, 0x5802f401, 0x1906af54, 0x6908f995, 0x352705ba, 0x35333523, 0x82331533, 0xe7141a07, 0x2365180d, 
    0x0c1d480a, 0xc82d4f83, 0x9001f401, 0x00000d00, 0x3d032b25, 0x3d0e1b01, 0x084f410e, 0xd4fe6430, 0x9cff9001, 0x00000b00, 0x011d3305, 0xaa18022b, 
    0x9a8212d9, 0x18082b5d, 0x210acfe3, 0xaa18011d, 0x01210d3d, 0x203b8233, 0x43ed8b35, 0xab4b0c7c, 0xff64260d, 0x0390019c, 0x20ef8320, 0x9b0e1b05, 
    0x3b022109, 0x0869b118, 0x440e2541, 0xe4440fe1, 0x9fd01905, 0x95b01809, 0x07c34607, 0x1b05ca46, 0x4320620e, 0x681905c2, 0x07230cab, 0x57002300, 
    0x2720068d, 0x8506a658, 0x18dd82e9, 0x180ec9f3, 0x180b7085, 0x180cf6a0, 0x4509eb69, 0xa61816a8, 0x6f430ca7, 0x00272305, 0xf2572500, 0x041d2408, 
    0x82033d23, 0x0cb7430e, 0x1807cb50, 0x4607ab9c, 0x7d18090e, 0x6e41120e, 0x82042008, 0x7bb7186b, 0x00072207, 0x49bf191b, 0x235c8207, 0x15330123, 
    0x25206090, 0x2105eb43, 0xf8182c01, 0x3f510f6b, 0x26678b16, 0x90019cff, 0x83009001, 0x000b25cf, 0x33000017, 0x3520b183, 0x0785a218, 0x35022b24, 
    0xd419033b, 0xd3410bdd, 0xe774180d, 0x58022308, 0x9d612003, 0x23172905, 0x063d3335, 0x043b3523, 0x25057e51, 0x23031d23, 0x0582033d, 0x023d1323, 
    0x8dd61a23, 0x8d4e8d10, 0x07b8550d, 0x02206482, 0x2205b348, 0x8400f401, 0x331321a3, 0x35255482, 0x33013d23, 0x235b8201, 0x031d013b, 0x5509bb50, 
    0x694108ee, 0x00002109, 0xd61a3f8e, 0x3d220855, 0x40860302, 0x1905ba42, 0x8a0c71c0, 0x058f5740, 0x00009022, 0x2a059f44, 0x3d012b01, 0x1d023b02, 
    0x19352702, 0x890af342, 0x4164202f, 0x01250817, 0x009001f4, 0x053b531b, 0x21070758, 0x5018011d, 0xdc1a08b1, 0x1d511897, 0x0bd75c10, 0x0fbb1c1b, 
    0x23153324, 0x90822335, 0x59820120, 0x64491120, 0x0953410f, 0x5805e543, 0x0b220a27, 0x33460f00, 0xe9941809, 0x8d9a1809, 0x0f155517, 0x797cc820, 
    0x1a00200b, 0x190ad7df, 0x8508fdb4, 0x841520f1, 0x49f58b9f, 0x3d250744, 0x011d3301, 0x17dc1a33, 0x05526919, 0xc357b782, 0x08ae5b12, 0x9f180020, 
    0x074708a3, 0x001b2505, 0x2100001f, 0x11207382, 0x18062743, 0x210d42ae, 0x6f833533, 0x210ba944, 0x905fd4fe, 0x47022018, 0x012205ed, 0x6b4900f4, 
    0x79ec1906, 0x1a022008, 0x180ea953, 0x180e3c54, 0x8409e765, 0x06c3599d, 0x13032f19, 0x0c0f9d18, 0x4f466420, 0x19232006, 0x190c253c, 0x220b25fb, 
    0x18333523, 0x46093299, 0x2f410fa5, 0x0c7e4805, 0x820c0f5f, 0x822c2055, 0x05eb43cb, 0x33370025, 0x45032315, 0x2320052d, 0x0a74c918, 0x642c0122, 
    0x00200282, 0x0753d118, 0x009cff28, 0x0013000b, 0x7d5f0500, 0x19232005, 0x200c29ad, 0x8699182c, 0x9b1f1a12, 0x826b850d, 0x206d83ff, 0x062b4513, 
    0xd85d0783, 0x62098209, 0x778406d0, 0x82000521, 0xf4012100, 0x0f20a788, 0x65457d83, 0x87398307, 0x73d41945, 0xa944180a, 0x48be850a, 0x35440553, 
    0x83002005, 0x35002183, 0xec187b82, 0x6e820702, 0x8264f421, 0x0e43461c, 0xa2000b21, 0x559020a7, 0x002005d9, 0x8807ab5a, 0x001f22a7, 0x0b0d4623, 
    0x27231522, 0x1237251b, 0x4307f14e, 0x674a074b, 0x0eea4211, 0xbd820020, 0x9cffc824, 0x83199001, 0x911a087f, 0xd3561089, 0x7e231905, 0x06544111, 
    0x85066454, 0x640021eb, 0x84062b4a, 0x071341eb, 0x0723d119, 0x410c0752, 0xbb510548, 0x20032308, 0x281a1700, 0x65180b4b, 0x89180b3b, 0x002419f6, 
    0x00020000, 0x37578182, 0x84112006, 0x13232241, 0xa8671923, 0x0f131b07, 0x8403210a, 0x0aa56c18, 0x01203782, 0x20213786, 0x22358200, 0x831d3301, 
    0x012b24e6, 0x1933023d, 0x470a4281, 0x33820ca9, 0x33880320, 0x09000522, 0x2329af84, 0x15013b35, 0x1533013d, 0xade21927, 0x18152008, 0x650c656f, 
    0xef8b0e4b, 0xad851520, 0x2e191520, 0x291a0cd0, 0xc6530942, 0x22eb8910, 0x83050020, 0x351321b5, 0x2329ac82, 0x2b013d37, 0x023b3501, 0xea12191d, 
    0x18012009, 0x820a83fe, 0x010021b6, 0x1b20b788, 0x4b4a7384, 0x18232005, 0x180c1556, 0x1909e3e2, 0x8a184f0e, 0x22bb8547, 0x84021d33, 0x09fb6f36, 
    0x2017aa41, 0x263b8400, 0x02900190, 0x880b00bc, 0x83232083, 0x0d255f38, 0xf4202784, 0x58202782, 0x2112cb53, 0x9f4e64f4, 0x22478505, 0x530f0007, 
    0xda1808ed, 0x46431006, 0x82642005, 0x08eb415c, 0x20032c22, 0x13203183, 0x265bfd82, 0x4a7d8609, 0x2f840a96, 0x2c01c824, 0x2f889001, 0x3d20e787, 
    0x081be319, 0x83422f8d, 0x58022306, 0x93840500, 0x1d33352b, 0x3d272301, 0x15013b01, 0x59098223, 0x504508b9, 0x0100290a, 0x38ff6400, 0x2c019001, 
    0x4a24f742, 0xa3840efa, 0x112e3f87, 0x33130000, 0x1533031d, 0x3335022b, 0x0e4c013d, 0x337e180b, 0x8804200e, 0x00092473, 0x8311000d, 0x1b052079, 
    0x1825530a, 0x820c75a7, 0x217b87e5, 0x49880005, 0x0b431720, 0x20828209, 0x82881831, 0x0a124208, 0x0e609e18, 0x820a0341, 0x056058c3, 0x83430120, 
    0x1a58180f, 0xe794180e, 0x2c012107, 0x09208582, 0x778ac183, 0x8e188343, 0x097b4144, 0x41228343, 0xd3180c7a, 0x7f8408db, 0x1720b582, 0x50178343, 
    0x642108da, 0x43e78a64, 0x7a8c2d7f, 0x7f43478c, 0x203c8c22, 0x25838400, 0x0090019c, 0xdf1900c8, 0x23200787, 0x0c4b2e1a, 0x84052241, 0x24048227, 
    0x00640090, 0x7ddd1807, 0x204a8808, 0x85ff8500, 0x00072247, 0x4d64180f, 0x137f4308, 0x0b67b818, 0x38ff6426, 0x2c012c01, 0x42187f43, 0x01220da8, 
    0x1b43c800, 0x5f2e1a06, 0x4333200c, 0x2f8f097f, 0x674c6420, 0x07174106, 0x5a180320, 0x35200721, 0x0f849518, 0x820cd448, 0x062f4ecf, 0x43900121, 
    0xcb190887, 0x3d210ae9, 0x08991802, 0x91408e11, 0x0513453f, 0x1d22ab82, 0xce452302, 0x20388c0b, 0x22008264, 0x87000200, 0x681320b7, 0xb3180805, 
    0x02200ac1, 0x0e765719, 0x0ff1b418, 0x82646421, 0x880320bf, 0x43032043, 0x212005d1, 0x2107d645, 0xd71a013d, 0x0120077a, 0x10c30f1a, 0x420c8a47, 
    0x0124071b, 0x00130090, 0x19066b5d, 0x4c0a5fe0, 0x9e6105fd, 0x0c3b4110, 0xcc191520, 0x15250bcb, 0x33043d23, 0xee88191d, 0x0d03440b, 0x0f236f8a, 
    0x18050000, 0x41192dda, 0x00260523, 0xf4019cff, 0x4b4c2c01, 0x18012005, 0x410889f6, 0x0526055d, 0x013b023d, 0x0c822315, 0x08688918, 0x6a5cd420, 
    0x42808712, 0x4f8208bf, 0x51820720, 0x3d210023, 0x21aa8201, 0x468c2723, 0x4e83ae8d, 0xfe233784, 0x829001d4, 0x00112737, 0x17000017, 0x2e1a043d, 
    0x1d25086a, 0x3d132301, 0xa5e31901, 0xeb641809, 0x09364e08, 0x41006421, 0xb74407a7, 0x82132005, 0x092f4541, 0x35012b22, 0x1a834c1a, 0x2f416420, 
    0x1811200a, 0x25085f9a, 0x23153301, 0xee452335, 0x09ec610e, 0x00020029, 0x012c01c8, 0x82bc0290, 0x6f0d2079, 0x3d230843, 0x1a013b01, 0x1808bd35, 
    0x180c076c, 0x200973b5, 0x05e76019, 0x012b2122, 0x32825d84, 0x0c190220, 0x9b730d26, 0x1a02200a, 0x840cb319, 0x71af18ef, 0x0dbc7a0c, 0x2906f361, 
    0x580238ff, 0x31002003, 0x97824100, 0x011d3327, 0x23021d23, 0x21ce8215, 0x461a2315, 0x45420c3c, 0x011d2306, 0x02823d33, 0x55330221, 0x2b820581, 
    0x4a05dd49, 0x5b460ec9, 0x14625209, 0x890dfb4f, 0x0aa34b0d, 0x58191520, 0x152109e1, 0x2c018223, 0x2b15013b, 0x3d333503, 0x33153302, 0x198c8405, 
    0x83147c01, 0x077e514b, 0x460da36f, 0x01210cee, 0xdf771890, 0xf401230a, 0x6d82bc02, 0xaf180020, 0x3d2308a9, 0x19033b01, 0x2008efef, 0x05f25215, 
    0x385e0120, 0x66c69012, 0x202a08d3, 0x0d000900, 0x27002300, 0x8b432d00, 0x012b2706, 0x21013b35, 0x14482315, 0x82352006, 0x4a352008, 0x3324056b, 
    0x011d2315, 0x1afd161b, 0x430abb46, 0x0221110a, 0x20c88458, 0x67ef1a02, 0x07ef6d08, 0x2405444b, 0x031d2303, 0x20748223, 0x05204323, 0x3d033524, 
    0x71422302, 0x4ebe8608, 0x88181242, 0x1a1a096f, 0x1f201093, 0x2309ad6e, 0x013d012b, 0x29059d5a, 0x1d013b06, 0x35013b01, 0x6c843511, 0x4b0f8642, 
    0x3d750cb9, 0x0547470d, 0x22b7f418, 0x53000021, 0x3b760523, 0x19152006, 0x2409e111, 0x1d33023d, 0xaf371a01, 0x23022208, 0x248d823d, 0x33153315, 
    0x12dd1907, 0x19c82016, 0x410d7664, 0x736510c4, 0xbc02220e, 0x20f38900, 0x0b144304, 0x043d2322, 0x3b217982, 0x21f6b502, 0xd2820100, 0x1a020021, 
    0x2209b743, 0x82032b04, 0x2b3524ca, 0x82031d01, 0x033b2959, 0x1523021d, 0x023d013b, 0x91115a43, 0x50c48811, 0x0324098b, 0x00250020, 0x08797319, 
    0x2b051d22, 0x07ce171a, 0x0a71621a, 0x088fa019, 0x4c0c9e48, 0xb4181872, 0x7c2008ef, 0x250af74f, 0x0900bc02, 0x31731d00, 0x33252105, 0x20083351, 
    0xf6b21801, 0x4c152009, 0xe34206e1, 0x11114f11, 0x430ce142, 0x012005a5, 0xfb41d382, 0xb3251905, 0x44508408, 0x3521059e, 0xf4fe1823, 0x33022408, 
    0x5b33021d, 0xc5890811, 0x18167e42, 0x420abf45, 0x1f21065b, 0xa1021900, 0x35232208, 0x05c94d33, 0x2b150423, 0x41c08701, 0x46181625, 0xc4180cfd, 
    0x022a081b, 0x001d00bc, 0x002f0023, 0x49831700, 0x20059542, 0x088d541d, 0xa646b582, 0x3d232505, 0x041d2304, 0x410e0941, 0x1f190c06, 0x44520ecd, 
    0x05eb4108, 0x0200002e, 0x00200358, 0x0025001f, 0x023d3700, 0x3520b882, 0x3b260383, 0x013b1502, 0xba822315, 0x2b21bf82, 0x216e8301, 0x141a3533, 
    0x6a94131f, 0x2005db4d, 0xaf381b00, 0x1a13200b, 0x2109c460, 0x4f833b01, 0x23205c82, 0xbf846a83, 0x3322c582, 0xf41a3335, 0xc82016e5, 0x09a8a618, 
    0x19146d43, 0x180822bd, 0x2207ef60, 0x7b00bc02, 0x0033050f, 0x022b3525, 0x3d23011d, 0x3b153305, 0x1d333502, 0x82032305, 0x150222c6, 0x3b301b33, 
    0x41d5180e, 0x2267910f, 0x52642c01, 0x6f1905eb, 0x2f2009cb, 0x0841f318, 0x3520c88f, 0xfe19ec89, 0xde180b64, 0x6c901628, 0x2105db43, 0xc782f401, 
    0x00002522, 0x08d30f19, 0x69052448, 0x02190605, 0x56420986, 0x1cad420d, 0x2509bf5e, 0x001f0013, 0x45593700, 0x15042705, 0x031d012b, 0x181b1323, 
    0xa2891ad1, 0x64580225, 0x19040064, 0x2908e341, 0x00070003, 0x002b0011, 0x9d842100, 0x2b33352b, 0x35233501, 0x2315023b, 0xc0211937, 0x87611a08, 
    0xd89a1908, 0x10024119, 0x240c3f65, 0x2300bc02, 0x6f291900, 0x06ca4808, 0x33216682, 0x2b9a183d, 0x1d232208, 0x13bb4301, 0x5410e84a, 0x0d1909e3, 
    0x1f2209cf, 0x9d420000, 0x050a4405, 0xa419058a, 0x37450d8a, 0x07474316, 0x42f40121, 0x00210677, 0x058c4d37, 0x0221a184, 0x06095d3b, 0x15012b24, 
    0x87181533, 0x3543073f, 0x10006e13, 0xd0186420, 0x05200aef, 0x08296d19, 0x39001d23, 0xab101900, 0x33012209, 0x059a5015, 0x8b592120, 0x1523210c, 
    0x21077a4f, 0x617e3335, 0x821d2005, 0x47232029, 0x7c850559, 0x6b0d5d5a, 0x8f410e2b, 0x00642214, 0x97f21809, 0x092b5008, 0x1f001b29, 0x3f002300, 
    0x50010000, 0x2b210c33, 0xc7091901, 0x1899a607, 0x920d4988, 0x8e12929d, 0x0a3743a6, 0x0aa1b219, 0x61443320, 0x023b2109, 0x43066058, 0xa3182f95, 
    0x09210ccb, 0xb7861800, 0x35012508, 0x3301013b, 0xac7a5482, 0x05d96806, 0x21078568, 0xa3182335, 0x6e180bca, 0x76181166, 0x9c1818d9, 0x012308b7, 
    0x182003f4, 0x20082fb7, 0x214d8233, 0x435d1d23, 0x82152005, 0x022b2170, 0x2005d34b, 0x05c34602, 0x470dac42, 0x17762085, 0xff002805, 0x02f40138, 
    0x7e2900bc, 0x152007d9, 0xcf82b382, 0x2005bc5f, 0xd5ec1935, 0x09ef6009, 0x35233522, 0x0756d318, 0x1bef8a18, 0x15815118, 0x570db141, 0xfe210657, 
    0x208384d4, 0x2085870b, 0x08a35325, 0x47180120, 0x12830863, 0x08621c19, 0x2f4282a4, 0x17bd430e, 0x09437f19, 0x13000d25, 0x71001900, 0x012109d5, 
    0x05e85a23, 0x18053521, 0x190a3bfd, 0x452d5122, 0x7a470d9b, 0x099f4d08, 0x1d000d22, 0xed18f582, 0x2b2107e5, 0x20d98202, 0x05394805, 0x1889c919, 
    0x910e0470, 0x7ae98462, 0x84220877, 0xdf442500, 0x023b2106, 0x7a0ac97a, 0x766a0525, 0x0c677419, 0x0020b888, 0x21089f48, 0x5782f401, 0x71002d21, 
    0x06200537, 0x19062941, 0x190fe244, 0x871a0527, 0x03411852, 0x191d8b15, 0x2210a381, 0x49000027, 0xfa550607, 0x23012907, 0x3523021d, 0x33013d23, 
    0x20082c58, 0x4bff1a3d, 0x1c194710, 0x02000023, 0x25008200, 0xbc025802, 0xf74a2900, 0x291c1a05, 0x096b4308, 0x3d226683, 0x19843306, 0x19013d21, 
    0x19150233, 0x1916202d, 0x8209cb3c, 0x1b052066, 0x200c9322, 0x91221b25, 0x023d2112, 0x25055144, 0x23152315, 0x211b3537, 0x0c201242, 0xc8205085, 
    0x4811176e, 0xc82010cb, 0x2206b948, 0x82010000, 0x84902002, 0x821720e3, 0x1d332409, 0x19022b02, 0x24085f90, 0x15033b35, 0x0d244333, 0x820c3141, 
    0x3bff18b6, 0x93351a07, 0x002d2208, 0x3bfe193b, 0x05765c14, 0x2b352728, 0x013b3502, 0x4a4a3335, 0x19032005, 0x44228f74, 0x6a180d1e, 0xfa6f106a, 
    0x198c8208, 0x20095f5a, 0xd5ca1807, 0x23212109, 0x1b051248, 0x6c07bf02, 0xd81a13ed, 0xe96c08fe, 0x0f9a4715, 0x192c0121, 0x20089384, 0x053f7b02, 
    0x5d9f7719, 0x2009af4c, 0x08776429, 0x2df38019, 0x410cb641, 0x476f0d51, 0x0084220a, 0x871d1b2f, 0x82042058, 0x01002267, 0x068361f4, 0x257c1b20, 
    0x022b2108, 0x1a053a46, 0x580884ef, 0x66180858, 0x6c181119, 0x9f7f1477, 0x081b4b09, 0x1533052a, 0x023d012b, 0x23011d23, 0x0765b618, 0x61023d21, 
    0xad64062c, 0x18bd740c, 0x20056b4a, 0x05ff4303, 0x1321b382, 0x23b18400, 0x23153301, 0x2b230184, 0x823b3501, 0x05395261, 0x0a647e19, 0x0e9f7f19, 
    0xc789b084, 0x21062364, 0xc71964c8, 0xbc200a3b, 0x20053357, 0x43d31a1d, 0x00022117, 0x01212d82, 0x20db8290, 0xb70b190f, 0x27052209, 0x18308433, 
    0x562153c8, 0x00210643, 0x05ef4e00, 0x84184383, 0x458708f7, 0xfc6a4c87, 0x1a2d4208, 0x190d3b42, 0x200e9f1e, 0x7d92191d, 0x011d2508, 0x33013d23, 
    0x8a083f68, 0x07606b61, 0x061963a6, 0xbc2208bf, 0xbd691100, 0x06315106, 0x7c635d89, 0x46539808, 0x034105a3, 0x86212008, 0x230623a7, 0x9a82053d, 
    0x09415091, 0x98aa8405, 0x0d094153, 0x2505674e, 0xbc025802, 0xed730f00, 0x41012005, 0x252305a2, 0x57041d33, 0x3d2d066c, 0x23350103, 0x013b043d, 
    0x0123061d, 0x558b18f4, 0x8d171b07, 0x7e8b1820, 0x0ed34e10, 0x22056f47, 0x49152302, 0x1d20060f, 0x08a3361b, 0x11842720, 0x7d410120, 0x09b37e0c, 
    0xc418d9a6, 0x9020087f, 0x1a07cb4c, 0x2311b395, 0x3d333533, 0x79826683, 0x180a6347, 0x411d0bcc, 0x2b200e93, 0x21083748, 0xb784053d, 0x3f19ce98, 
    0x639d0c02, 0x470ea341, 0x0f2009cf, 0x09d35718, 0x3325052f, 0x1533021d, 0x3d233533, 0x1d013b02, 0x05394406, 0x22054341, 0x41013d23, 0x811809a8, 
    0x6d6f08c6, 0x89678d11, 0x095b450d, 0x00bc0227, 0x11000017, 0x99aa1933, 0x184c5208, 0x04203382, 0xaf430382, 0x9b921805, 0x13931807, 0x2718190d, 
    0x0cb54625, 0x0e7b2119, 0x8f84f420, 0x00002723, 0xd5021921, 0x11404a14, 0x3f50e198, 0x73801a09, 0x0002224d, 0x053d65c8, 0x0009002c, 0x1300000d, 
    0x23031d33, 0xdb18023d, 0x54450882, 0x6caa8208, 0x582008c7, 0x13222b82, 0x9d6b1700, 0x202f8405, 0x18368527, 0x45071fc9, 0x3c64062f, 0x10af5b05, 
    0x4b08ab79, 0x4f8507ff, 0x21001d26, 0x29002500, 0x08572119, 0x06865386, 0x19f44f1a, 0xc1486596, 0x06ef4c0e, 0xf4215d82, 0x276f8302, 0x00230019, 
    0x11000027, 0x0120b885, 0x4c450683, 0x88022006, 0x23152178, 0x8e07c450, 0x16b74163, 0x47466383, 0x00582407, 0x8219000f, 0x4558926d, 0x8b720947, 
    0x0e4f790a, 0x0d20a788, 0x083ba218, 0x84079741, 0x18ab8e9e, 0x1808b742, 0x790aec70, 0x835113ac, 0x84042009, 0x025825ac, 0x00090058, 0xad466383, 
    0x20638705, 0x45b68225, 0x0225074d, 0x3d233501, 0x05925403, 0x23031d22, 0x1905a74a, 0x180db443, 0x880dea43, 0x4f6420ca, 0xab790c77, 0x20738408, 
    0x05eb411f, 0x82067f41, 0x82dd196f, 0xcd3b190e, 0x33272109, 0x45098741, 0x72880955, 0x840c7e43, 0x64c8217a, 0x086bde18, 0xf4019024, 0xa7421500, 
    0x41609806, 0xce1809cd, 0xdb5a15f5, 0x00582308, 0xb7860009, 0x42330121, 0x569807f7, 0xb7822520, 0x830f4345, 0x41b99d0f, 0xe0180b97, 0x6b8408dd, 
    0xfc4c2520, 0x4b352005, 0x1d220567, 0x9c192b03, 0x332308a0, 0x73352335, 0x4745075e, 0x5e118311, 0x30410bf2, 0x64642111, 0x00231383, 0x70000100, 
    0xbc2205db, 0x4a1b1100, 0x012208e7, 0xaa18053d, 0x1b471312, 0xf4012307, 0xcd190900, 0x2f190c5f, 0x296b1651, 0xbb861a14, 0x19012010, 0x41153106, 
    0x2e190831, 0x2a450c19, 0x02002210, 0x21008200, 0x9382f401, 0xa2181720, 0xd66c087f, 0x3d232406, 0x42013303, 0x1d2205c5, 0xe35e2303, 0x0990180e, 
    0x0d246c11, 0x88185789, 0xfa510a9f, 0x7e3b2008, 0x3d2106c1, 0x10a05b03, 0xe769a290, 0x41ab830f, 0xce190d3f, 0x64242f9f, 0x5802f401, 0x20067361, 
    0x6b4e1a23, 0x0e436710, 0x190b3f5b, 0x870af311, 0x5333203f, 0x022106a2, 0x08ee5123, 0x1592341a, 0x2108b375, 0x7f8b0000, 0xfa1a3f84, 0xb15c1ca3, 
    0x092f6e0a, 0xb761bf82, 0x089a5808, 0x1d330224, 0x57723302, 0x0e0a4211, 0x21089b76, 0xcf45bc02, 0x07394c05, 0x20050056, 0x05995523, 0x0c0b351b, 
    0x4f19538d, 0xb441126c, 0x05b7440f, 0x276be785, 0x35411a05, 0x3501210b, 0x1ab3851a, 0x19093d41, 0x20087f41, 0x09c36f58, 0x2267fa1a, 0x200dab43, 
    0x0caf6c00, 0x412c8373, 0xfb1a06a7, 0xec522b57, 0x07f11905, 0x20438b0a, 0x05665911, 0x3d022b23, 0x08724101, 0xa8193320, 0xa44107b5, 0x7e491907, 
    0x0000210d, 0x0973411a, 0x14191920, 0x152408b7, 0x012b3523, 0x20057742, 0x05595f35, 0x18023b21, 0x600f384d, 0xa843081a, 0x1ac8200b, 0x20109f87, 
    0x51811a13, 0x2857820b, 0x022b3533, 0x013d2315, 0x1dc61833, 0x0fe94512, 0x0817b818, 0x5802c826, 0x0d00f401, 0x8505bb47, 0x2b152597, 0x013b3501, 
    0x2321a582, 0x99871a3d, 0x069e410e, 0x200b9442, 0x23008200, 0x00000002, 0x9784478a, 0x08674a18, 0x811a2120, 0xd886133d, 0x2f41488e, 0x44212009, 
    0x232306cf, 0x5c013b15, 0x4c1a06d6, 0x37410ae7, 0x12a97b05, 0x430af55a, 0xcb6e0a79, 0xc74e180f, 0x05895907, 0x4408ff70, 0x6b860a05, 0x19173321, 
    0x180ca218, 0x6208dcfa, 0x326a1429, 0x0af34105, 0x2544c387, 0x8223200b, 0x1abd836d, 0x20097d4f, 0xb1791923, 0x55c3931a, 0xeb5f09cf, 0x84c18508, 
    0x445b8359, 0x3d200604, 0x1b085144, 0x70114938, 0x8e1a1dc1, 0x022409a3, 0x00580258, 0x52098b41, 0x2321051b, 0x11c24235, 0x44350121, 0x594605bb, 
    0xfe642111, 0x16c4f71a, 0x1f430020, 0x411d200b, 0x514506ef, 0x8401200c, 0x353325d2, 0x013b3533, 0x09e9cc18, 0x46118b4a, 0x2c4105bc, 0x0c734513, 
    0xe7501b20, 0x23042306, 0x8243013d, 0x4b7c1a0f, 0x64642111, 0x0f71d819, 0x450dcf5b, 0xcf5b051f, 0x23152108, 0x0c137c1a, 0x0c1b0120, 0x6277131c, 
    0x1ba28214, 0x1a1cdb11, 0x180c9b69, 0xa70fb9b9, 0x421520f3, 0x2a600577, 0x06e2720c, 0x180e6046, 0x570795b9, 0x47410df9, 0x053b4e06, 0x09d96c19, 
    0x2b153327, 0x35333504, 0x083d4733, 0x18227846, 0x460d5487, 0xe3440f7b, 0x06af410b, 0x82331521, 0x5b2b20bd, 0x3245064d, 0x43352008, 0xa68d0537, 
    0xb4414d82, 0x0c674211, 0x03421720, 0x073b6f05, 0x22063445, 0x85023b35, 0xf2bc184f, 0x00471813, 0x0c7f4f09, 0x2209ab44, 0x1823001f, 0x4108c5e4, 
    0xea580567, 0x08a54405, 0x0f821520, 0x0f534018, 0x4108a172, 0x5b8913c2, 0xfa1a1b20, 0x5b8d103b, 0x18a8bd18, 0x7383b593, 0x12190020, 0x0b200923, 
    0x08ebb819, 0x46153321, 0x491a0ad7, 0x332308a5, 0x1a012b35, 0x420b130e, 0x57180f29, 0xd5190e52, 0x002108c7, 0x05274200, 0x28051b43, 0x023b1523, 
    0x3d23041d, 0x0d724303, 0x180de847, 0x180fd785, 0x210d27d4, 0xcb7abc02, 0x211b1908, 0x642b2009, 0xc918067c, 0x7f5211c0, 0x0c2f5112, 0x01259788, 
    0x1d33033d, 0x0d5a4204, 0x0120978e, 0x9211d044, 0x0cb5444b, 0x043d0225, 0x18031d33, 0x951226c2, 0x1023484b, 0x200cab43, 0xd7631a02, 0xeb191930, 
    0x001b260b, 0x1d330100, 0x1ae18d02, 0x44133881, 0x002013ec, 0x2406074a, 0xbc025802, 0x05fd5000, 0x25582120, 0x056f4a09, 0x1b08b34a, 0x1910113f, 
    0x420d37a7, 0x4b1a0e3a, 0x5f880c9b, 0x13205d98, 0x096fe918, 0x6a088e41, 0x5c950a2d, 0x09b32b19, 0x2307c34a, 0x25000023, 0x4a093962, 0x37200ac5, 
    0x158ad519, 0x0da19818, 0x7708b043, 0xf42608d7, 0x17002003, 0x58182f00, 0x3b2108b1, 0x8c831a02, 0x3301220c, 0x63831a1d, 0x3502220c, 0x05d94f33, 
    0x480ffa78, 0xca8c0ab4, 0x850e2f42, 0x64002477, 0x1a02f401, 0x1a4f5b4a, 0x245b0f4b, 0x01000001, 0x20b3822c, 0x05634f58, 0xb34d1520, 0x1a042005, 
    0x4510284c, 0x137b0607, 0x00902208, 0x20318303, 0x05b14137, 0x3b352325, 0x742b1504, 0x741809a9, 0x00240c5e, 0x00c80001, 0x20058f47, 0xebcd1811, 
    0x67232008, 0x5f1b056e, 0x7a520869, 0x0973470b, 0x40182c20, 0x042008d7, 0x4510034e, 0x63820c99, 0x3325c78d, 0x2b153315, 0x97081b04, 0x20c79611, 
    0x086a4625, 0x081b4f19, 0x820ea265, 0x4cc78c94, 0x136f0766, 0x06e94606, 0x900c2142, 0x821120c7, 0x023d2195, 0x20057842, 0x06066c35, 0x5366318e, 
    0x412b2009, 0x1521092b, 0x717d1a23, 0x076f4108, 0x09543019, 0x42116145, 0xd91809c1, 0x034b1423, 0x470f200a, 0x451a056f, 0x332309ac, 0x8225013d, 
    0x231526a4, 0x3d23021d, 0x4b591902, 0x08137e0a, 0x8f162354, 0xe38b1ab7, 0x022b2315, 0xaf823b35, 0x1a71471a, 0x08619718, 0x1274cf18, 0x69506399, 
    0x2563b912, 0x58026400, 0x114e5802, 0xe95c1805, 0x2ba01807, 0x3335210a, 0x10d0d418, 0x4a0c8a42, 0xf7680c87, 0x0dcb4106, 0x410d8f46, 0x33210511, 
    0xed7e1a35, 0x1b134119, 0x00000229, 0xf401bc02, 0x18008403, 0x181ecf42, 0x200ae349, 0x17451a01, 0x001d2408, 0x41330100, 0x2b2007fd, 0x08742a19, 
    0x3b211282, 0x795b1801, 0x11f94110, 0x0ce7dc18, 0x15001128, 0x00002300, 0x43443313, 0x4313200b, 0xbd470c57, 0x100b590e, 0x41a8fd21, 0x0320083c, 
    0x89081761, 0x0ad34357, 0x77441120, 0xcb481819, 0x4b578612, 0x46180dcb, 0x332108c7, 0x21f98615, 0x9e18013b, 0x9d1a07ab, 0xe7411687, 0x214f830e, 
    0x73520002, 0x4e518209, 0xbe6e08b3, 0xb3a81805, 0x33172108, 0xff905a83, 0x1d82508c, 0x093f421a, 0x1b005824, 0xa94f0000, 0x15032106, 0x0bb15d1a, 
    0x8a15dc65, 0x0aaf4c49, 0x33224385, 0x83713315, 0x23032305, 0x5b72031d, 0x53352005, 0x858c0b89, 0x1003661a, 0x1520438a, 0x5d1ad583, 0x012009db, 
    0x4618cf90, 0x4c1a0c69, 0xeb480c23, 0x099b5105, 0xd6583d20, 0x23352305, 0x58193335, 0x144b080b, 0x0cd34918, 0x0be38f1a, 0x67086f4a, 0x296e05d8, 
    0x4a999009, 0x6b421275, 0x41072008, 0xbc2006c3, 0x23060b53, 0x0013000f, 0x8308977d, 0x35312353, 0xc5681533, 0x26078205, 0x3b023d02, 0x1a011d02, 
    0x21096671, 0x6d836464, 0x0c6d9118, 0x200dc86d, 0x1a5f9005, 0x210a8719, 0x5b84013d, 0x35013b22, 0x08ea601a, 0x82013d21, 0x46022060, 0x4418051f, 
    0xd5900c6c, 0x0f33451a, 0x09535782, 0x013b2506, 0x022b021d, 0x0d4ac918, 0x7205f44e, 0x1c41127e, 0x0bdb4212, 0x0d41bc20, 0xa91d1b05, 0x1d232208, 
    0x245a8201, 0x15013b02, 0x2e541833, 0x03332108, 0x119fb918, 0x64646422, 0x21120265, 0xd36870fe, 0x9cff2506, 0x5802f401, 0x2008414d, 0xa0641a2b, 
    0x20a9830a, 0x07c14523, 0x1968af19, 0x830eb842, 0x000126b3, 0x029cff64, 0x1b578558, 0x1910d75e, 0x23087299, 0x022b3502, 0x440c0343, 0xe9440c35, 
    0x1127540d, 0x54088753, 0x651a0d28, 0xd95314a3, 0x0e534c12, 0x20122754, 0x05e15201, 0x6e262854, 0x5d6f0c87, 0x604a1b0d, 0xbe8b1a16, 0x1e3b4819, 
    0x08bb7518, 0x8f6a9c20, 0x0ff96e06, 0x3a530120, 0x40f21905, 0xbf651a08, 0x2da11a09, 0x1db2191a, 0x0e795012, 0x181a0020, 0x651a090f, 0x4f4b41bf, 
    0x1a4b8609, 0x190e2757, 0x5808a874, 0xc8210fae, 0x2f1a1a64, 0x5e93900c, 0x8d56086f, 0x066d5005, 0x244fa01a, 0x23440420, 0x000d2408, 0x55150011, 
    0x418506ef, 0x56352321, 0xa6870583, 0x0d88c518, 0x840d6c64, 0x0c4b59a2, 0x4905bf45, 0x15200c21, 0x10124519, 0x0f065118, 0x59070b76, 0xbf45084f, 
    0x13314d05, 0x530cc04a, 0xd3461295, 0x5f751a13, 0x023b2608, 0x15022b35, 0x106e4c23, 0xbb478f90, 0x0cd7460d, 0xfc6c2b20, 0x33352305, 0x4a7c021d, 
    0x14cd530a, 0x47052f45, 0x132009b3, 0x49066547, 0x2b270991, 0x3b023d01, 0x83331701, 0x0ffe4196, 0x560cdd46, 0x01250b4f, 0x005802f4, 0x204b8303, 
    0x21cb8325, 0x846a023d, 0x33352505, 0x023b013d, 0x1ff3491a, 0x21087366, 0x47829cff, 0x1700bc22, 0x4805395a, 0x2b250849, 0x35233502, 0x20dd8233, 
    0x1a4e8201, 0x460dad49, 0xda66120f, 0xa086190e, 0x094f680c, 0x270b8f4a, 0x2b021d33, 0x33023d04, 0x03236586, 0x823b1523, 0x1a3d2071, 0x630e3692, 
    0x83542005, 0x6e1f200c, 0x15200ba9, 0x1520618d, 0x13206982, 0x6e6a0382, 0x56431805, 0x19525d0f, 0x7605e25f, 0x1f240d2f, 0x27002300, 0x61826b95, 
    0x22055742, 0x82233513, 0x15232208, 0x152c5801, 0x01646423, 0x11df522c, 0x8e094f60, 0x0e7d48d7, 0x094b4b1a, 0x08b84d18, 0x12336919, 0x14d0c218, 
    0x4709df65, 0x9753076b, 0x199d4107, 0x23453b41, 0x02580264, 0x2005eb48, 0x234c1813, 0x1a352007, 0x270c01a1, 0x3b033d05, 0x032b1504, 0x85085e61, 
    0x0c3f61c0, 0x83127b42, 0x4c0320c7, 0xbc20065b, 0x0a5f5e18, 0x042b042f, 0x3d033b35, 0x1d332702, 0x35022b02, 0xca2c1933, 0x05d0180a, 0x162d5811, 
    0x0d732f1a, 0xf369f420, 0xaf771a05, 0x031d221b, 0x13c34233, 0x5512ea48, 0xf74d0877, 0x4b212007, 0x35200679, 0x200ca84d, 0x57451801, 0x12974709, 
    0x47646421, 0x11830fe8, 0x22094359, 0x481100bc, 0x232308e9, 0x8223031d, 0x3335239b, 0xa5823325, 0x1809625e, 0x200808f9, 0x163042d4, 0x2008295b, 
    0x5f841900, 0x6b202008, 0x152107bb, 0x374b1833, 0x0cf35e09, 0x4e05574e, 0x4618215d, 0x1f4b1098, 0x09af4808, 0x21001d22, 0x20098576, 0x26a85901, 
    0x1813bd54, 0x41083b6f, 0x55840573, 0x210df557, 0x5f831d01, 0x6b352321, 0x3b2105bf, 0x660f1901, 0x0eff4913, 0xaf435484, 0x58022407, 0x8700f401, 
    0x190220af, 0x2109f4f3, 0x0b821523, 0x2205956e, 0x5b153335, 0xfe211416, 0x122c76d4, 0x4d64c821, 0x1b1a0a57, 0x01200c57, 0x08cf5c19, 0x8c10c646, 
    0x0a0f4da0, 0x21611320, 0x08604206, 0x2006e871, 0x0ed15c35, 0x4e0c617c, 0x2744081f, 0x1b212005, 0x2011c961, 0x05334123, 0x2a735919, 0x0a23ca19, 
    0xbc029024, 0x97820b00, 0xa7421d20, 0x4efa1905, 0x07352a08, 0x33043d23, 0x3513031d, 0x20138233, 0x33511b35, 0x1864200a, 0x18083973, 0x180e0e49, 
    0x1908a941, 0x820c5b0e, 0x0007285f, 0x001b0015, 0x182b0021, 0x74088344, 0x332206b7, 0xb06f041d, 0x84372005, 0x1905825f, 0x1810134a, 0x4a138040, 
    0x23440d25, 0x83272011, 0x35032667, 0x013d033b, 0x1906892b, 0x602bbfb3, 0x03240ae3, 0x00290084, 0x20059766, 0x054b7a08, 0x19230121, 0x200872a1, 
    0x20618202, 0x21688202, 0x2c7e1135, 0x86711816, 0x83b48d09, 0x05a5470d, 0x00020022, 0x01240082, 0x00bc02f4, 0x25064d73, 0x33152315, 0xa11a031d, 
    0x15220939, 0xb95c1d23, 0x3d232206, 0x05a37c03, 0x33013d23, 0x1977822b, 0x48170911, 0x7a900e0e, 0x190a2777, 0x480b53b0, 0x1d220511, 0xd6823b01, 
    0xd0842320, 0x5b1b0582, 0x52180e53, 0x5b671b89, 0x00bc2109, 0x8205af78, 0x1a37205d, 0x260a9d6a, 0x013d012b, 0x74371533, 0x02230725, 0x561d043b, 
    0xef4e053d, 0x387a180c, 0xaf101915, 0xbc022b0b, 0x0b000700, 0x1f001b00, 0x53422700, 0x23252308, 0x60823335, 0x15330227, 0x2b15033b, 0x23698403, 
    0x3b35012b, 0x08d54218, 0x780a4e65, 0xda4613ed, 0x0b551805, 0x00842209, 0x086b4331, 0xa3193320, 0x022b0875, 0x3d23011d, 0x23353303, 0x833d2315, 
    0x3d01216a, 0x0835eb18, 0x410e6c70, 0x4a750975, 0x0f0b7614, 0x00f40123, 0x2f5d1b09, 0x8525200c, 0x82032060, 0x1a2520cb, 0x680e5d60, 0x795f0bd1, 
    0x19c78210, 0x410ceb95, 0x7c190827, 0x2b2c0cff, 0x033b3503, 0x021d3335, 0x33352303, 0xc6570c83, 0x1032420d, 0x0c12611a, 0x0ac78d18, 0x29002522, 
    0x20082741, 0x05b67715, 0x08fe5f19, 0x44013b21, 0x022a05e0, 0x3d33013d, 0x23351101, 0xb9191115, 0x284113f7, 0xa8fd2320, 0x4b196464, 0x0020086f, 
    0x20055772, 0x47571909, 0x1503210a, 0x37bb821a, 0x20091b4b, 0x976c1b17, 0xe6b71908, 0x0a37431a, 0x00002325, 0x1a043d25, 0x8933b3a7, 0x20438273, 
    0x33901a01, 0xe8e21a09, 0x0adf412a, 0x5cb3ae19, 0x20436118, 0x2009bb44, 0x050d5e13, 0x0862be18, 0xfa412320, 0x35012205, 0x1a557e37, 0x200a4c5b, 
    0x3ffc19c8, 0x05635008, 0x01224f9a, 0x4f18023d, 0x6a180c20, 0xcb4312e5, 0x00642205, 0xd7581801, 0xff002a50, 0x03f40138, 0x001d0020, 0x37671b00, 
    0x098f4e3e, 0x37f35518, 0x2014065f, 0x05535000, 0xf4019022, 0x23068345, 0x37000017, 0x1b05997d, 0x180f0359, 0x4b0854b4, 0x4b5011d5, 0x20478308, 
    0x1a41840f, 0x900cc725, 0x275a1931, 0xbc022308, 0x45591500, 0x021d2205, 0x74028323, 0x0226051c, 0x03013d33, 0x88843523, 0x6b07f14a, 0x1f4d13d2, 
    0x00002b06, 0x00000700, 0xf4019cff, 0x4f848403, 0x27002322, 0x092f1819, 0x2e1a5998, 0x33200718, 0x0c6a4e1a, 0x18350121, 0x90098bee, 0x14d046b8, 
    0x180cfe21, 0x190cee47, 0x8708634d, 0x4827208f, 0xe18f0611, 0x52182720, 0x11200d7a, 0xe54bf093, 0x21988b16, 0x2482a8fd, 0x00820020, 0x574d0620, 
    0x0acb4105, 0x23001d25, 0x19250000, 0x1a0adc73, 0x200a9d27, 0x22e78225, 0x82032b15, 0xf4012105, 0x18063264, 0x940ae459, 0x186420f9, 0x200bef58, 
    0x05e74b17, 0x0b41581b, 0x0989b318, 0x4d582720, 0x19012006, 0x180c6892, 0x4611167f, 0x411808d7, 0x132b095f, 0x33110000, 0x033b031d, 0x19042b15, 
    0x18094348, 0x570c286d, 0xeb8209eb, 0xd1601920, 0x3b152209, 0x06ce6402, 0x15d69a19, 0x820a4144, 0x82002042, 0x9cff2373, 0x4382f401, 0x43851b20, 
    0x2008e55a, 0x06fc4b02, 0x013d2322, 0x44090c42, 0x49430839, 0x273a820d, 0xd4fe0000, 0x90019001, 0x2305b56f, 0x041d2315, 0x21054c61, 0x6e19013d, 
    0x31190876, 0x11530f48, 0x05c0410d, 0xc8000122, 0x2c2d8f82, 0x13002003, 0x33130000, 0x3d23081d, 0x67601807, 0x202b821e, 0x654f191f, 0x0aff5e08, 
    0x530d715e, 0x06651029, 0x8b4e180c, 0x20778407, 0x844d8327, 0x85272079, 0x8b661880, 0x4e00202b, 0x2b200b73, 0x2008375c, 0x5a98821d, 0x02230556, 
    0x83333523, 0x3303229a, 0x949f1a3d, 0x148d690c, 0x410d5548, 0x775d09f3, 0x1b132005, 0x19096f23, 0x4212d8ba, 0x5f4d0abe, 0x0c476a0c, 0xf4010022, 
    0x11204b82, 0x1808d76b, 0x190bce59, 0x571b8f40, 0x024f0dfa, 0x087b7708, 0x0b00582c, 0x1f001700, 0x3d250000, 0xfc823303, 0xc2190686, 0x5a1809c6, 
    0xe98d0fef, 0x4b1a6420, 0xa3840cf7, 0xf7681320, 0x19152008, 0x180e2fcc, 0x940c6573, 0x646422ea, 0x33541800, 0x84032109, 0x2708a342, 0x23152308, 
    0x083d3335, 0x4a08a143, 0x00201678, 0x07436118, 0x37203b84, 0x20056d42, 0x233d881d, 0x23153327, 0xac450d89, 0x9083180c, 0xa7ea1828, 0x089f6810, 
    0x4e021d21, 0x1d2006fe, 0x085a5118, 0x22094e5a, 0x7f33023d, 0x789a1554, 0x410cfe21, 0x0320050f, 0x08139218, 0x37003324, 0xd5863b00, 0xcc830320, 
    0x18410320, 0x23022105, 0x03237387, 0x4d333523, 0x7182054b, 0xd418ef83, 0x01461267, 0x16444107, 0x840fe141, 0x25838486, 0x84035802, 0x40182500, 
    0x02220845, 0x7687022b, 0x056c0420, 0x3315210c, 0x79849c83, 0x200d7f44, 0x19554564, 0x01227583, 0xf38c64f4, 0x27226f84, 0x93462b00, 0x186f8907, 
    0x6c0b7ac0, 0x73990579, 0x17fd8118, 0x850a2345, 0x00022475, 0x8438ff00, 0x24718673, 0x021d2315, 0xd1731a3b, 0x2ed54107, 0x481ad741, 0x00210509, 
    0xeb711a00, 0x180b200d, 0x2009375b, 0x06da7413, 0x20062250, 0x22a982c8, 0x9164f401, 0x4d5c182f, 0x495c180b, 0x2c2c820b, 0x00006464, 0x00c80002, 
    0x022c0164, 0x22398258, 0x59000007, 0x2982076e, 0xc8646422, 0x1906b843, 0x1809037a, 0x1a08a35c, 0x181f3b30, 0x20081e60, 0x20008200, 0x086f6502, 
    0x0f000325, 0x82130000, 0x4b1720b9, 0xd9440817, 0x58022109, 0x64217182, 0x82f38f00, 0x206d8331, 0x20358211, 0x0bd14e07, 0x481b3885, 0x3782084c, 
    0x03820520, 0x87057365, 0x181b20a7, 0x200d675c, 0x20438225, 0x09596705, 0x4407b644, 0xbb880ebe, 0x4f410882, 0x82bc2008, 0x00152209, 0x05214119, 
    0x1161351a, 0xf5180320, 0x3c82105d, 0xd6189b82, 0x00200af1, 0x08bb6d18, 0x681bf420, 0xaf662e9b, 0x8f501906, 0xe9fc1807, 0x23352208, 0x307a1815, 
    0x080f480d, 0x82088355, 0x520d2033, 0xd74805db, 0x1825200b, 0x1808a04b, 0x20084286, 0xa3331a3d, 0x0b295009, 0x460ef067, 0xbf4b091b, 0x77092009, 
    0x232409db, 0x01353335, 0x09d55418, 0x88230121, 0x72538755, 0x77610d8e, 0x07f77f08, 0x6d191720, 0x15200897, 0x0c7f7619, 0x0db2b419, 0x540ecf56, 
    0xbc2008a3, 0x2307f946, 0x15231533, 0x4805a46e, 0x352507b0, 0x3315013b, 0xdf221a35, 0x5b4a8e11, 0xc820092b, 0x1b0b4b47, 0x190f456a, 0x180f86f7, 
    0x410cbb4a, 0xd34d07f2, 0x9c002008, 0x6911204b, 0x621815e9, 0xc64a0b31, 0x57721805, 0x3301210e, 0x2105645b, 0xda821523, 0x450c9a53, 0xf0960566, 
    0x4e185784, 0xef471551, 0x5bd1190a, 0x86f98f08, 0x9a2720ad, 0x090c41b4, 0x2108be47, 0x9c1a0cfe, 0x5318084b, 0x2b19096b, 0x831809a5, 0x98640d4c, 
    0x3b35230b, 0x0f821504, 0x1fd06119, 0xa342688c, 0x09236009, 0x2005cb52, 0x053a6301, 0x77614d82, 0x06c65608, 0x1c603520, 0x1c374109, 0x181a9566, 
    0x280aeb53, 0x01f40164, 0x001900f4, 0xb10a1a1d, 0xe3861a0c, 0x25088308, 0x3335013b, 0x76822305, 0x914bfb82, 0x15481811, 0xa3c21a18, 0x05034210, 
    0x4748d784, 0x571d2005, 0x27190699, 0x7c190dad, 0xd85c0e7a, 0x0da77d1e, 0x25001922, 0x09f7e819, 0x09f8c018, 0x099fba1a, 0x42333521, 0x7a820615, 
    0x0b613b20, 0x100d4c05, 0x4110ed60, 0x198308b2, 0x640cfe23, 0xcb831b64, 0x0058220e, 0x934b182b, 0xe55f180a, 0x087b6d0d, 0x0d8af284, 0x42195141, 
    0x5b410994, 0x64818c08, 0x03210cbc, 0x43008200, 0x292008ff, 0x133b4919, 0x47400743, 0x66180953, 0x7e18085b, 0x00190e6f, 0xac4616e9, 0x074e7a0e, 
    0x78066045, 0x0f240ae3, 0x19001300, 0x25059752, 0x15013b15, 0x2e46012b, 0x013b2105, 0x83059f68, 0x35032212, 0x11cf663b, 0x870b9166, 0x054f4655, 
    0x2005c744, 0x0aa5670f, 0xe7525389, 0x0668411a, 0x391a4b83, 0x0224081b, 0x000300bc, 0x51184987, 0x5544077b, 0x100e5706, 0x48083350, 0x9f4206eb, 
    0xcf6d180b, 0x07bb480a, 0x8b851320, 0xf3184d89, 0x3a19105b, 0x518809c8, 0x0d476a18, 0x1f001322, 0x09f1401a, 0x4f8c0120, 0x0b25391a, 0x820f054b, 
    0xbc02220f, 0x24539b64, 0x23153335, 0x42038201, 0x7a5b0d3f, 0x0aa24312, 0xc8204f8c, 0x08ef6518, 0x17000f24, 0x64180000, 0x0520078f, 0x20051949, 
    0xe81a1a27, 0x2c012216, 0x41028264, 0x00220558, 0xac1a0400, 0x7718084f, 0x00200733, 0x61499384, 0x1d8c1809, 0x0a301a0c, 0x2048890e, 0x20478802, 
    0x238b8313, 0x35032b25, 0x0a84791a, 0x1c672720, 0x4d5c1811, 0x05174a0b, 0xcf820020, 0x00200323, 0xa54d1819, 0x05ce4608, 0x68350421, 0x3521071b, 
    0x98531833, 0x4a671811, 0x0a6d4f0f, 0x640cfe23, 0x82df8764, 0x820b2057, 0x001b2297, 0x27861b27, 0x4303200f, 0xcf41165b, 0xcea91812, 0x19b21808, 
    0x08c34208, 0x23205f86, 0x09737c18, 0x88231521, 0x0b7d42ae, 0x86157f42, 0x0a1b47b5, 0x82069741, 0x00072157, 0x5982b983, 0x0cbba919, 0x200d8742, 
    0x06295a2c, 0x5e100259, 0x5c890ad4, 0x84205b87, 0x20061141, 0x37691833, 0x59641a09, 0x3325230f, 0xf3422315, 0x51421811, 0x14e0450d, 0x210e2b4e, 
    0xf884a8fd, 0x23092f41, 0x00130084, 0x770b2563, 0x152205a9, 0x00443533, 0x54eb1811, 0x0c9a4110, 0x62886888, 0x2010f341, 0x14f34129, 0x2008a16c, 
    0xc4c6193b, 0x875b8c0b, 0x0ec71a0c, 0x1b00200e, 0x200c3f2d, 0x08b1420d, 0x15013b22, 0x3b22c682, 0x66181101, 0xb1420afa, 0xf4012121, 0x096ea118, 
    0x1844fd21, 0x2309ef52, 0x00bc0290, 0x2d3f5b1a, 0x5305ef4c, 0x332005ef, 0x22062b49, 0x5515022b, 0x3522057a, 0x7219012b, 0xee690ab2, 0x0b6f4d16, 
    0x1b067542, 0x490d5589, 0x284325ec, 0x0ba34808, 0x0a735a18, 0x26067249, 0x3d231503, 0x6a353301, 0x87410894, 0x0e9d4b1c, 0x48180020, 0x2325102f, 
    0x00002f00, 0x0c174321, 0xb4a8ad86, 0x0ea8351a, 0xda19c820, 0x7519094b, 0x8a190863, 0x032408d1, 0x15043b35, 0x22056557, 0x49012b27, 0x332005bd, 
    0x0c8b5419, 0x1a08be52, 0x5d10c4ae, 0xdf560f74, 0x05d76006, 0x11000b25, 0x8d001700, 0x05e65667, 0x3b013d23, 0x578c1901, 0x5e718407, 0x45180ef8, 
    0x68440cde, 0x24661808, 0x3728190d, 0x07eb6009, 0x2d002727, 0x00003300, 0x0d394105, 0x0b655519, 0x08bf5618, 0xe6823720, 0x1ad4df18, 0x0c4d6718, 
    0xbe477f84, 0x18e6820d, 0x9c0ac757, 0x44f0a57f, 0x0d890d87, 0x19053652, 0x560e1237, 0x05200587, 0x08b75718, 0xcb4a1f20, 0x83352006, 0x05fa71fb, 
    0x43013b21, 0x68410525, 0x43152005, 0x03200743, 0x4623df41, 0x99770a88, 0x09e34313, 0x2005574e, 0x41878806, 0x2b2805e9, 0x37003100, 0x33250000, 
    0xb9437588, 0x056a420e, 0x18150242, 0x420d3058, 0x8d430f5d, 0x15784605, 0x0e2f6b1a, 0x00001523, 0x19818211, 0x2108e6a5, 0x7f183d23, 0x254b0be6, 
    0x0ebb7e0c, 0x1007791a, 0x0c856b18, 0x70273321, 0x331908a9, 0x2e4111b4, 0x565d8c06, 0xd7440ccb, 0x00232105, 0x4e0b7b68, 0x332005d8, 0x0dc38919, 
    0x32a5ca1a, 0x2705f752, 0x019cff64, 0x00200390, 0x2308c753, 0x041d3315, 0x0c2c8a19, 0x21056071, 0x3f1a043d, 0xf7411053, 0x0a794808, 0x18144446, 
    0x2c08c3fd, 0x2300bc02, 0x33110000, 0x3d013b15, 0x062a4601, 0x2205fb65, 0x4d012b35, 0x081b0ab3, 0xc71a10f6, 0x791811ed, 0xbf820c97, 0x00002522, 
    0x19050b50, 0x220ac427, 0x6123021d, 0x352206a6, 0x72833533, 0x96112448, 0x7a0020ba, 0x1b210c4b, 0x656d1900, 0x06535108, 0x01215882, 0x26528323, 
    0x013d3302, 0x19233513, 0x41100730, 0x60920807, 0x5e05c94a, 0x63620897, 0x33012107, 0x0b802819, 0x24058842, 0x23011d03, 0x2063823d, 0x09c84e02, 
    0x11d35618, 0x6c203b61, 0xb75e0967, 0x08c94e05, 0x2105195b, 0x6c8c012b, 0xd8863520, 0xd79c3520, 0x4e1c0350, 0xb51a055d, 0x0221092b, 0xa57b19bc, 
    0x18272008, 0x510bcd64, 0x5a190ca3, 0x754509db, 0x0e6b451d, 0x850eac79, 0x760620eb, 0x17240a43, 0x21001d00, 0x0d456518, 0x6d457789, 0x0e366426, 
    0x460c465d, 0xf7470d65, 0x001f330b, 0x043d3700, 0x23011d23, 0x043b023d, 0x3d23021d, 0xcf192301, 0x81181d4b, 0x6360095f, 0x1b2b2007, 0x1909574c, 
    0x4208400b, 0x2a190bd4, 0x1d2508b1, 0x33153301, 0x05444503, 0x43188564, 0x7d18159e, 0x5b48097a, 0x06df6006, 0x29001922, 0x18052147, 0x84079363, 
    0x330121ca, 0x3522c682, 0x7086013b, 0x22074342, 0x4233023d, 0x02480b31, 0x18779f0d, 0x68091859, 0x0a200537, 0x2008b361, 0xbfa11905, 0x00212308, 
    0x2b460027, 0x216e1806, 0x11144807, 0xbd470220, 0x42848d1a, 0x4f420846, 0x0cdb410e, 0x00223288, 0x939e0000, 0x799a0520, 0x8e1f6542, 0x136d4282, 
    0x64209695, 0x23058b46, 0xf401d4fe, 0x07534d19, 0x50331321, 0x184205e7, 0x055e4506, 0x69231521, 0x3d2608c0, 0x35012b02, 0x7118013b, 0x352009e1, 
    0x109e841a, 0x4d0d2841, 0xd54c0560, 0x22228b0e, 0x9464e0fc, 0x3b5b1887, 0x5b2d190d, 0x23152207, 0x1ece183d, 0x3533210a, 0x94868d84, 0x0ab78919, 
    0x87a08391, 0x1a055a51, 0x200df7c0, 0x05b04501, 0x013b1523, 0x83098215, 0x626f846c, 0x68890a0c, 0x720a8647, 0x19200d73, 0x4106b346, 0xf2530558, 
    0x0d77580a, 0x5f107772, 0x02220837, 0x3f530058, 0x68011909, 0x23152108, 0x0582fc85, 0x92825382, 0x09550e86, 0x16b34c11, 0x8510e355, 0x33112167, 
    0x9b1a6283, 0x2b21083d, 0x82b18c01, 0x86332075, 0x120f786b, 0x0cb9d618, 0x0c6e7e18, 0xcb610020, 0x00172509, 0x023d3700, 0x0c8fd319, 0x45163372, 
    0x6b5e058d, 0x189f8208, 0x18082764, 0x820dee94, 0x4d2320b3, 0xa74106b7, 0x101a4220, 0x0d879718, 0x3b440220, 0x206b9905, 0x0a1f4101, 0x20093655, 
    0x18b6192b, 0xb96a1808, 0x576d9c0d, 0x2320095b, 0x20081d6f, 0x8c491815, 0x012b2607, 0x3d23021d, 0x06e24202, 0x47333521, 0x1e4813b9, 0x05974912, 
    0x2205f764, 0x491b0020, 0x7d420831, 0x83232006, 0x23012354, 0x01823335, 0x23352324, 0x0f843301, 0x0121a58d, 0x0cb0742c, 0x1808946d, 0x4a081b5a, 
    0x09220557, 0x5f821100, 0x19250021, 0x210a230c, 0x676a011d, 0x11374913, 0x08874619, 0x8d07037d, 0x3b50184b, 0x82642026, 0x41002058, 0x27200943, 
    0x210fc349, 0xfe481d02, 0x19f48406, 0x41170ba6, 0x79421443, 0x2fa11b05, 0x001f2109, 0x02205d85, 0x09e38f18, 0x4405c646, 0x0221057a, 0x05bc7335, 
    0x5d92e991, 0x200c8f74, 0x05cb7aff, 0x15000b24, 0x63831d00, 0x19084d4e, 0x4109100b, 0xbe4d1154, 0x45748b0d, 0x088208e7, 0x08cb7f1a, 0x00580222, 
    0x68415f96, 0x0972470b, 0x89142c46, 0x196f8214, 0x250a6336, 0x00090084, 0x8e591300, 0xa08f1a05, 0x05524308, 0x4b0d6b72, 0xb37b0d5f, 0x35042405, 
    0x19013d33, 0x1a0b429e, 0x7a0f5685, 0x64212255, 0x5b511a64, 0x0855670a, 0x6506a741, 0x954a08fc, 0x012b2305, 0xab413b35, 0x1a944a19, 0x1b09b341, 
    0x24094309, 0x001f0017, 0x0a034f29, 0x83350221, 0x1503265e, 0x15331523, 0x8f831901, 0x091d4417, 0x18112b42, 0x190b82d9, 0x2108cf44, 0x67920058, 
    0x3b35022a, 0x33011d03, 0x023d0315, 0x0320e882, 0x0dafda19, 0x8d0dcc43, 0x3595180d, 0x0a3b650a, 0x2b00bc22, 0x0c17f818, 0x0b0a5f18, 0x15330522, 
    0x4a054378, 0x5a521215, 0x826a8d0e, 0xd34e185f, 0x00032209, 0xcd391919, 0x03311908, 0x085f4215, 0x55069b59, 0xeb5e141c, 0x225c8208, 0x8402f401, 
    0x821320b7, 0x023d21a0, 0x012b548a, 0x35231523, 0x23011d23, 0x1a33053d, 0x68115005, 0xb18d0c33, 0x82095b74, 0x4458205b, 0x032b05db, 0x043b043d, 
    0x1d032b15, 0x18033b02, 0x8e0f5470, 0x0eaf7a3d, 0x032b2527, 0x3d033b35, 0xf26d1a02, 0x09fb6a24, 0x0b005822, 0xaa0c0744, 0x0ca95080, 0x77670020, 
    0x00902708, 0x000d00c8, 0xf4451700, 0x013b2205, 0x8b771a15, 0x09eb440e, 0xf4013824, 0x7f8ff401, 0xb352c4a8, 0x62012011, 0x1b23084b, 0x1a250000, 
    0x44191fb7, 0x4b411170, 0x3301230e, 0xb51a041d, 0x76491621, 0x0c0f710a, 0x2405a346, 0x001f001b, 0x187b8223, 0x181020d2, 0x2307eb56, 0x37152301, 
    0x26869819, 0xd342a582, 0x195b8506, 0x8551dbe1, 0x00132257, 0x20b3871b, 0x84641b23, 0x2715230a, 0xa9823335, 0x3d152322, 0x18058f61, 0x5227096d, 
    0x0f200c6f, 0x1d20598b, 0x11256c1b, 0x33150222, 0x0f9c7318, 0x180ee542, 0x850fcbd9, 0xb7a719b3, 0x4776190e, 0x40a81b2f, 0x09ff7510, 0x7b705fdb, 
    0x00583207, 0x0025000f, 0x1d331100, 0x011d3303, 0x043d012b, 0x05024501, 0x33013d29, 0x013b013d, 0x1a23051d, 0x690c6fec, 0x3b560beb, 0x0e23490e, 
    0x654d2342, 0x1323099b, 0x42001700, 0x032b08db, 0x043b043d, 0x3527041d, 0x82231523, 0x18252003, 0x46150275, 0xd382116f, 0x0382c820, 0x420bef66, 
    0x5387087b, 0x2005cf7e, 0xd0801937, 0x11b24310, 0x0ef7121a, 0x90097367, 0x0fc74253, 0x1a1e7948, 0x200ca369, 0x070f4200, 0x48181720, 0x17210733, 
    0x23ab882b, 0x022b023d, 0x5605f145, 0x5f1a0f49, 0x46180e40, 0x5f6e10ab, 0x3b012605, 0x032b1503, 0xdbce1a1d, 0x0a60440d, 0x53450020, 0x82838605, 
    0x33012433, 0x7823041d, 0x1f470622, 0x20348d0c, 0x85378201, 0x183382b7, 0x180d3171, 0x4d0e7573, 0x67890c93, 0x1d331323, 0x07245b03, 0x0c97d01a, 
    0xff256790, 0x0158029c, 0x053363f4, 0x1a05716e, 0x471373be, 0x9f660d5c, 0x05154614, 0x01000022, 0x0ddbab1a, 0x180a9d73, 0x8f07077c, 0x82642083, 
    0x029022b7, 0x05af6e58, 0x4e06764c, 0xd01a054e, 0x378f0d33, 0x23070b4c, 0x1100001b, 0x77068177, 0xd31a0587, 0x294f0f02, 0xf7941a12, 0x1b41820d, 
    0x240cdd6a, 0x1d332703, 0x197c8204, 0x181e4c73, 0x5c0a2b44, 0x851a069b, 0x66180997, 0x4a830b9a, 0x08a86018, 0x11985418, 0x8b0f3045, 0x6213209b, 
    0x1b410b4b, 0x368f1806, 0x0d0c4209, 0x2012d946, 0x0b4b7c64, 0x08194918, 0x18012b21, 0x2309277b, 0x011d3304, 0x0e346e1a, 0x13464792, 0x6e19200c, 
    0x01210647, 0x05425923, 0x2335232b, 0x043d2315, 0x023b1533, 0xc65b1b07, 0x8ea48312, 0x03e61a52, 0x7215200d, 0x1d200503, 0x22059156, 0x82012b01, 
    0x200c824b, 0x368c1835, 0x239d6e07, 0x0f7b5d1a, 0xa3575383, 0x50761806, 0x20a28408, 0x20558601, 0x42b48205, 0x0d650bc7, 0x44a88e06, 0x47770ea3, 
    0x052f7109, 0x08eadb18, 0x2706077f, 0x022b3523, 0x35023b35, 0x1658c319, 0x550efe4a, 0x13200ebb, 0x24056f65, 0x2b15023b, 0x1a4f8202, 0x443743c9, 
    0x9f820537, 0x35232525, 0x50023d33, 0x8b1a07e6, 0x805123aa, 0x096b6a0c, 0x82001321, 0x5195184d, 0x013d2110, 0x1805c45b, 0x2023348d, 0xb3801900, 
    0x58022509, 0x2b000b00, 0xb809055d, 0x105046a4, 0x84094359, 0x8a1f2063, 0x23252165, 0x0e728c1a, 0x9019bc8a, 0x8c430efb, 0x2065900e, 0x20cb8664, 
    0x05136400, 0x17000f24, 0x5b5a0000, 0x57352007, 0xca1a05e8, 0xe76e105d, 0x18002013, 0x20074f91, 0x49418cf4, 0x206905b1, 0x978c1905, 0x0e884c0e, 
    0x43898783, 0x087faa18, 0xf1681520, 0x4c791a06, 0x08ed4211, 0x180b2b4b, 0x210e5f40, 0x8083013d, 0x12b19718, 0x820c1743, 0x073b6cbb, 0x37207782, 
    0x0851181a, 0x5a180520, 0x4c410f96, 0xa7ae1805, 0x58022208, 0x08e36a00, 0x0ee99118, 0x6a0d2973, 0x1e190de8, 0x6b520e31, 0x61658510, 0x611805d1, 
    0x711a0817, 0x7319091f, 0x297a1bd1, 0x44f28c1b, 0xa74e0d08, 0xa4638206, 0xb32520cf, 0x082345cf, 0x02f40125, 0x66130058, 0xcb820577, 0x15331529, 
    0x2b15013b, 0x19033d04, 0x200ce09f, 0xc1411864, 0x109b560c, 0x00001b22, 0x2205134d, 0x5d353335, 0xab42050f, 0x0dd94706, 0x56105b41, 0xeb820853, 
    0x00002726, 0x021d3313, 0x23220285, 0x0283023d, 0x5c051679, 0x3d200533, 0x520bd668, 0x5e4412c7, 0x0a83510c, 0x2b531720, 0x8d232007, 0x8a25204d, 
    0x76401869, 0xff741908, 0x0eb04310, 0x0b3f8c19, 0xd77bff20, 0x00112e05, 0x002b0023, 0x063d2100, 0x23071d33, 0x75068525, 0x608a2947, 0xb78ad482, 
    0x05511920, 0xdd4d1a06, 0x82062008, 0x230723b1, 0x4b18063d, 0x09410d36, 0x0a37491e, 0x0138ff24, 0xb218002c, 0x2b220987, 0x45183501, 0xdf490d87, 
    0x6b5e1806, 0x185f180a, 0x35232108, 0x0c85ed18, 0x4210b644, 0x002910cc, 0x00640001, 0x012c01c8, 0x1f551b90, 0x5f50180b, 0x0b234408, 0x09fb9c1b, 
    0x1017701b, 0x0f2c901a, 0x4118668c, 0x03270b9b, 0x27002300, 0x1a002b00, 0x1908bd62, 0x840923aa, 0x352323b9, 0x5d183533, 0x25240827, 0x37231533, 
    0x1b10db71, 0x420c4171, 0x0f1a10a8, 0x90180cbf, 0x1d210ca7, 0x36451804, 0x48152008, 0xa21906a8, 0x424316c7, 0x0c0c670c, 0x200cff48, 0x08616e1f, 
    0x41077a57, 0x2322057d, 0x5882043d, 0x1722a319, 0x22505c94, 0xaf451805, 0x851b200a, 0x1ab38e5b, 0x191d6b57, 0x18169875, 0x4b10ab66, 0xb01a0527, 
    0x79180a2f, 0x9d590c5f, 0x0cc9410e, 0x66072b67, 0x6f420bf7, 0x979a1805, 0x13317b0e, 0xd76c4990, 0x7e11200b, 0x5d7305d5, 0x1a01200f, 0x430ff3d8, 
    0x67180952, 0xdb6c09ca, 0x52002009, 0x9d190687, 0xe34f43fb, 0x78112009, 0x012008e5, 0x22061058, 0x1933013d, 0x41117198, 0xdf49187e, 0x6d582009, 
    0x1d2105bd, 0x053e7202, 0x3d233522, 0x01235182, 0x56231523, 0x374505ce, 0x0e2d410b, 0x2105c441, 0x00820008, 0x02f40129, 0x000700bc, 0x7011000b, 
    0x272006e5, 0x29058767, 0x023b3501, 0x35232515, 0x0383013b, 0x56211521, 0x33210549, 0x0b7d1823, 0x35252307, 0xb1181533, 0xc0180c6c, 0x461808ef, 
    0xfe2109e8, 0x05c965d4, 0x22134c45, 0x8d000064, 0x8b13207f, 0xe143187f, 0x3303240b, 0x1821021d, 0x210c9588, 0x4318023b, 0xfe500fea, 0x10a4440a, 
    0x00207d8d, 0x0b7f6818, 0xf5820720, 0xc14f1b20, 0x49a81905, 0x3302240d, 0x4523031d, 0x4f5405cc, 0x0baa6f05, 0x180fdc46, 0x69099682, 0x11200b7f, 
    0x2320cf82, 0x0efbab18, 0x09d97218, 0x1a230321, 0x850bdac8, 0x12a44163, 0x4f08884f, 0x2f4706bb, 0x33012208, 0x20a28315, 0x05bb7c3d, 0x33200586, 
    0x07359f18, 0x22463685, 0xaf47181e, 0x4723200a, 0x5582062b, 0x57182320, 0x0121076c, 0x4fa31923, 0x05504208, 0x33011d24, 0xa4541135, 0x0e804c13, 
    0x20081f72, 0x067f69d4, 0x2305df43, 0x00090003, 0x8408c770, 0x1a6b6068, 0x60066241, 0x3e510e52, 0x5bc81a0d, 0x235b8a0c, 0x23153311, 0x20195b61, 
    0x0d0e4201, 0x5307444b, 0x00200dfa, 0x0ee3cf1a, 0xb21b1720, 0x27200f95, 0xa21a6382, 0x0a820777, 0x4205a04d, 0xc7180917, 0x00470f9e, 0x06eb5208, 
    0x26052742, 0x015802c8, 0x850f00f4, 0xf1e0195b, 0x4b152013, 0x5d7b0ff9, 0x1f5c1908, 0x0e737b0c, 0x5f8b6382, 0x56181320, 0x5a7408fd, 0x1a15200a, 
    0x8b085d66, 0x57c08963, 0x4e1808c3, 0x3b441115, 0x7c092005, 0xdb6208a3, 0x00252107, 0x2005e573, 0x438c183b, 0x0fd96209, 0x3b013d2b, 0x013b3502, 
    0x022b011d, 0x14936937, 0x430d9b41, 0x4d530fc9, 0x0c4b470f, 0x00210c84, 0x62979c00, 0x2b2117dd, 0x27998202, 0x023b1501, 0x0323011d, 0x146eda1a, 
    0x08b99418, 0x3e199399, 0x7c181393, 0xb31a0ad2, 0x0322090b, 0x0f640020, 0x00272109, 0x0d118119, 0x780e3566, 0x0c430b9d, 0x0d2b410e, 0x9908c668, 
    0x25811967, 0x5844180d, 0x022b2107, 0x3720f082, 0x180f1847, 0x930d01a3, 0x0983546a, 0x1762cf82, 0x18a76207, 0x62091d62, 0xb2441d17, 0x21668210, 
    0x04820100, 0xf4016422, 0x09d3aa18, 0xce530120, 0x0cfd600c, 0x09035d18, 0x8b0e7948, 0x186592c3, 0x78095f47, 0x0220055f, 0x63088848, 0x02200572, 
    0x0cc00519, 0x83630120, 0xab851809, 0xb3821815, 0x43d7822b, 0x0022053b, 0xd8823311, 0x52333521, 0xa76305b2, 0x61798808, 0x0122092c, 0xcc1a3523, 
    0xb37a0b22, 0x124a4611, 0x08112219, 0x7c180020, 0x0f200bd3, 0x0fc1661b, 0x15333724, 0xcf5d1723, 0x19022006, 0x5b0e96a3, 0xd4440d5a, 0x05e8420b, 
    0x094f6f18, 0x2922d382, 0x13193300, 0x012009ff, 0x7009a879, 0x3d250735, 0x35033b04, 0x4aef1903, 0x166a6708, 0x18588418, 0x6a090a5f, 0x20210883, 
    0x05bb4100, 0x9f700620, 0x82012010, 0x671d2066, 0x2b2205f2, 0xe61a3502, 0xdf421074, 0x101d420d, 0x870a2e4d, 0x05a3646b, 0x6e2b0521, 0x02230677, 
    0x5d022b35, 0xe31a0ba1, 0x678d1697, 0x420ca778, 0x5792067f, 0xb10bf85c, 0x6e082057, 0x582406a7, 0x11000300, 0x0a7f4818, 0x00003323, 0x0ae26d17, 
    0x26055966, 0x15333537, 0x82013d27, 0x070b6c0c, 0x8f442b20, 0x0bfe440e, 0x0c5dbb18, 0x190fc775, 0x200ea969, 0x072f6f00, 0x19005823, 0x0ab96f00, 
    0x3f6d2520, 0x182b2005, 0x7d0a9c54, 0x2f6f06de, 0x0d93452a, 0x72410d8d, 0x0100210e, 0x20080f41, 0x080b7a33, 0x660acb66, 0xd36b0764, 0x6733200c, 
    0x628d1d71, 0x47127943, 0x00200531, 0x08af6f19, 0x19005823, 0x997d8200, 0x1adb65fb, 0x690e2a70, 0x8a8d0e64, 0x0e9e7418, 0x200a2743, 0x23fb832b, 
    0x012b061d, 0x07168718, 0x23053753, 0x3d33013d, 0x180aa46d, 0x1812418e, 0x89149065, 0x08935375, 0x19200321, 0x200addec, 0x05ff7f01, 0x012b1522, 
    0x35206688, 0x20053a55, 0x26628233, 0x23023d03, 0x7825021d, 0x64241161, 0x2c0164c8, 0x1815de7e, 0x200c5b7e, 0xd7be1b00, 0x07ab6c45, 0x41074344, 
    0x3b230a1b, 0x442b1502, 0x1e4105b6, 0x050b4120, 0x1a184244, 0x20085b02, 0x06cf4638, 0x35003127, 0x33010000, 0x0b23411d, 0x26416e89, 0x3e851824, 
    0x4577960a, 0x9f19072b, 0x44180853, 0x0b200b27, 0x7a053d51, 0x594a077d, 0x2c012208, 0xff481964, 0x2c012309, 0xa518f401, 0x591a082f, 0x6e180857, 
    0x7b180775, 0x43180cce, 0x5f820ff3, 0x15333523, 0xc3a01823, 0x09577407, 0x45186088, 0x03201417, 0x03833382, 0x90900121, 0x09cf6331, 0x0d93a219, 
    0xa01a2520, 0x0a700818, 0x15022205, 0x36531813, 0x11254418, 0x8905b47e, 0x3d89185b, 0x23022509, 0x15022b35, 0x08d9f719, 0x077d3719, 0x4311014f, 
    0xfc4e0c7e, 0x14d75c08, 0x97640020, 0x206be10c, 0x2b6f8206, 0x03f40100, 0x00030084, 0x000f000b, 0x13207186, 0x09b1ca19, 0x19755418, 0x4408f647, 
    0x15190f6d, 0xc4180897, 0x13850a7c, 0x6f890020, 0x09df5418, 0x00003323, 0x05904121, 0xeb776b99, 0x4170950d, 0x78460c66, 0x06f7520b, 0xeb820420, 
    0x90016427, 0x07002003, 0x06cf6800, 0x77872520, 0x41023d21, 0x372006c7, 0x27241185, 0x3b35022b, 0x08d8e51a, 0x1f426f89, 0x41688411, 0x4a19050a, 
    0x0b280c0f, 0x17001300, 0x2b002700, 0x510c8577, 0x5518073e, 0x40181dc8, 0x25190dca, 0x58180fa8, 0x4f180b9f, 0x374208c5, 0x0007210c, 0x41058356, 
    0x23200855, 0x3520df82, 0x0321e185, 0x21d78215, 0x0243022b, 0x12737219, 0x1909c950, 0x220a2343, 0x4300bc02, 0x95510667, 0x2b022507, 0x023b3502, 
    0x24055349, 0x011d2315, 0x98941a03, 0x12a34111, 0x8c054277, 0x068542bf, 0xb1831120, 0x1d333527, 0x23152302, 0x294b8415, 0x2b353335, 0x3d231502, 
    0xe9512501, 0x4e509107, 0x62430aad, 0x145f4311, 0xeb4267d6, 0xa5561816, 0x11245a1e, 0x1192e291, 0x420abb7e, 0xd54212e7, 0x45561806, 0x82b4190c, 
    0x1cb31a08, 0x185f9211, 0x20070a5b, 0x0efb7b00, 0x7f192120, 0x9f620bc7, 0x208a6805, 0x610ce14a, 0x23280d1b, 0x2b250000, 0x33033d02, 0x1b12fd65, 
    0x20272392, 0x093f5764, 0x00900123, 0x79bb1b0f, 0x2315230d, 0xc71a2335, 0xc8200e5d, 0x0c9b4118, 0x5820df89, 0x27050154, 0x33153315, 0x042b031d, 
    0x02249483, 0x023d023b, 0x45824182, 0x1c456318, 0x0cac5018, 0x52820120, 0xf4019024, 0x898dbc02, 0x145fb118, 0x180a3353, 0x2108677f, 0x8f19002c, 
    0xa01826a7, 0x00210d66, 0x27ac1805, 0x00032208, 0x23438207, 0x001d000f, 0x088b7218, 0xc2830520, 0x1533352c, 0x012b013d, 0x15043b35, 0x3f6a012b, 
    0x0d5b4506, 0x200def44, 0x085b5300, 0x6a18bc20, 0x1d200853, 0x075f0919, 0x35233523, 0x20559233, 0x0b8e5c13, 0xa8515c8d, 0x18118511, 0x260897b8, 
    0x01d4fe64, 0x19840390, 0x2408bb36, 0x23011d33, 0xfacf1b15, 0x3533290d, 0x23013d33, 0x013d2335, 0xbc420987, 0x18df7312, 0x63610020, 0x06937f05, 
    0x1b063d21, 0x421d662a, 0x2f8608fb, 0x043d2529, 0x3b35022b, 0x18061d03, 0x8f08ea80, 0x8d32827c, 0x33112863, 0x023b051d, 0x1a032b15, 0x8c19349b, 
    0x33012893, 0x032b061d, 0x1a023b35, 0x1807950e, 0x5a12ce55, 0x07220c2f, 0x511a0f00, 0xde460815, 0x08df4206, 0x82093e55, 0x0a075a32, 0x6c713384, 
    0x17441806, 0x05fc410a, 0x0220348c, 0x8b082b66, 0x19c81967, 0x06ec4c0f, 0x1a70fe21, 0x8b0e2ff9, 0x49032067, 0xad180983, 0x6b180c3b, 0xad1a0847, 
    0x3d210903, 0x05e46c02, 0x0b629e18, 0xac1a3385, 0x01255b17, 0x01f4012c, 0x7f7018f4, 0x061d411f, 0x2212a761, 0x19032b25, 0x2108adb6, 0x5c182701, 
    0x564b1617, 0x099f5308, 0x0cebab18, 0x00001b23, 0x13df1a25, 0x013b2209, 0x72e51935, 0x472c200c, 0x8f1805fe, 0xff180de6, 0x03200c6b, 0x58239884, 
    0x68005802, 0x022008e7, 0x61454f83, 0x3303220a, 0x7e5d1a1d, 0x166c5107, 0x4b0cd442, 0x578205fc, 0x1806ef5e, 0x1a08a966, 0x58089058, 0x15250a20, 
    0x33023d23, 0x056c5d15, 0x1abb8e1b, 0x5c1a9f4c, 0x0d6512b3, 0x05b95609, 0x98182320, 0x3520098c, 0x2b6fd41b, 0x82000421, 0xf4012f00, 0x2700bc02, 
    0x2f002b00, 0x00003300, 0xfd692321, 0x012b2106, 0x3520b882, 0x3b22bd82, 0xc0851501, 0x1d013b26, 0x33152302, 0x2105924e, 0xbe1a3537, 0xdc5a185d, 
    0x07ba491c, 0xbb540020, 0x90012106, 0x2606ad43, 0x15033b01, 0x1a3d042b, 0x46106936, 0x002007cb, 0x0d20a784, 0x0021a982, 0x219b8221, 0x65493301, 
    0x821d2005, 0x352321a6, 0x25078b75, 0x023b013d, 0x226d011d, 0x0dcd451a, 0xc4186420, 0x022509d3, 0x00110058, 0x24ff8221, 0x3335032b, 0x825c8635, 
    0x820320f8, 0x352326e7, 0x043b3523, 0x4abf1a15, 0x2048900c, 0x06074364, 0xef46af83, 0x022c2705, 0x000b00bc, 0x94831100, 0x4205e24f, 0x93490546, 
    0x00002606, 0xc8000100, 0x05174701, 0x01202782, 0x3520c582, 0x2519be82, 0x2888093b, 0x22050f45, 0x842c012c, 0x6933204f, 0x022005e3, 0x48072b41, 
    0x4f8209f8, 0xf4205482, 0x01282785, 0x2b021d33, 0x013b3502, 0x8808f86a, 0x18278228, 0x65086bd6, 0x3524064d, 0x23081d23, 0x0b575618, 0x11a67518, 
    0x2005677e, 0x22b78205, 0x4e580264, 0x0f2208f3, 0x53471500, 0x2b372211, 0xa5961a01, 0x70fe2108, 0x12a74118, 0x09bb5118, 0x84009021, 0x29ad8241, 
    0x2b152301, 0x033b3503, 0xe1822535, 0xba1a2320, 0x861a0c03, 0x00200e03, 0x07200082, 0x9024e982, 0x2003f401, 0x22088747, 0x69190013, 0x0d430529, 
    0x09894705, 0x3d153325, 0x84013b01, 0x06d7625c, 0x18088547, 0x82158655, 0x053b485e, 0xf420e782, 0x0a5fca19, 0x22079158, 0x84333523, 0x822320e0, 
    0x211521e4, 0xda19eb89, 0x756e0956, 0x1850820e, 0x2009536e, 0x29a58215, 0x25000027, 0x043d022b, 0x6718033b, 0x2720081c, 0x35234c82, 0x7015012b, 
    0x97413040, 0x205f8d05, 0x205f8329, 0x255f8204, 0x25041d05, 0x65663533, 0x67152005, 0x62820686, 0x480c174c, 0xf5441793, 0x97981908, 0x03c21810, 
    0xbc02210d, 0x2a063f51, 0xff000005, 0x0258029c, 0x841b00bc, 0x002f32e3, 0x05000039, 0x033d032b, 0x3d333523, 0x1d043b02, 0x05046f07, 0x20057667, 
    0x22978437, 0x88371523, 0x45968cf9, 0x0c9a0c74, 0x8509fe59, 0x000022a7, 0x21838264, 0x63410058, 0x23352105, 0x18053755, 0x20085ee7, 0x06535515, 
    0x3b353323, 0xd92c1903, 0x18669a10, 0x220aa7dd, 0x182f0020, 0x5608bf5b, 0xcf190514, 0x3c440823, 0x013b2605, 0x012b013d, 0x1903821d, 0x1808e3ce, 
    0x590e7797, 0x99181c75, 0x9c190e8b, 0x1323082b, 0x42001900, 0x37250683, 0x3b35042b, 0x05876005, 0x19116972, 0x180a7420, 0x2108fb8a, 0x8f755802, 
    0x053d6905, 0x23011d2a, 0x032b021d, 0x1d33023d, 0x3d22c182, 0xb0853301, 0x18052852, 0x18120979, 0x6c1e4d51, 0x1d240f0f, 0x25002100, 0x2b21ab82, 
    0x7ba21901, 0x35332309, 0xed42023b, 0x733d2008, 0x53182ad8, 0x03200857, 0x08bb5519, 0x0a73c918, 0x15332523, 0x088f4223, 0x18649021, 0x210adac4, 
    0x8e18bc02, 0x7f43079a, 0x821b200e, 0x3700259d, 0x043d012b, 0x111a9182, 0x15270858, 0x2b353327, 0x18371501, 0x4215d177, 0x97471019, 0x2c013009, 
    0x58025802, 0x15001100, 0x2b010000, 0x82023d04, 0x20028552, 0x0ef56c25, 0xa34c9c83, 0x05db450e, 0x9001f422, 0x4d05976a, 0x67180b67, 0x5b610cfb, 
    0x401b4d0e, 0x220cdb7c, 0x1b032b05, 0x2008d3c9, 0x61ca1b04, 0x230c4908, 0x0bdbb818, 0x00200325, 0x432f001b, 0x082c05f1, 0x081d043b, 0x063d3327, 
    0x061d022b, 0x0e8cd219, 0x93104a41, 0x82002010, 0x00042100, 0x2409277d, 0x002d0025, 0x205b8d37, 0x2b5b8201, 0x33133301, 0x15022b35, 0x3d333733, 
    0x28410f85, 0x11a4470a, 0x13836993, 0x08f2b118, 0x0ac72b1a, 0x07000324, 0xcf822300, 0x07563b20, 0x2b132309, 0xd9873d03, 0x2105cb72, 0xd4723313, 
    0x081b6009, 0x56089352, 0xf4200881, 0x0ce08719, 0x3948858e, 0x09cf7c08, 0x3f002327, 0x33130000, 0x20d48715, 0x08fa6615, 0x3b011d2c, 0x23013d02, 
    0x23353335, 0x8f882335, 0x5a18e992, 0x718e0c73, 0xe3788d94, 0x20032408, 0x82001f00, 0x857f84f5, 0x331522e6, 0x206e8215, 0x07fd4f1d, 0xfb187797, 
    0x99581a2f, 0x188e880c, 0x2016f3c9, 0x0e2b1905, 0x19232013, 0x4b149f42, 0x61851639, 0x220e4342, 0x422f0023, 0x3a420e43, 0x054c4105, 0x82231521, 
    0x064d42e5, 0x86324442, 0x052d57fb, 0x210b4b41, 0xef1a0023, 0xdb98370f, 0x180ae35d, 0x19099f67, 0x200873b1, 0x4147193d, 0x05f6660b, 0x15233526, 
    0x23011d23, 0x2005e971, 0x17955437, 0x0eb5ba18, 0x820f3442, 0xe34f190f, 0x063f4a08, 0xa3592320, 0x18232008, 0x5f08a259, 0x3d260596, 0x3b352301, 
    0xc0183501, 0x075a1050, 0x0a875b1a, 0x67185782, 0x5783077b, 0x1d1abb82, 0xd34a080c, 0x1a232005, 0x180ec0d6, 0x8f09e446, 0xeb4918b5, 0x4229200e, 
    0x3d240e01, 0x021d2304, 0x3d215f82, 0x05024703, 0xfa410420, 0x25be1a2f, 0x0bf7410c, 0x698c1b20, 0x5e822520, 0x043d3323, 0xbf83192b, 0x496a8a0b, 
    0xd6922083, 0x0a73b719, 0x31001b24, 0x1d453d00, 0x9890180c, 0x07ba4308, 0x35113323, 0x23018233, 0x021d022b, 0x7b89e2af, 0x8c08aa44, 0x8e27207b, 
    0x023d217b, 0x83050f49, 0x333524f2, 0x472b023d, 0x352006f7, 0x0d017e1a, 0x8f12b444, 0x123d5fe5, 0x33440020, 0x19022006, 0x200847dd, 0x25628215, 
    0x3b021d33, 0x074e1501, 0x060f4f06, 0x5a4a4c8c, 0x01002112, 0x2105916d, 0x811bf401, 0xd5180ce3, 0x64200898, 0x23826a82, 0x6b870582, 0x20097972, 
    0x99111a1d, 0x1b022009, 0x66123f0a, 0xbf181379, 0x03250813, 0x000f0020, 0x0661452b, 0x3b152325, 0x46023d01, 0x5d4605c9, 0x4101200c, 0xe41a06b8, 
    0xe7650ad1, 0x06675211, 0xd0456420, 0x0cbf4b14, 0x8909af50, 0x055d467b, 0x013b0222, 0x200a4946, 0x20148227, 0x79101b23, 0x09e35508, 0x43647bbb, 
    0x5611200c, 0x332007d9, 0x23054e50, 0x013d2301, 0x1805d343, 0x6b0889a6, 0x232008fe, 0x0fe7201a, 0x8819e643, 0x436420ec, 0x17200b83, 0x2105c156, 
    0x9d79051d, 0x18042008, 0x8911b854, 0x0e7045da, 0x18e0fc21, 0x51082b5f, 0x212106eb, 0x05957100, 0x2b710120, 0x012b2805, 0x2b352315, 0x83023d01, 
    0x823d20d3, 0x330222c9, 0xe1ac1835, 0xddac1812, 0xa8fd2118, 0x0e777d18, 0x314d1b20, 0x08654807, 0x08944b18, 0x8205ac41, 0x23012278, 0xfb141b1d, 
    0x0e6a4809, 0x980cf242, 0x4500200c, 0x15220c13, 0x75833100, 0xc3841320, 0x2005ee47, 0x0512641d, 0x2008e647, 0x367b1827, 0x0f0c420e, 0x85088642, 
    0x27441972, 0x0c84720a, 0x2009df48, 0x3fd3182b, 0x5a332009, 0xa04105dd, 0x06b74407, 0x08dd3419, 0x18757918, 0x41646421, 0x6b481856, 0x0b4f7309, 
    0x2007c771, 0x053f5123, 0x031d0122, 0x08ce971a, 0x0c84bb18, 0x0a42b285, 0x7b42180e, 0x02002208, 0x076b6c58, 0x48e7e118, 0xe74a0520, 0x002f220c, 
    0x0c394633, 0xcb6c2720, 0x7e01200a, 0xfe412a3b, 0x05a84113, 0x42180020, 0xf420087b, 0x2327cb82, 0x3d330000, 0x4f012b04, 0x60180585, 0xd81b098d, 
    0x5d8a1dcf, 0x430aa373, 0x1527061f, 0x021d013b, 0x43011d23, 0x232205c8, 0xda43013d, 0x3b022107, 0x1116681b, 0x191ac841, 0x220e17e4, 0x421d0020, 
    0x668211a9, 0x3d023b23, 0x21648201, 0x974a3523, 0x32094b15, 0x200bab45, 0x051f431b, 0x9d450520, 0x0895430b, 0x844ce485, 0x39584707, 0x58026422, 
    0x250f6b44, 0x0033002b, 0x0f433300, 0x08ac5a0f, 0x43153321, 0x1d220539, 0x23432301, 0x1306421c, 0x0ab29d18, 0x220d0b42, 0x7e00001f, 0x012107cb, 
    0x06554f1d, 0x33352322, 0x2005235b, 0x0cda7e01, 0x19567a18, 0x240a434d, 0x001f001b, 0x0fb94d23, 0x4207c342, 0x6b4e0bd7, 0x0b41180d, 0x689f1814, 
    0x11435d0e, 0x2006a345, 0x05655c07, 0x23021d24, 0xec45013d, 0x10e44509, 0x09d74e18, 0x25203786, 0x0ac17119, 0x181d3321, 0x46162977, 0xa248113d, 
    0x1238440f, 0x6e862283, 0x0f673119, 0x0967fb18, 0xe518ae82, 0x5f453f77, 0x45272009, 0x1525055f, 0x33011d33, 0x5c781815, 0x013d2107, 0x0a9d7f18, 
    0x7b181d20, 0xd3b80985, 0x85646421, 0x187789d5, 0x5807ed60, 0x73530597, 0x415f8f06, 0x4787108a, 0x20090745, 0x06ad590b, 0x1b09b97c, 0x862340b2, 
    0x039e1858, 0x0e39510e, 0xc34c6420, 0x23b38905, 0x0037002f, 0x25066b4f, 0x23071d33, 0xfe48043d, 0x28058205, 0x3d23041d, 0x011d3307, 0x12314d33, 
    0x1bdc5718, 0x830f7243, 0x226f8971, 0x4b35001b, 0x3d210ca9, 0x06264506, 0x85352851, 0x3ba0186c, 0x0019240a, 0x19250021, 0x22076b25, 0x59033d23, 
    0x022506bd, 0x031d3315, 0xa5461823, 0x1523220a, 0x13b47225, 0x8e0a9a6f, 0x20f282c7, 0x7fcc1a00, 0x051f510a, 0x1d513720, 0x05f75115, 0x840e996f, 
    0xc864220e, 0xc8aa1a64, 0x09fd541d, 0x17470320, 0x77c31b08, 0x05af460f, 0x2b150425, 0x18051d01, 0x860b69dd, 0x1903203b, 0x1812d222, 0x5809af56, 
    0x0d270633, 0x19001300, 0x67002d00, 0xc51808b5, 0x3322089f, 0x7a18011d, 0x245213c7, 0x065e1808, 0x4c6e9008, 0xd76312d2, 0x8215200c, 0x001d2371, 
    0x61821300, 0x15013b2a, 0x23011d23, 0x23152335, 0x19062b4f, 0x7215f56d, 0x85830f68, 0xe5186420, 0x44184b1f, 0x0f22070f, 0x7e181300, 0x024308bd, 
    0x33352108, 0x30629593, 0x188f860b, 0x210963b1, 0x0f190003, 0x751a0ae5, 0xec5e081b, 0x193d2005, 0x1810a924, 0x1809c2a5, 0x190fa198, 0x1816f0f1, 
    0x2209db40, 0x19002003, 0x470ad7fa, 0x23290592, 0x053d3335, 0x33051d33, 0x9d3d1a3d, 0xcf421808, 0xeca7180d, 0x0b374a25, 0xaf412920, 0x012b2508, 
    0x013b031d, 0x83054058, 0x155d7668, 0x18183f4a, 0x1812ff4a, 0x180b1188, 0x200c216a, 0xfb731903, 0x19c82015, 0x210dbe91, 0x26196464, 0x02200723, 
    0x22058f62, 0x1813000d, 0x2209e97f, 0x82272315, 0x23032245, 0x18b38235, 0x1a155f5d, 0x62099f56, 0x7b410e89, 0x61002011, 0x09220c63, 0xd6181500, 
    0xb2650b91, 0xbf961b0b, 0x6464210e, 0x3b821082, 0x00000428, 0x58029cff, 0xb1822003, 0x1f001b2a, 0x00003300, 0x33013d33, 0x09e4ba18, 0x35233522, 
    0x21062158, 0x6f6f1523, 0x1a2b2006, 0x18089733, 0x430fba7c, 0x51180e67, 0xd2841462, 0x77890020, 0x19000524, 0x77832d00, 0x5a05ed74, 0x21470694, 
    0x21032406, 0x82023d23, 0x05ca4d81, 0x19231521, 0x89076717, 0x0a535959, 0x910e1745, 0x5802210e, 0x48073b50, 0x7518065b, 0x032009ef, 0x20086046, 
    0x1b6b8333, 0x500e311c, 0xbe181137, 0x4b860a6b, 0x47000921, 0x1d200665, 0x2006db53, 0x21c38211, 0x65473523, 0x1085410d, 0x5a830120, 0x4905ae47, 
    0x25220c9f, 0x9f492900, 0x3d33290f, 0x15012b01, 0x13331523, 0x2006a949, 0x06385237, 0x5c0b9058, 0xfe9109eb, 0x180c7673, 0x46092cf4, 0x1f240c3b, 
    0x3d003900, 0x20053b46, 0x0a594b17, 0x096e3219, 0x81822320, 0x041d2324, 0x84821133, 0x180c5f73, 0x420c8547, 0x8b940e08, 0x64580223, 0x05af5264, 
    0x03580227, 0x001f0020, 0x08bf5b27, 0x1d012b26, 0x023d2301, 0x35216b82, 0x05fa4133, 0x33013d26, 0x0333021d, 0x23210482, 0x828c1a3d, 0x0f964108, 
    0x890e6148, 0x055f4d75, 0x00210f86, 0x08f34201, 0x82066546, 0x205884d2, 0x06917c02, 0x2006e54e, 0x182c1b23, 0x9fb31809, 0x524a830f, 0x564f12ba, 
    0x0fd4190c, 0xabe3182c, 0x060f6309, 0x19f3e718, 0x12757d18, 0x5218778a, 0x00200daa, 0x00205782, 0x1805177e, 0x19083766, 0x200d9321, 0x22f98615, 
    0x48153327, 0x3f6805ef, 0xb6691b0c, 0x10ff4b0d, 0x088bb219, 0x00f40125, 0x18210015, 0x2109ab6d, 0x4e82021d, 0x83183520, 0x6d180849, 0x3d2009a5, 
    0x0ac5b118, 0x180d5c4c, 0x410ed840, 0x97190c5d, 0xc8200a1f, 0x08abf218, 0x0b207382, 0x25207582, 0x2406db5a, 0x15043b35, 0x78631927, 0xc081180c, 
    0x03561813, 0x10bb4c0d, 0x0e9d8919, 0x20160759, 0x4fe31804, 0xfbe2180e, 0x134a1936, 0x000d2309, 0xd6190019, 0x34440b31, 0x14bc590b, 0x64a8fd22, 
    0x410b0741, 0x312005db, 0x11fbe418, 0x2011dd41, 0x2d6d1801, 0x74ee1910, 0x4516190d, 0x2776841c, 0x00000400, 0xf40138ff, 0x196cf341, 0x22095be2, 
    0x1821000b, 0x26080180, 0x23013d23, 0x78330135, 0x6a480680, 0x35332605, 0x013b3523, 0xa7e51835, 0x18d48c0c, 0x410c11ea, 0x63180683, 0xc8690c8b, 
    0x33152205, 0x056e4515, 0x022b1522, 0x46062c66, 0x1521078a, 0x14577e33, 0x4e054d42, 0xfc521668, 0x01002205, 0x26008200, 0x2c01f401, 0x65001300, 
    0xad830531, 0x0948c082, 0x1fd21805, 0x1b901813, 0x056b6508, 0x2b002322, 0x23203982, 0x1d258b82, 0x35012b02, 0x05df5433, 0x22057f5c, 0x84021d33, 
    0x05e06ebc, 0x450f614d, 0xc6181485, 0xe818094b, 0x842608ab, 0x19000f00, 0x79181f00, 0x597f08c9, 0x18698206, 0x7b0af741, 0x3720059d, 0x14ade71b, 
    0x08588b18, 0x5d837020, 0x180c7779, 0x480a155b, 0x9d8d0edb, 0x4407d748, 0x441805bb, 0x3321096b, 0x26651815, 0x1a232009, 0x20097f7d, 0x5a8a1835, 
    0x10534407, 0x1623ef18, 0xb7185f83, 0x23210f2b, 0xc39e1b00, 0x1801200a, 0x20084b76, 0x25738207, 0x3d012b35, 0xd71a3b01, 0x094509a4, 0x41e0830c, 
    0x4f500e6b, 0xf4012305, 0xeb182003, 0x3b424a43, 0x84032106, 0x22064550, 0x4e3b1523, 0x3321063d, 0x279f8315, 0x2b033d33, 0x33031d02, 0x2406e062, 
    0x33033d23, 0xe0571935, 0x0d60410a, 0x1fb41319, 0x40180020, 0x6f820853, 0xc5820720, 0x550ff418, 0x2209275d, 0x1827001f, 0x411c35fc, 0xcd8e0e61, 
    0xe4490e89, 0x06f74605, 0x00bc0224, 0x5c1b0019, 0x01285b97, 0xbc020000, 0x20035802, 0x17cbe618, 0x64bc0227, 0x00000064, 0x24028201, 0x025802f4, 
    0x21279758, 0x6918f401, 0xb31a091b, 0x4b821eaf, 0x0238ff25, 0x839cff58, 0x1805204b, 0x1b1296e6, 0x2010e72e, 0xaff31b17, 0x7e052009, 0x8a181867, 
    0x0223139b, 0x1b011d33, 0x200ab7ba, 0x06224802, 0x0ff04818, 0x18f68a18, 0x9371538d, 0x1502230c, 0xf41b022b, 0xbc182d7f, 0x87180977, 0x3d201c7b, 
    0x0c72031a, 0x67091044, 0xa2590efc, 0x63881810, 0x0701540d, 0x1a1d0221, 0x1816a998, 0x18164544, 0x180b6f48, 0x220cd79e, 0x83231533, 0x013d2101, 
    0xf3190685, 0x01202a97, 0x0e3f9e18, 0x35230422, 0x1d210182, 0xb1991801, 0x011d210a, 0x1051f519, 0x180cf34a, 0x220c9745, 0x1bf40100, 0x230c4b08, 
    0x3315012b, 0x2b220182, 0x44823504, 0x1af2d81a, 0x1333a218, 0x25214b88, 0x384c1a15, 0x08986b08, 0x3b152323, 0x45f38201, 0xb7430c2c, 0x20de8212, 
    0xc3a21b00, 0x831d200e, 0x231521e3, 0x210d2c41, 0xa682013d, 0x200c174a, 0x18e49264, 0x6708a36a, 0x2120069f, 0x08b10119, 0xd8513520, 0x18042008, 
    0x67089d5d, 0x4f980eff, 0x09939118, 0x25000b22, 0x0b8f7b1a, 0xa48e0420, 0xa0833520, 0x9608b349, 0xe782184f, 0x00bc2111, 0x5e0d1b77, 0xb11b057b, 
    0x01214573, 0x5b9e1a00, 0xe7531835, 0x0fbf1809, 0x09575655, 0x13000923, 0x05f14e00, 0x5a050021, 0x332b05f1, 0x2b27011d, 0x3b013d01, 0x83231502, 
    0x68042008, 0x3327060f, 0x35312315, 0x7d371523, 0x714e107e, 0x18108f10, 0x2311e78a, 0x13000021, 0x0abba91b, 0x15330328, 0x013d1333, 0x73833523, 
    0x18021d21, 0x490ec551, 0xfd210ed6, 0x5f591844, 0x09435609, 0x1d000d28, 0x33110000, 0xad82021d, 0x3d022b26, 0x023d1302, 0x2b224c82, 0xb6821501, 
    0x78451520, 0x19978806, 0x5d11787b, 0x0b230cff, 0x85001300, 0x06074fa1, 0x08f9bb18, 0x7d52a38f, 0x89a5980a, 0x000f25a3, 0x3300001f, 0x0320988c, 
    0xa0880d8c, 0x420f4141, 0xb35508cc, 0x0011220e, 0x3f721815, 0x83e41b08, 0x05e95212, 0xc5182720, 0xca470ac9, 0x56678f0e, 0x6a820bea, 0x410a9745, 
    0x0123050f, 0x18021d33, 0x18089db8, 0x460ce98a, 0x9f450b97, 0xcf211b18, 0x0005280a, 0x00130009, 0x191d0019, 0x2609c3f5, 0x1533013d, 0x42352327, 
    0x25200505, 0x09c64b18, 0xcc441287, 0x161e640c, 0x0df7b318, 0x019cff23, 0x3fbd1a90, 0x001d2908, 0x1d330100, 0x023d2303, 0x0a318b18, 0x78185b8b, 
    0xc65a0ef1, 0x8200200f, 0x00022100, 0x01240082, 0x00bc02f4, 0x4f0bbc18, 0x11215787, 0x71411800, 0x05a81908, 0x49f61815, 0x0706671c, 0x5e0cea45, 
    0x002609db, 0x001300c8, 0xcb5b2500, 0x045c180b, 0x0f27740c, 0x4e065f53, 0x002105e3, 0x0a5d4313, 0x031d332a, 0x35233523, 0x33253533, 0x07054c18, 
    0x410c9154, 0xb141059e, 0x108c4508, 0x27056f43, 0x5802c800, 0x0b002003, 0x4707b556, 0x558205a7, 0xc9183320, 0xea180802, 0x15830871, 0x82333521, 
    0x4611886e, 0x6d180d8f, 0x21520952, 0x0eee420a, 0x6f7e1983, 0x8bb41a08, 0x09fb4a53, 0x13000b24, 0x76181f00, 0x032008a5, 0x1805ec57, 0x4311f581, 
    0xec781480, 0x098b7405, 0x4b840720, 0x09f59318, 0x4137fb1b, 0x42000121, 0x9118076f, 0xe78243d3, 0x1d331129, 0x053d3301, 0x531d023b, 0x052105c9, 
    0x088d732b, 0x1814774e, 0x43101765, 0x8019059d, 0xfd1909dd, 0x544410fa, 0x88c68414, 0x204385cb, 0x06f36603, 0x3d012b23, 0x58031903, 0x4247a512, 
    0x1d2105eb, 0x567b1903, 0x3b032208, 0x5e561801, 0x4146950c, 0x2f230957, 0x43010000, 0x33200967, 0x10167118, 0x051a0420, 0xe3441533, 0x0cc5430c, 
    0x08575618, 0x00000227, 0xf401c800, 0xaba41802, 0xab531808, 0x0454180e, 0xa3a4181a, 0x18568312, 0x300d2764, 0x000700bc, 0x001b0013, 0x3d232500, 
    0x1d013b01, 0x20078201, 0x21078203, 0x7d1b1303, 0xa58c15ed, 0x1037fa19, 0x2405f95a, 0x1d331100, 0x203e8202, 0x21068c13, 0x7b186464, 0x17190c6e, 
    0xc4180dc9, 0x0d200a6f, 0x65668d82, 0x23052605, 0x3327043d, 0x8206831d, 0x86958403, 0x82f42042, 0x10654486, 0x10b74018, 0x00820020, 0x90180320, 
    0x0920085f, 0x1f20e782, 0x0ff5c018, 0x3d230322, 0x4c4a5784, 0xf1e81806, 0xaf50180c, 0x339c180b, 0x051f520c, 0x1b001721, 0x504383fe, 0xcb18096b, 
    0x01220af3, 0x02841d23, 0x3d233526, 0x33153301, 0x8318068f, 0xe07c12e9, 0x095f5019, 0x1abc0221, 0x8208bbb5, 0x1921206b, 0x1a109a8c, 0x5e3cff43, 
    0x2d2209ab, 0xdb693300, 0x031d2605, 0x33043d33, 0x39cd181d, 0x2b352c07, 0x3d231502, 0x011d3306, 0x833d1133, 0x465318de, 0x0c534208, 0x4109e15b, 
    0xfc4518e0, 0xd7841a0b, 0xf4012708, 0x35002003, 0xcb603d00, 0x21789209, 0x7d822315, 0x52413520, 0x60232006, 0x2b5312d6, 0x21849e10, 0x27576464, 
    0x849c2006, 0x0007277f, 0x00370027, 0x5d4b003f, 0x15022705, 0x1523023d, 0xf684012b, 0x013b1529, 0x013d3315, 0x76061d33, 0x23270690, 0x2b353335, 
    0x18021d01, 0x860ea1f8, 0x08f14881, 0x4f1e2344, 0x01210b5d, 0x06e759f4, 0x2d208b86, 0x22056961, 0x853b3501, 0x05cc4e89, 0x82063d21, 0x011d21ff, 
    0x3d210482, 0x548d8203, 0x4a1806c2, 0x92410e3f, 0x220e970e, 0x7064bc02, 0x07220c63, 0xfd412500, 0x47052005, 0xff8c0502, 0x86350221, 0x013d26fc, 
    0x3315012b, 0xbe048215, 0x09b06ffb, 0x200a8f6d, 0x05054207, 0x5f5a818a, 0x70748505, 0x06270608, 0x33011d33, 0x83013b35, 0x3c014192, 0x8c0a1876, 
    0x00312283, 0x09054239, 0x0830d71a, 0x1d288382, 0x063d2304, 0x023b1533, 0x02227ac4, 0xab6764bc, 0x0037240b, 0x4343003b, 0x3d201101, 0x2106295d, 
    0xfe823533, 0x19231521, 0x240bcbff, 0x23351523, 0x17894315, 0x0d13fd18, 0x21200a43, 0x18616464, 0x18002005, 0x23082741, 0x00bc02f4, 0x2de3381b, 
    0x430b4744, 0xcb8314cd, 0x20065243, 0x051c451d, 0xd6821120, 0xd4823520, 0x7019c59b, 0xd5421447, 0x0573430f, 0x64f40122, 0x5f05fb4b, 0x401a06af, 
    0xbc430705, 0x06a47b05, 0x23065141, 0x1d23023d, 0x2305ec6f, 0x1533063d, 0xf31b0182, 0x628d0f55, 0x8525ae50, 0x64c82133, 0x4b05a75e, 0x15220633, 
    0x401a2500, 0x1d25078f, 0x033d2304, 0x05815b13, 0x33073d26, 0x2321061d, 0x17827d84, 0x032b0122, 0x0f70911a, 0x4b05244c, 0xc541091a, 0x16a76c0a, 
    0x2a82b388, 0x880a375e, 0x06c6447f, 0x22060941, 0x46012b35, 0x232108a4, 0x18899b03, 0x940bfa4f, 0x1878888f, 0x840afaea, 0x056a5613, 0x29288b8a, 
    0x45003b00, 0x33010000, 0xe7428b8d, 0x3335220c, 0x208fa435, 0x06975b64, 0x4208c054, 0x6d4d16e7, 0x2493900e, 0x00330021, 0x2493833d, 0x3d33011d, 
    0x05f74602, 0x3b350329, 0x35233503, 0x41023d23, 0xaa181f19, 0x6f530ded, 0x20819315, 0x08635f05, 0x83000921, 0x00372581, 0x05000041, 0x20061c42, 
    0x06b95902, 0x44023d21, 0x284205e9, 0x2335230a, 0x71181315, 0x2f421497, 0x0dc1420f, 0xdc180d94, 0x03200738, 0x2b428b88, 0x110b4108, 0x79823320, 
    0x41220f41, 0x04203b95, 0x09248788, 0x35002300, 0x25058f47, 0x033b3502, 0x89453d15, 0x45232009, 0x3c4306fd, 0x0ed95a10, 0x19320f41, 0x6307e711, 
    0x092605ef, 0x39002700, 0x95414300, 0x207a1809, 0x05a1410c, 0x43353321, 0x898e13c6, 0x098c5b19, 0x4112e84e, 0x3c431498, 0x0002210a, 0x01230082, 
    0x4bbc02f4, 0x02200805, 0xcf187a82, 0x2521095b, 0x69d61833, 0x0d555c08, 0x2014fa4c, 0x17c31b64, 0x2003230b, 0x9d440900, 0x07794207, 0x7b180120, 
    0xe1d71186, 0x43058843, 0x33260b07, 0x3d003700, 0x71414700, 0x06aa450d, 0x27063a46, 0x3b153315, 0x35333501, 0x25239482, 0x83152335, 0x0101211c, 
    0x4a140f43, 0x7541096c, 0x18c82029, 0x5c092f4d, 0xe01806ff, 0x31220827, 0x1d4b3500, 0x1b23200f, 0x4b0a141e, 0x7368051f, 0x124b7307, 0x09048418, 
    0x1816a644, 0x5f0c2ae9, 0xdb18050c, 0xa34a0707, 0x64352005, 0x63820579, 0x9107d146, 0x0d274b80, 0x18130269, 0xa00e934e, 0x06d64b8c, 0x2e0a2349, 
    0x002f002b, 0x0100003f, 0x1d331533, 0x82152306, 0x06da4784, 0x0b823320, 0x063d2323, 0x06314b33, 0x82272321, 0x33132110, 0x08429918, 0x1596bf1b, 
    0x18085a47, 0x731e8954, 0x6f70091b, 0xdf86190f, 0x208d8a08, 0x3b951823, 0x05df4709, 0x33011d24, 0xc518033d, 0x9c18163b, 0x984315f6, 0x0a034111, 
    0x2d002922, 0x08b37919, 0x21160341, 0x00413502, 0x0a374b08, 0xa710ae4b, 0x2f171aff, 0x0513420f, 0xb9463920, 0x0c894105, 0x4110354b, 0x394b0797, 
    0x16054106, 0x57084855, 0x07410e22, 0x0b534f11, 0x22061f43, 0x42390035, 0x02200d11, 0x21086972, 0x7018012b, 0x3d4b072f, 0x417e9805, 0xc3442786, 
    0xf401290a, 0x37002003, 0x3f003b00, 0x420e3d4b, 0x3f190694, 0xd4650a79, 0x05a74306, 0x35331523, 0x08ab4323, 0x1386af18, 0x430bf248, 0x24432222, 
    0x70fe2106, 0x0f2b091a, 0x55833e1b, 0x5f6e0420, 0x002d2108, 0x08f72719, 0x43085149, 0xfb831190, 0x774bf18b, 0x10d55406, 0x9e09934e, 0x2c0121f3, 
    0x91422a82, 0x82002005, 0x093f4800, 0x4906a344, 0x89410adf, 0x08734b09, 0x22082744, 0x18331533, 0x430805f7, 0x701a1018, 0x8b9e0893, 0x8d0aeb4c, 
    0x000b228b, 0x051d4323, 0x4405774b, 0x06220aae, 0x83822523, 0x0a528818, 0x18063d21, 0x1b08989e, 0x18083319, 0x4f0ec7a0, 0x308221ce, 0x200c0b41, 
    0x417f871f, 0x754b0b99, 0x98fc870c, 0x0d2d5789, 0x14cc6818, 0x43097651, 0x734b0ca8, 0x0023240a, 0x4b410027, 0x1d430c73, 0x4235200f, 0x1541061c, 
    0x1155531c, 0x41169841, 0x8f8a1429, 0x1f001b22, 0x4a052d44, 0x90820963, 0x41056d4b, 0x60512211, 0x156b4b08, 0x00207d95, 0x450c476b, 0x23221735, 
    0x9719023d, 0x8a18089f, 0x3d23096f, 0x5d013306, 0x8589104d, 0x18900121, 0x4117d25a, 0x57420c90, 0x42878c06, 0x774c079f, 0x05074108, 0x4106694b, 
    0x2219220b, 0x5655088b, 0x170f4119, 0x6b4b0220, 0x46212008, 0xbb450fc9, 0x35232109, 0x4a160f41, 0x0b410ce1, 0x263a4609, 0x084b8218, 0x03580225, 
    0x48250020, 0x86180e4d, 0x23210c03, 0x06c34515, 0x8c129b42, 0xbbbc1984, 0x4b88a90d, 0x2120095f, 0x2006d35b, 0x23738201, 0x33153315, 0x52066976, 
    0x01210678, 0x05da5a33, 0x82253521, 0x13a61a18, 0x4b601915, 0x069b5c20, 0x41069f50, 0xbb4706fd, 0x4b352008, 0xa744117a, 0x70f5c113, 0xaf450a5b, 
    0x47432005, 0xb9790cbb, 0x49cf1809, 0x063d2208, 0x07784b33, 0x13209284, 0x90087a4b, 0x0787418d, 0x4f27cd47, 0xb75d081b, 0x0003350c, 0x25000019, 
    0x01231533, 0x33051d33, 0x35022b15, 0x23033d33, 0x09c8d81a, 0x16d64918, 0x2120438e, 0x08279818, 0x97573320, 0x60152005, 0x01220576, 0x02833d33, 
    0x92152321, 0xcf981851, 0x0dbd4308, 0x27078f5c, 0x0300bc02, 0x0f000900, 0x8406d15f, 0x182120a3, 0x2009c3aa, 0x93061a27, 0x3501230c, 0x9f1a013b, 
    0x82471d07, 0x06677705, 0x02000023, 0x205f8458, 0x19b78523, 0x240839fa, 0x2b013d23, 0x82b28202, 0x082951be, 0x410c4563, 0x1683160e, 0x8806c74c, 
    0x5f0d205b, 0x25230513, 0x82231533, 0x013b2203, 0x20b18215, 0x91551a23, 0x3b022509, 0x022b1503, 0xd7186882, 0x43440b27, 0xb5831811, 0xc7e7190c, 
    0x26bf8708, 0x00110009, 0x85270021, 0x061d41c5, 0x21064075, 0x5b823304, 0x1d227382, 0xe8191101, 0x3f440820, 0x162a6005, 0x2008816e, 0x08f74990, 
    0x0b24cb88, 0x1f000f00, 0x25216585, 0x0593733d, 0xa11a3520, 0xc2840a5d, 0x154a7319, 0x0dcc4a18, 0x82000821, 0x41022000, 0xdb41057b, 0x00272209, 
    0x18c18c2d, 0x200fa3ac, 0xa0191a31, 0x1837200a, 0x89084c4f, 0x052341cc, 0x08d29c18, 0x180d4f42, 0x440ce342, 0x1b210983, 0xeda81900, 0x06da730e, 
    0x71330221, 0x177609d4, 0x00002227, 0x20d78c05, 0x10934119, 0x2005ec4f, 0x22d8823d, 0x70232504, 0xf4200b78, 0x970b5846, 0x13bb42c1, 0x33002322, 
    0x25064b44, 0x23153304, 0x03822335, 0x043d332b, 0x23041d23, 0x2533043d, 0x2ce21833, 0x0b4c4808, 0x4116a850, 0x6b5c112f, 0x0003230a, 0x25430013, 
    0x23062309, 0x5c87053d, 0x9882ba82, 0x9c058541, 0x00002159, 0x19204f8c, 0x070d5918, 0xd76c0120, 0x05326f05, 0x33023d25, 0x1823023d, 0x4107b8e0, 
    0xae180c16, 0xe0721522, 0x4106200c, 0x0f2d087f, 0x1f001500, 0x2b002500, 0x00003100, 0x06074111, 0x23093644, 0x35231533, 0x49113a44, 0xd38e14da, 
    0x410a0a56, 0x0320098f, 0x03227788, 0x87431700, 0x33012107, 0x0282d282, 0x23054658, 0x033d2301, 0xd4a2d692, 0x04205b82, 0x07205f88, 0x23205f82, 
    0x3722d383, 0xc4831533, 0x86032321, 0x023d21db, 0x20069752, 0x2cfd1803, 0xb45b180f, 0x5464200d, 0x4a4a052f, 0x0814460e, 0x2007e964, 0x03e91800, 
    0x8321200a, 0x8201206f, 0x8671826d, 0x05674264, 0x1d230223, 0x16674202, 0x4105cf42, 0x61420e3b, 0x8c118311, 0x000323df, 0x5b180013, 0xf16a0827, 
    0x01052105, 0x0322db83, 0x01191323, 0x0121080f, 0x059c50f4, 0x180a5444, 0x880fc0bd, 0x078b52d0, 0x2722cf8a, 0xea183700, 0xf87e0835, 0x06384306, 
    0xf1190120, 0x3d2008c3, 0x43430a87, 0x09244c12, 0x6420dfa4, 0x0d33e818, 0x19000f23, 0x07317100, 0x1533012c, 0x23211533, 0x33353335, 0xe818011d, 
    0xe218469f, 0xb74109eb, 0x50332007, 0x1520060f, 0x4e06ed4a, 0x3d210517, 0x131f4402, 0x892db741, 0x442f206b, 0xf0181887, 0x3d27087d, 0x023d2301, 
    0x1b25013b, 0x1a14f8f3, 0x7b1e5760, 0xc35b0811, 0x0033220b, 0x7d4e1837, 0x33012108, 0x6c068c52, 0x2322052d, 0x7f502315, 0x3303210a, 0x2007704d, 
    0x53b31927, 0x0e8c4209, 0x21fe7f18, 0x8b08b063, 0x42f78383, 0x9752074d, 0x83332015, 0x070b5388, 0x15d1ac18, 0x46187b82, 0xec591aa2, 0x4345180d, 
    0x0f03520a, 0x2505cf4a, 0x012b013d, 0xfe8b011d, 0x35330226, 0x013d013b, 0x19180752, 0x410f4015, 0x43180e19, 0x3320183f, 0x85084743, 0x177a41f9, 
    0x18013d21, 0x50075fd5, 0xb64a1273, 0x0a0b5427, 0x2414f741, 0x012b023d, 0xdd071b15, 0x1a352009, 0x5209841d, 0x7e510878, 0x45fb8413, 0xff930e0c, 
    0xba830120, 0x200a7b41, 0x16c34d37, 0x1c582320, 0x33062107, 0x35220982, 0xfa821533, 0xfec23520, 0x0fc78e18, 0xb85e7f90, 0x83232006, 0x2315236c, 
    0x8354031d, 0x27814129, 0x0c9f8d18, 0x35001922, 0x200ec34c, 0x08f0553d, 0x0a4c4418, 0xa9458587, 0x277e5509, 0x2008f143, 0x6f261903, 0xdb411808, 
    0x4999190f, 0x2140180f, 0xe4da190d, 0x7f561815, 0x06475508, 0x43440320, 0x13232108, 0x220ab052, 0x181d2302, 0x2c0882da, 0x1d33063d, 0x013d3304, 
    0x023d013b, 0x17404423, 0x4b053e44, 0x4b4211b7, 0x05277913, 0x22054f56, 0x871f001b, 0x4f1d2081, 0x23200607, 0x2505bb42, 0x11353304, 0x958c1533, 
    0x7e960620, 0x8610e147, 0x948e8275, 0x0ac74291, 0x4210c343, 0x15200640, 0x8206d476, 0x421520fc, 0xfc8605c9, 0x41425093, 0x1b3f4327, 0x1d230422, 
    0x0881d818, 0x22067141, 0x57013b03, 0x739105d2, 0xb21871a7, 0x6f410a7b, 0x09a74605, 0x7d06b344, 0x3a440660, 0x08ac5605, 0x2e453320, 0x1879a518, 
    0x430c7b42, 0xe54a122b, 0x23152506, 0x013b011d, 0x02200582, 0x43096e41, 0x23453a2a, 0x05625f16, 0x82098354, 0x0f2046db, 0x181bb85a, 0x420f5744, 
    0x221914d2, 0x57180bb7, 0x1b47078b, 0x05026212, 0x820a6c41, 0x05f04bfd, 0x47231521, 0x70203e1b, 0x420c9f44, 0xd94212d7, 0x0da04506, 0x411c1847, 
    0x778c25eb, 0x25101b5b, 0x23152303, 0xde41011d, 0x011d2509, 0x35331533, 0x193f5f42, 0x200c3fbd, 0x55001913, 0x19ab5e0a, 0x0e274418, 0x09ca2519, 
    0x1949ed18, 0x572c0121, 0xb7430562, 0x5a21200a, 0xf3470e77, 0x05405505, 0x4c410120, 0x061d2108, 0x7011f845, 0x2e540c37, 0x085f5826, 0x03f40124, 
    0xf7470020, 0x0fc75608, 0x35207e84, 0x420e7a47, 0xf3471ed2, 0x33bf1922, 0x93491809, 0x0a895d0e, 0x3d21ff84, 0x07c34201, 0x4a050672, 0x4418097a, 
    0xfca4146f, 0x200a7341, 0x0e67491d, 0x08e55b19, 0xcb4275d1, 0x112b450c, 0x09cc8218, 0x82052945, 0x05d853e8, 0x1523e318, 0x20253f43, 0x12d34b00, 
    0x460b6141, 0x1d211191, 0x05434302, 0x44058e47, 0x64201537, 0x4105ac64, 0xb718246b, 0x234608af, 0x135d5d09, 0x47011d21, 0x7e8d069a, 0x1a013d21, 
    0x1912c334, 0x4517f71c, 0x5050113c, 0x0b034105, 0x2d002922, 0x220ef141, 0x45022b35, 0x02200b33, 0x21069d46, 0xe3183313, 0x214707e9, 0x59838414, 
    0x264f1d2b, 0x04002205, 0x22008200, 0x1903f401, 0x191dd75c, 0x190c5a5b, 0x1815353c, 0x720af04a, 0x3b190c86, 0x07200e47, 0x0b2a6f88, 0x17001300, 
    0x21001d00, 0xfd532500, 0x1a152007, 0x2309b3ae, 0x03333523, 0x082f8118, 0x09822720, 0x15332123, 0x2a7e1823, 0xeda5180f, 0x0909410d, 0x4818fe83, 
    0x9b550e9e, 0x38ff2106, 0x0d25eb84, 0x23001500, 0x99981a00, 0x5f4e1915, 0x10aa710c, 0x3719db8a, 0x00211635, 0x175b1900, 0x00842153, 0x696b2e19, 
    0xa3410320, 0xf4012305, 0x221a1500, 0x042a54d7, 0x38ff0000, 0xbc02f401, 0x5f821700, 0x2d00272a, 0x3d150000, 0x041d3306, 0x09c92e19, 0x73790120, 
    0x33352205, 0x2009873d, 0xf667183b, 0x1c636408, 0x55050442, 0x6b830c2f, 0x1320cb82, 0x08238f18, 0x0cc5271a, 0x1363091b, 0x10349719, 0x240c6a54, 
    0x00000100, 0x0b261901, 0x23278223, 0x5802c800, 0x112a7b82, 0x2b250000, 0x3b023d04, 0x07191d05, 0x58190d89, 0x013308f5, 0xd4fec800, 0x84032c01, 
    0x00001900, 0x0b1d3313, 0x820a3d23, 0x1cb3701c, 0x18000121, 0x2007fb6d, 0x2791821d, 0x0b3d012b, 0x0b1d023b, 0x1a050141, 0x1a15b10e, 0x86088713, 
    0x000324bf, 0x820d0007, 0x05a1583b, 0x3f582320, 0x0c635305, 0x0bbf3119, 0x0722cb85, 0xa3830f00, 0x48180120, 0x05210cfe, 0x20dc8223, 0x21dc8501, 
    0x3e470cfe, 0x0a2b4306, 0x08f76018, 0x00820020, 0xeb880320, 0x4b820520, 0x0000152c, 0x011d3317, 0x33113523, 0x4682031d, 0x0c820682, 0x200a2c4e, 
    0x8f4d1802, 0x844f8407, 0x24f7873f, 0x00170009, 0x20fb8521, 0x25fb8201, 0x012b0301, 0x0882033d, 0x08830320, 0x1e451184, 0x06194111, 0x720f5d6b, 
    0x03220903, 0xa3730020, 0x1a212005, 0x241a414c, 0x15333533, 0x059b7933, 0x2b150422, 0x08f4c018, 0x7319fe20, 0x74500a3b, 0x09f86115, 0x0b416420, 
    0x18002005, 0x20301f78, 0x3b0d1ac8, 0x82172008, 0x058741fb, 0x091d8518, 0x3d230223, 0xf8771801, 0x0c834109, 0x02827b82, 0x41050021, 0x5f5b087f, 
    0x00192607, 0x15331700, 0x057a4123, 0x1520058d, 0x210b7b7c, 0x598364c8, 0x2c20048b, 0x0520c582, 0x21088742, 0xdd190007, 0x01200823, 0x0889b318, 
    0x9a413d20, 0x1a089008, 0x191a4a42, 0x20111900, 0x098c452c, 0x20050f78, 0x25c78301, 0x90015802, 0xbf821500, 0x3b053d26, 0x022b1503, 0x0b5ea718, 
    0x200d8141, 0x222f8700, 0x831700f4, 0x3b06242f, 0x82021d03, 0x02bd1930, 0x20308d0a, 0x20db8264, 0x84db8301, 0x82338263, 0x063d26d3, 0x2b15043b, 
    0xc35b1a01, 0x08396307, 0x200d2144, 0x226b8200, 0x82d4fe64, 0x00f42237, 0x250c8219, 0x073d012b, 0x6d82043b, 0x1e1a0120, 0x875b0c80, 0x24378211, 
    0x01d4fe00, 0x20d3822c, 0x27a38313, 0x35012b04, 0x061d023b, 0x0abbc619, 0x210d9453, 0x2f850001, 0x0341f420, 0x06025805, 0x95071d21, 0x2f6c1930, 
    0xf401250c, 0x0f000b00, 0x19253782, 0x25001d00, 0x6ff81800, 0x7d0f1a0c, 0x1279470c, 0x6043b989, 0x06a91809, 0x2097850c, 0x059b4190, 0xff820120, 
    0x35230526, 0x061d033b, 0xfb8f2e88, 0xc5180020, 0xf421096f, 0x066b4100, 0x3d230423, 0x20348202, 0x85349807, 0x00012dcf, 0x022c01c8, 0x00840358, 
    0x13000013, 0x21064746, 0x0b193d03, 0x4545090e, 0x2267830c, 0x84c800c8, 0x8415202f, 0x3b03282f, 0x2b021d02, 0x88053d03, 0x84308cc1, 0x00012264, 
    0x82638664, 0x83012033, 0x2234822c, 0x19013b04, 0x440b4289, 0x67830d6b, 0x67866420, 0x00001723, 0x20338225, 0x21338206, 0x26453b03, 0x0bf76606, 
    0x0c0a7518, 0x21055f46, 0xcf822c01, 0x9f841120, 0x022b0527, 0x3d013b35, 0x8c9e8603, 0x8200209c, 0x82012000, 0x84c82003, 0x24ff852f, 0x3d022b06, 
    0xfd681b02, 0x82308c0a, 0x232f82cd, 0x90012c01, 0x20052f41, 0x225c8201, 0x82043d33, 0x19052099, 0x8411456b, 0x85002097, 0x202f835f, 0x82c78315, 
    0x3d33225c, 0x41308203, 0x374309cc, 0xe379180e, 0x4503200c, 0x1b21064d, 0x1fde1a00, 0x15332208, 0x2a758227, 0x2321023b, 0x1d33023d, 0x18013d01, 
    0x65126275, 0x3e4b0f8f, 0x8272870f, 0x06d7436b, 0x1f20cf82, 0x2209ff41, 0x47051d02, 0x43190542, 0x3f921e6c, 0x22050f42, 0xa6041d02, 0x44012040, 
    0x7f820523, 0x00002124, 0x36823d17, 0x1c420520, 0x0d8e4406, 0x0cdc9f18, 0x2f44cf8c, 0x42438508, 0x012707c3, 0x022b051d, 0x4133063d, 0x348308fa, 
    0x890ecd41, 0x07734447, 0x01204385, 0x22060f48, 0x44013b04, 0x428a1faf, 0x1724438d, 0x3d23033d, 0x4508b442, 0xcc9a0d2a, 0x820c0f41, 0x054f41cb, 
    0x041d0122, 0x0721cc82, 0x215c1833, 0x20cc990c, 0x0e134100, 0x0322cf87, 0x4745013b, 0x08435622, 0x20058744, 0x0fb0192c, 0x0b1d2607, 0x2b053d23, 
    0x184e4301, 0x920cc645, 0x2b04223b, 0x1b5a4301, 0x180dc743, 0x23094751, 0x001b000d, 0x0d3de919, 0x68190120, 0x1a1a0f31, 0x0c20137a, 0x64204f89, 
    0x092f5418, 0x01d4fe23, 0x05eb4290, 0x823d1721, 0x4335208f, 0xae1806bd, 0x90430c58, 0x4647880e, 0x3f86065f, 0x1d33132b, 0x061d3304, 0x053d022b, 
    0x0b124123, 0x1a8fc518, 0xa7450020, 0x20838509, 0x05db4501, 0x7c4a8485, 0xee4b1a07, 0x4564201a, 0x3f8508e7, 0x033d1722, 0x02204182, 0x19065144, 
    0x980c90c4, 0x82838fc4, 0x330323c7, 0xc782071d, 0x41230421, 0xc89d0c9e, 0x00000122, 0x20094b41, 0x83858201, 0xa488853d, 0x253f84c8, 0x90015802, 
    0xab471900, 0x48052008, 0xd4180e82, 0xff8611c6, 0xf4223782, 0x37831b00, 0x3b22ff84, 0xfd4c1502, 0xb1971805, 0x0f03410e, 0xc341fa82, 0x243f8905, 
    0x35012b04, 0x4802823b, 0x7b9110cd, 0x20050359, 0x8ff78301, 0x4905207f, 0x3d950f0b, 0x2b051b4e, 0x00bc0290, 0x001f0005, 0x33000025, 0x26065a61, 
    0x011d012b, 0x19043d23, 0x2008aa62, 0x18d68204, 0x441356bf, 0x46190cf7, 0xd78b0915, 0x33499020, 0x82052007, 0x4405205b, 0x5b420fbd, 0x243b8b11, 
    0x001b00f4, 0x07cb4100, 0x65033b21, 0xda460601, 0x0dbb6809, 0x09475c18, 0x420c1341, 0x352007d3, 0x9112b349, 0x6464217e, 0x3f908082, 0x4d230421, 
    0x2b2005ee, 0x960df249, 0x05f3473e, 0x03580225, 0x46170084, 0x052009c3, 0x450d9443, 0x778510fd, 0x20066348, 0x21378919, 0x01481502, 0x1403470e, 
    0x8405d747, 0x453b8573, 0x032105a7, 0x0d1f4535, 0x05203bab, 0x900e7d43, 0x072b41b1, 0x82064b49, 0x2b0122eb, 0x06c14404, 0x630e4d49, 0x00200f92, 
    0x2520af8d, 0xac43e283, 0x05e24605, 0x0de27218, 0x230e3743, 0xc8000200, 0xf4264082, 0x0700f401, 0x43191100, 0xa0181085, 0x77180b0a, 0x642108a5, 
    0x0f5f4100, 0x032b2524, 0xad862335, 0x470fc749, 0xaf90100f, 0x443d0421, 0x3aa206e5, 0x2307e343, 0x23008403, 0x460ed348, 0x9e410ebe, 0x0d874614, 
    0x92069b42, 0x0fce464b, 0x4b8f4ca1, 0xb00a2b49, 0xb04b9a98, 0x474b8c98, 0x04220b17, 0x9245013b, 0x0c434920, 0xd4fe0024, 0x2b415802, 0x0587490d, 
    0x420f2347, 0x774112dc, 0x0c27471a, 0x44129449, 0x9e441318, 0x0d0f4209, 0x850c3347, 0xcacb194b, 0x0e014311, 0x114f7118, 0x53f40121, 0x15200511, 
    0x2406846d, 0x23352315, 0xd3f81835, 0x9473180c, 0x9b58190b, 0x09fb4417, 0x82053341, 0x4847839b, 0x0322050f, 0x5646013b, 0x23e79723, 0x031d3313, 
    0x2007c46a, 0x13dd4705, 0x421d8241, 0x874a0c13, 0x2305240e, 0x4a353335, 0x2c480d8b, 0x414b8c1c, 0xe3c20c7f, 0x4a023b21, 0xe2b105d2, 0x480d1742, 
    0x64420dc3, 0x42e38c30, 0x744b0caf, 0x1db04213, 0x5b494b90, 0x204cb009, 0x086f5502, 0x0b000522, 0xd6180b82, 0x01210af7, 0x071d75f4, 0x089b121a, 
    0x73550020, 0x00092606, 0x25000013, 0x05975423, 0x9f542120, 0x05397f0a, 0x180c1e43, 0x450b5b5b, 0xc269056f, 0x05997007, 0x0e113219, 0x10587218, 
    0x21186b5a, 0x6b530200, 0x000b2b08, 0x37000015, 0x23041d33, 0xea54033d, 0xfb641806, 0x2045880e, 0x9b221900, 0x84032508, 0x1d000f00, 0x2b279e82, 
    0x3b043d01, 0x54041d02, 0x6c5008e1, 0x0b4c510c, 0x64204588, 0x00224682, 0xff180002, 0x1b2909ff, 0x2b250000, 0x053b3504, 0x3f3c1915, 0xaa89181f, 
    0x553f8208, 0x1920076b, 0x2505e767, 0x3d230b1d, 0xa056270a, 0x06766305, 0x4918c44d, 0x541813eb, 0xc8200893, 0x82061f53, 0x3d1723dd, 0x0b6f3b06, 
    0x15022105, 0x4a0f654e, 0x5f531586, 0x00902508, 0x05000023, 0x08c8f91a, 0x0aee6518, 0x10ea4818, 0x1f418d90, 0x07a75305, 0x2b001122, 0x3b204984, 
    0x01248382, 0x2723041d, 0x1805ea53, 0x180bb884, 0x900c5660, 0x0c676e4e, 0x20099753, 0x06e34b19, 0x073b6d18, 0x9c530220, 0x28db9809, 0x01d4fe00, 
    0x00900190, 0x53db8921, 0x2320063f, 0x8d156f53, 0x13ba188c, 0x01902608, 0x001700f4, 0x25458327, 0x35022b05, 0x7b82033b, 0x033d2723, 0x218b8223, 
    0x4a8f051d, 0x8d0c1143, 0x43dd1850, 0x824f8208, 0x33012293, 0x0565661d, 0x2e461520, 0x82062005, 0x013b210f, 0x0dfad718, 0x85127856, 0x0b7f5353, 
    0x00001b22, 0x21059745, 0xff4c2b15, 0x0b845305, 0x82148c48, 0x010021da, 0x2d088b53, 0x0100001f, 0x3b041d33, 0x042b1501, 0x0982053d, 0x033d3322, 
    0x0ce2fb1b, 0x11dcbf19, 0x21067f42, 0x9b530002, 0x000f2207, 0x20458427, 0x23458303, 0x27033d02, 0x09b00d19, 0x19414a87, 0x18eb420a, 0x4b0c8753, 
    0x062205c3, 0xb918022b, 0xf55008d3, 0x243a821b, 0x00000100, 0x05935301, 0x8d841d20, 0x032b0526, 0x043d3335, 0x7e96d28f, 0xe7430020, 0x53012005, 
    0x232005a3, 0x06204184, 0x3b234182, 0x82043d02, 0x052550cf, 0x4a08a458, 0x4b9606aa, 0x49085355, 0x25200607, 0x530fa341, 0xa6410e18, 0x0c084914, 
    0x1f530220, 0x06cf6008, 0x2205b141, 0x44051d01, 0x0e430d4a, 0x42979806, 0x6f430e93, 0x8803200c, 0x000f2463, 0x413b0029, 0x0b200fd1, 0x13226982, 
    0xdb43043d, 0x0ad84107, 0x95135455, 0x86751a68, 0x5000200c, 0x2c200883, 0x8208b353, 0x23711864, 0x0a6f180a, 0x1ad4980d, 0x200c1fd5, 0x43d4180f, 
    0x72dd1808, 0x87a71809, 0x0691720d, 0x8218a15c, 0x0200214e, 0x6608d750, 0xb345067f, 0x2305220a, 0x06234335, 0x09fc121a, 0x1595ee95, 0x5106b35a, 
    0x19210637, 0x06516f00, 0x69426187, 0x44112006, 0x56570c63, 0x41619317, 0xcb840f64, 0x01580227, 0x001700f4, 0x08494525, 0x26460520, 0x46012005, 
    0xb84405cd, 0x0c17470c, 0x0cd7301a, 0xcf59bc20, 0xfe002205, 0x204f82d4, 0x464d8390, 0x67500737, 0xa38a1809, 0x8c598c0e, 0x080741ae, 0x11249b84, 
    0x2f002100, 0x450e3d46, 0xa4850865, 0x5e0c4b44, 0x64970cc2, 0xb0830220, 0xbf470220, 0x84032305, 0x094e1500, 0x3b032a06, 0x052b1502, 0x3d013b35, 
    0x42ffa002, 0xfd210a75, 0x0e7b4fa8, 0x2205c745, 0x83013b04, 0x126a444d, 0x181a5b4b, 0x480aab54, 0x2b20059f, 0x420f6f43, 0xa0860607, 0x1643fb99, 
    0x42aa8614, 0x022105c7, 0x20fb8458, 0x0985442d, 0x1126fb85, 0x012b033d, 0x09423b35, 0x17434106, 0x0b596018, 0x8a0f5a42, 0x661d205f, 0x974405db, 
    0x092e4311, 0x2b5cc119, 0x220c2942, 0x60080064, 0x052508ef, 0x11000900, 0x8b661a00, 0x195f820a, 0x20086d34, 0x501f1902, 0x18372008, 0x22087193, 
    0x1a153301, 0x190aa99d, 0x760f4a70, 0xf54209f6, 0x15094109, 0x00040023, 0x06cf4500, 0x1d000f24, 0x077c2f00, 0xb10d1b05, 0x09234608, 0x480a2445, 
    0xaf4a1128, 0x193e440b, 0x410c6741, 0x33430b0a, 0x05f74905, 0x7b5c9020, 0x17002806, 0x1d33033d, 0x1a132304, 0x8408a3a1, 0x0a255f58, 0x0864ad18, 
    0x220d1b5d, 0x82153311, 0x22398201, 0x1823043d, 0x54144fff, 0x012108eb, 0x0a4b5b2c, 0x57180320, 0x9147082c, 0x0c834208, 0x4f5ca383, 0x07834e0f, 
    0x4405377f, 0x0f4615cd, 0x50022008, 0x0120063b, 0x0c4b3a19, 0x0e513a19, 0x33013d22, 0x88180282, 0x7d4e0cbf, 0x0833561c, 0x20059750, 0x065f7611, 
    0x84056576, 0x3d232205, 0x18028c01, 0x8c0c157b, 0x0d9141e1, 0x82065f45, 0x472f2057, 0x01210635, 0x20ac8323, 0x85628503, 0x7c9a1853, 0x23b6820a, 
    0x013b033d, 0x104f401a, 0x0bc86618, 0x5f666184, 0x43799805, 0xab410d22, 0x9001260c, 0x00000700, 0x05034313, 0x5f056d41, 0xcb4108ef, 0x1a0d2006, 
    0x8c0b7be2, 0x06e76563, 0x2408eb53, 0x0017000f, 0x5b2e1a1f, 0x023d210f, 0x08152f1a, 0x0ccbb919, 0x1b12a472, 0x21092772, 0xf36301c8, 0x82092005, 
    0x022b245b, 0x5d033b35, 0x911809fa, 0xc820088b, 0x2006bb5f, 0x23ef1b0f, 0x0cec450b, 0x20068346, 0x284d8200, 0x0b00f401, 0x2b370000, 0xc9e81801, 
    0x20ef850b, 0x05e34a64, 0x5e900121, 0x01200503, 0x05202382, 0x460aa15d, 0x2b830ce3, 0x0d19c820, 0x002308e3, 0x82022b25, 0x6403204f, 0x63640a67, 
    0x4c64200a, 0x13200657, 0x2005514e, 0x0ac45d06, 0x64158f5f, 0x02210bbf, 0x09685835, 0x8a0cdd4b, 0x061748b3, 0xff841d20, 0x5c065b5a, 0xaa410abf, 
    0x0c88420c, 0x410c2b65, 0x11590613, 0xad221a05, 0x5bcb8f0c, 0x735d05d7, 0x5b052008, 0x08450a04, 0x2b901915, 0xf401240a, 0x82000300, 0x6c2520a9, 
    0x022c05b1, 0x23031d23, 0x3523033d, 0x2315043b, 0x0ce6951a, 0x840fab42, 0x0000210f, 0x270db357, 0x3d042b01, 0x1d053b05, 0x0d4f4c1a, 0x430ea941, 
    0xff2308c7, 0x820f009c, 0x2033820c, 0x20338201, 0x0c4e4101, 0x53058941, 0x09820957, 0x2b851120, 0x85113f66, 0x05d35f2b, 0x02d4fe27, 0x00640058, 
    0x202b8513, 0x20578203, 0x4c579203, 0x012006ff, 0x21050f46, 0x6b612c01, 0x42bb9305, 0x8f890d11, 0x2005ef5a, 0x20bb8201, 0x20638206, 0x18639606, 
    0x2009cf5a, 0x829782fe, 0x851d2099, 0x82082097, 0x9c082033, 0x86a18433, 0x2003219f, 0x2205df65, 0x820a3d04, 0xa00a2037, 0x223b8c37, 0x85230084, 
    0x820b2073, 0xa40b203b, 0x0bcb593b, 0x20056b45, 0xaee78201, 0x3f6f183f, 0x00012657, 0x01d4fe00, 0x056f4cf4, 0x032b0128, 0x043b0b3d, 0x84180b1d, 
    0xf75d2421, 0x2b01220d, 0x203b8202, 0x082b6803, 0x861dca53, 0x07435f3b, 0x20065760, 0x097c480b, 0x5d141f43, 0x37b608e7, 0x82c80021, 0x001b24e7, 
    0x82231300, 0x1d0122aa, 0x15b85b0b, 0x210de75f, 0x3f696400, 0x52112005, 0x5247059e, 0x0101221b, 0x060f492c, 0x460c3b69, 0xf94205c6, 0x0ca7440d, 
    0xa9181220, 0x032208bb, 0xf61a0700, 0x1b2108b3, 0x8dfa1800, 0x002f2107, 0x2705ab70, 0x0043003f, 0x05000047, 0x0e336c1b, 0x0b3f6c1b, 0x90200bac, 
    0x081a5c18, 0x561809b0, 0x5c180ca1, 0x0d8d0d52, 0x270ad34c, 0x7f008403, 0x8f008b00, 0x0849b718, 0xf818c782, 0x40180c65, 0x35200872, 0x0f87d218, 
    0x15210f88, 0xd98e1823, 0x18352009, 0x860cfd8e, 0x1a13a417, 0x42219b5c, 0x1599157e, 0x084e9618, 0x1f766c18, 0x198f4299, 0x0b000022, 0x38085f4b, 
    0x00350031, 0x003d0039, 0x00450041, 0x004d0049, 0x00550051, 0x05000059, 0x94431915, 0x0b3d2208, 0x410d823b, 0x0f820f4e, 0xbf182720, 0x25200efe, 
    0xca440f96, 0x8e5b180c, 0xa85c190d, 0x47098909, 0x398d1709, 0x4b053571, 0x002209e2, 0x71180600, 0x0525085b, 0x11000900, 0x06276800, 0x2112b34c, 
    0xdd1a3302, 0x5b1811e8, 0x05470aa4, 0x188a8c09, 0x250ab3f7, 0x5802bc02, 0x13478403, 0x05036c19, 0x00000025, 0x43f40101, 0x192006b7, 0xe7430c82, 
    0xf4012105, 0x821be943, 0x69002026, 0x2c200523, 0x0021c382, 0x074b4913, 0x8213bf44, 0x0517442b, 0x2b840120, 0x44097749, 0xa7671317, 0x47578d0e, 
    0x0f590ff8, 0x3d04250e, 0x1d023b0b, 0x1b05d349, 0x42173d35, 0xfb820d64, 0x2009ab4b, 0x05d94611, 0x853d0121, 0x022b2141, 0xbf190884, 0xbe440783, 
    0x0dc64407, 0x5a0cf674, 0x13200d37, 0x0b25bb82, 0x051d053b, 0x4193822b, 0x418d0ba2, 0x480c0845, 0x2747090f, 0x848d8207, 0x1d052188, 0x212b6b47, 
    0x0b602c01, 0x00112206, 0x0f6f4100, 0x200e4441, 0x21738204, 0xc35f0100, 0x000d2405, 0x4b210015, 0x022309d7, 0x68011d33, 0x2527064d, 0x012b3523, 
    0x1b033b35, 0x1809d42c, 0x1b188a77, 0x2008472d, 0x06534200, 0x23001123, 0x09214200, 0x420e2a42, 0x54411330, 0x0a07620c, 0x21093b48, 0x9c413b05, 
    0x2b134105, 0x0225e783, 0x00580258, 0x49e18317, 0x8a41139b, 0x8b41180c, 0x202f8307, 0x27318a27, 0x033d3327, 0x031d032b, 0x0ead4e1b, 0x420c8343, 
    0x47180d64, 0x58270df7, 0x13000900, 0x84001d00, 0x35022353, 0x0a1a033b, 0x03200e04, 0x7d481282, 0x80971809, 0x20588f0e, 0x139b1864, 0x41002008, 
    0x032005c3, 0x2320dd82, 0x0805eb18, 0x3b043d25, 0x1a041d04, 0x1808adb4, 0x8212cd79, 0x1ab9913f, 0x820edb55, 0x1821204f, 0x24094bc4, 0x15022b35, 
    0xf7c41833, 0xe7ea182a, 0x239f8507, 0x001b0013, 0x43184f8c, 0x8c18073c, 0xe7900da1, 0x200cfa56, 0x9b481900, 0x18132009, 0x8909efc5, 0x0ee045a3, 
    0x420e2a4e, 0x46790dff, 0x0000230a, 0x00820002, 0x01f40125, 0x8c1300f4, 0x332524a5, 0x7e3d3335, 0xc64c08c0, 0x19cc430c, 0x09e39a18, 0x03204f82, 
    0x09ad9918, 0x0a183619, 0x0ae32719, 0x8682f18d, 0x41092f74, 0x8b821033, 0x1a152321, 0x1809f239, 0x8225fc86, 0x04002152, 0xdf860483, 0xe1821720, 
    0x00002722, 0x820e3541, 0x065548e8, 0x11806d18, 0x0d8ba28d, 0x08eb9618, 0x55895b86, 0x7e0e7b41, 0x0020093f, 0x20070f42, 0x20838b1f, 0x73751b33, 
    0x18002028, 0x20096777, 0x2041850f, 0xd6671a02, 0x41a78c07, 0x2c2208d3, 0xf9430f00, 0x3d032105, 0x27202984, 0x1fbac718, 0x084b6018, 0xbc029024, 
    0x27191500, 0x6d6f08e1, 0x20688c0a, 0x422f8264, 0x2f85053f, 0x318a2320, 0x3d332723, 0x0cb26604, 0x70117343, 0xdb840c80, 0x47580221, 0x2126052f, 
    0x013d032b, 0xdd823533, 0x9d180120, 0xa54b0c09, 0x5b481808, 0x222f8208, 0x831b000d, 0x27318377, 0x15033b15, 0x032b013d, 0x87413984, 0x42418814, 
    0x112009f7, 0x21062b59, 0x36782303, 0xbec81905, 0x6f771812, 0x21b7841a, 0x4f1bf401, 0x6e183eab, 0x01200803, 0x0d9b7418, 0x1d230123, 0x35ff1801, 
    0xb8721816, 0x09234f0b, 0x01000026, 0x009001f4, 0x08231519, 0x2b011d25, 0x19013d04, 0x410dee0f, 0x00200818, 0x8308ef41, 0x001b2333, 0x0b551300, 
    0x23338505, 0x35023b15, 0x177da518, 0x200c5b41, 0xe7721800, 0x00152209, 0x4dc41800, 0x013b2309, 0x02842b15, 0x5b0d3442, 0x7218096e, 0x1522097f, 
    0x39942100, 0x2b89c418, 0x2108fb53, 0x731b6400, 0x3d21098f, 0x33601a04, 0x15232108, 0x00208792, 0x2f868384, 0x83881b20, 0x33153323, 0x076f4415, 
    0x18352321, 0x411f07c5, 0x64220747, 0x07425802, 0x7e034105, 0x09837d18, 0x2a191f20, 0x3325070f, 0x013b033d, 0xc58b1815, 0x013d2108, 0x3d22d582, 
    0x53190102, 0x50190e18, 0x1f5219ef, 0x0000210b, 0x2207ef42, 0x82233537, 0x013d2149, 0x225f521b, 0x82000421, 0x26378400, 0x000b0005, 0x1a210011, 
    0x2108ab65, 0x8718013d, 0x35230903, 0x8215022b, 0x204f8352, 0x172919c8, 0x0ab74109, 0x630e4544, 0xf342086f, 0x15252105, 0x9383d682, 0xc8699084, 
    0xda72180d, 0x08134609, 0x4f009021, 0xa318057b, 0x858910f7, 0xa3180120, 0x3c4208f5, 0x83642012, 0x410382d2, 0x324a08f7, 0x06dd5405, 0x3b350123, 
    0xf49d1801, 0x0d334219, 0x00002122, 0x10d3c718, 0xbf4946a4, 0x8201200c, 0x08fb4254, 0x0caf791b, 0x430c2d76, 0xb8180980, 0x9024083f, 0x1b005802, 
    0x23208389, 0x21052a7e, 0x01823335, 0xd056c484, 0x9bfb1814, 0x8703410c, 0x1809fb42, 0x4f461b56, 0xfc831623, 0x2108c341, 0xcc18f401, 0x071908e3, 
    0x1819088d, 0x1519123b, 0xc318155f, 0x002247f3, 0x87846400, 0x89050b4b, 0x08df4887, 0x098c3520, 0x180e4943, 0x410e3a5b, 0xd01808db, 0xd1180967, 
    0x012155d7, 0x05174400, 0x2700bc22, 0x18057f46, 0x9023458e, 0x08da7bbb, 0x180fa543, 0x210abfef, 0xc3590007, 0x18252006, 0x181b1f8a, 0x8e0f198a, 
    0x64c82150, 0x0ebbc018, 0x01225386, 0xe8191533, 0x0f820c31, 0x22191182, 0x90200a71, 0x09d27419, 0x4b0a5a7e, 0x93470898, 0x0593460c, 0x5802f422, 
    0x09fdd318, 0x0b18d918, 0x309b2b19, 0xc741b383, 0x00642161, 0x07cff018, 0x19a7271b, 0x2008b841, 0x09a74300, 0x303f5518, 0x211c9143, 0x87890002, 
    0x90001521, 0x023d2189, 0x0c694318, 0x200d4842, 0x20008200, 0x853f8801, 0x4d94183d, 0x33012507, 0x15013b35, 0x0f75281b, 0xd3823f8c, 0x05217b87, 
    0x823d8500, 0x013d2432, 0x1915012b, 0x180aed02, 0x2014cf45, 0x3b271a64, 0x07434108, 0x1523bb89, 0x8435013b, 0x19112077, 0x180c360b, 0x2010b342, 
    0x207f8c00, 0x84fb8417, 0x1923207f, 0x180c2eef, 0x8c0d8d83, 0x8c6420c0, 0x411320ff, 0x8b19083d, 0x1d21083c, 0x745a1901, 0x0ca8700a, 0x37410020, 
    0x022c2605, 0x000b0058, 0x255b1900, 0x445f8409, 0x5f8308f7, 0x422c0121, 0x27820627, 0x087f4619, 0x8907f267, 0x17fc1829, 0x00212709, 0x05000031, 
    0xb959042b, 0x35332b06, 0x23013d33, 0x15012b35, 0x3f821d23, 0x180c0c42, 0x430d6ba7, 0x85180eba, 0x64300b2f, 0x00000300, 0x580238ff, 0x21008403, 
    0x39002d00, 0x1d216191, 0x23628201, 0x013b023d, 0x68956a86, 0x8c0c5f60, 0x0be74170, 0x0d17d61a, 0x00f40125, 0x8217000d, 0x119d1977, 0xc36b191c, 
    0x979c190e, 0x00002218, 0x06d76c00, 0x0520cb82, 0x01215583, 0x89fc1923, 0x27c38209, 0x3d231523, 0x1d053b05, 0x4105d068, 0xa38e0cf0, 0x0acfb919, 
    0x0238ff27, 0x002c0158, 0x05d96f19, 0x2b041d25, 0x18043d05, 0x21074f5c, 0xa918022b, 0xf19b0870, 0x97856420, 0x022c0130, 0x00050058, 0x1100000b, 
    0x011d3335, 0xbf1a3723, 0x01210a7e, 0x053f4190, 0xc3830020, 0x2c01c822, 0x20081f4a, 0x05f24200, 0xf7183520, 0x2d860ccd, 0x0100002a, 0x6400c800, 
    0x9001f401, 0x01205583, 0x15205483, 0x79182884, 0x29840871, 0x200b0f4c, 0x1a2b852c, 0x2008890f, 0xed9b1835, 0x20298807, 0x89568203, 0x8213207f, 
    0x20ad840d, 0x18058525, 0x180850ae, 0x181482c6, 0x85070b5c, 0x67641993, 0x064f4e08, 0x15828f1b, 0x08115a18, 0x2205df5a, 0x53020000, 0xcf8206a7, 
    0x052b0522, 0x17cba718, 0x200c2754, 0x20008200, 0x88038201, 0x05cb623b, 0x84331521, 0x052b2301, 0xe318043d, 0x002218ee, 0x78830004, 0xbc02f428, 
    0x11000700, 0xa1191500, 0x132012c1, 0x0cee4b18, 0x08838d18, 0x35190883, 0x9e180d1b, 0x582908b7, 0x00001700, 0x053b053d, 0x08915915, 0x07207e18, 
    0x190c2842, 0x870ceff6, 0x06bb4bf7, 0x84233521, 0x053b2301, 0xeb8c031d, 0x8347408c, 0x40d74715, 0x22091350, 0x511d0013, 0x01200fa3, 0x21cba018, 
    0x00820020, 0x25244397, 0x2b023d33, 0x4753438d, 0x52438e15, 0x59410f2b, 0xe5a61805, 0x20479a22, 0x9da11825, 0x218d9513, 0x47826464, 0x541a9753, 
    0xf34934cb, 0xbb5a1b09, 0x042b280c, 0x1d33023d, 0x18023b01, 0x50089d4c, 0x851818fd, 0xb318189b, 0x78180803, 0x41620737, 0x05857105, 0x61840220, 
    0x18013d21, 0x1812389f, 0x6410bf79, 0x00220576, 0xff820400, 0x11254b85, 0x1f001b00, 0x4dca1800, 0x3325260f, 0x3d23031d, 0xbf071a02, 0xee0a1b11, 
    0x07801825, 0x23a9910a, 0x3d33011d, 0x4a12fe51, 0xa78612ec, 0x02580222, 0x205d6b57, 0x05014113, 0x28094155, 0x23023d33, 0x012b011d, 0x20a98315, 
    0x22965515, 0x200f1b57, 0x0c75561f, 0x023d272a, 0x3b15022b, 0x23011d01, 0x10be6518, 0x540c0144, 0x9f420c3b, 0x8d17200b, 0x2045824f, 0x05445223, 
    0x0d8ba418, 0xc9184c97, 0xab5508b7, 0x0cbb5709, 0x2b353329, 0x23013d01, 0x5633021d, 0x92180e2c, 0xe61818a3, 0x53850adf, 0x0f000722, 0x0121a385, 
    0xd5ae1a35, 0x0565490c, 0x23150225, 0x572b011d, 0x87180825, 0xf14f11df, 0x5800200c, 0x012013b7, 0x2a054a5f, 0x1533023d, 0x011d013b, 0x183d1533, 
    0x4f0a75b4, 0xe15f1cc9, 0x08f74208, 0x82f40121, 0x088d57ad, 0x3d225982, 0x05823b01, 0x23021d25, 0x19013d15, 0x2008164c, 0x051f4725, 0xe5195b88, 
    0x37570e76, 0x20b38b0d, 0x074f4207, 0x82050b41, 0x1b5582f8, 0x2108cb23, 0x64193315, 0xb5410ee7, 0x1a718219, 0x4d0dbbfe, 0x27210597, 0xfb481a00, 
    0x0a241a08, 0x27971a24, 0xd899180c, 0x03371a12, 0x2c012e08, 0xbc029001, 0x13000f00, 0x3d110000, 0x32501a02, 0x37232208, 0x09675435, 0x027cc820, 
    0x6a9f8409, 0x3782060f, 0x01223582, 0x67182315, 0x23250835, 0x1d033b35, 0x0bef4601, 0x210a4943, 0x53460000, 0x01902205, 0x476f8690, 0x332605df, 
    0x3d032b15, 0x6f9a1702, 0x484fcf5b, 0x21200c6b, 0x4214a766, 0xc74e0c9d, 0x00132509, 0x2500001f, 0x109ddf18, 0x51222f44, 0x45881063, 0x520c8356, 
    0xc82d0ed3, 0x58020000, 0x13009001, 0x33010000, 0x41961b1d, 0x0bc74b0c, 0x420c6541, 0x022308f3, 0x820300bc, 0x002322af, 0xd3d41827, 0x022b2112, 
    0x08a08f18, 0x09502119, 0x190c655c, 0x4c0ae71c, 0x78180dfd, 0xa368086b, 0x239f8409, 0x011d3315, 0x1907f149, 0x880f4881, 0x470020ad, 0x03210987, 
    0xfb7e1920, 0x9fb0181b, 0x4271850b, 0xc34c09d4, 0x9058190c, 0x185b820a, 0x22091bd3, 0x82170003, 0x21e583f7, 0x731b023d, 0x2b210983, 0x44621901, 
    0x0f87430a, 0xe9190020, 0x0323089f, 0x62030084, 0x002006b3, 0x25218983, 0xca5b1833, 0x05a74b08, 0x0dba901a, 0x0dda7019, 0x43512320, 0x24148205, 
    0x23153327, 0x83038213, 0x179848b0, 0x180ac65c, 0x8f0fba61, 0x96c9199f, 0x04002109, 0x0026ab82, 0x20035802, 0xe7820700, 0x19002721, 0x1810c3f2, 
    0x830990c9, 0x0b6f6dbf, 0x96182520, 0xf219084d, 0xbb180dc8, 0x4e1808f1, 0x07450711, 0xe26b1808, 0x57f01815, 0x9f9d180d, 0x82152007, 0x4235205d, 
    0x7319085d, 0x9c530da4, 0x8a002010, 0xe39d1843, 0x21438f0a, 0x631b3315, 0x49900f9a, 0x2409c76a, 0x00bc0290, 0x06ef4d0b, 0x022b0222, 0x0c2b8618, 
    0x09b1de18, 0x0caf1119, 0x620d1166, 0x4f42097f, 0x2053830a, 0x19ae822f, 0x2208b61f, 0x57053d05, 0x6318059d, 0xf5820828, 0x23051d22, 0x0d097718, 
    0x0e597518, 0x5513d041, 0x175f0581, 0x3e9f5409, 0x083fbd1b, 0x8209ef79, 0x052f42c6, 0x03f40123, 0x06b34f20, 0x6507b14a, 0x33220685, 0x521b1335, 
    0x7b190c63, 0xb9190eff, 0x4b180c85, 0x5a181616, 0xaf4509f7, 0x4203204f, 0x022705eb, 0x00170058, 0x61310021, 0x02210dd1, 0x0a1a7623, 0x1d022b22, 
    0x2044b984, 0x0c2a500c, 0x21178141, 0xcf476464, 0x84032908, 0x23001d00, 0x00002900, 0x2605934f, 0x012b1533, 0x4423021d, 0x0c4f0c49, 0x33372106, 
    0x89187c82, 0x1e550c20, 0xf0571807, 0x0ae36517, 0x019cff25, 0x18bc02f4, 0x18074da1, 0x55087540, 0x601b0681, 0x175d434a, 0x56678209, 0x15200697, 
    0x0c77ea18, 0x195d0320, 0x129c4b17, 0x087b7518, 0x2009f74c, 0x086b5d17, 0x042b0424, 0x9f5d043d, 0x61428e0d, 0x902309a3, 0x82001100, 0x2b332439, 
    0x6e033d01, 0x2324055c, 0x23023d15, 0x0e0d7319, 0x190c1a4b, 0x280adb19, 0x000d0007, 0x00250021, 0x10ed642b, 0x1d330423, 0x27828201, 0x2b153315, 
    0x35131502, 0x0f8b2a1a, 0x4209834a, 0xda421811, 0x0a2f4305, 0x00bc0227, 0x001d000b, 0x826d8323, 0x49271a50, 0x462b2009, 0x33230500, 0x1b01041d, 
    0x2009d4ad, 0xfe9b1802, 0x09b34610, 0x530c6654, 0x0f4709c3, 0x000d240d, 0x8329001b, 0x5c0320d7, 0x0320058c, 0x07c47219, 0x2d480888, 0x0cd54215, 
    0x0585c485, 0x190cf743, 0x9008a14f, 0x23c2825d, 0x011d013b, 0x0c357819, 0x0c48538c, 0x1b0a840a, 0x8c0fd3d0, 0x00152267, 0x059d411d, 0x5e8e6787, 
    0xd5871320, 0xfe20cc8e, 0x11d39a1a, 0x20086b44, 0x27d61b64, 0x00002109, 0x8306c744, 0x00252267, 0x0b2f412d, 0x0f8e698f, 0x1a427097, 0x836f8f08, 
    0x05b74aec, 0x02580223, 0x056367bc, 0x08a7fd18, 0x7d182320, 0x64211c0a, 0x94711864, 0x4900201c, 0x032508a7, 0x00070020, 0x0633410f, 0x2a41b08e, 
    0x0d004208, 0x41122941, 0x03420dae, 0x0398190c, 0x41678509, 0x69980533, 0xcf1b188e, 0x9d180dfe, 0xd71b15a3, 0x738d1161, 0x1f001724, 0x7a192d00, 
    0x1320119d, 0x18426a8e, 0x96e4880d, 0x0fab41ed, 0x0ab78d18, 0x2207235b, 0xa22f0027, 0x8d858e75, 0x18858df0, 0x1a10949e, 0x27124be4, 0x0900bc02, 
    0x29001900, 0x2105a946, 0x92443501, 0x80b81805, 0x250d8207, 0x2321041d, 0x6219043d, 0x861808a7, 0x738411d0, 0x410ce757, 0x85880ddd, 0x21199020, 
    0x17200eff, 0x2408776f, 0x012b2100, 0x26658335, 0x15023b35, 0x18041d33, 0x2111c5a8, 0x04593523, 0x0ad6430c, 0xc8206c94, 0x1805a748, 0x2109bf8e, 
    0x23190019, 0x65180a99, 0xe6630724, 0x35332106, 0x08a76a1a, 0x0d12cf19, 0x43133047, 0x3f19087c, 0x8c891413, 0xac188183, 0x15220a0b, 0xe6182500, 
    0x152009d7, 0x830c8b43, 0x1533210d, 0x3d20e082, 0x0bf5b118, 0x08b63719, 0x0dcfa618, 0x20090c46, 0x27421800, 0x02f42208, 0x20dd8258, 0x99c31931, 
    0x18e0850a, 0x190834c4, 0x4d0c04ff, 0x5b440540, 0x1bb7880e, 0x211c9267, 0x4a1a6464, 0x19250e83, 0x29002100, 0x051d6f00, 0x1a333521, 0x2108912b, 
    0xd91a1115, 0xcd1912d6, 0xd08816ac, 0x82092043, 0x64c8228c, 0x06b74700, 0xff190320, 0x791924d7, 0x46821372, 0x17445f18, 0xb31ac682, 0x7f430a9b, 
    0x0aa14705, 0x0bc3a818, 0x15233527, 0x3b35022b, 0x20dc8402, 0x2a5a181d, 0xd375180d, 0x0d225c14, 0x27082354, 0x15008403, 0x25002100, 0x4205a949, 
    0x07420567, 0x9e82180d, 0x0c035809, 0x180dc25e, 0x1a21f463, 0x18095b0a, 0x493997ba, 0x6c180e0c, 0x43180dc9, 0x00210883, 0x055b5300, 0xd5820d20, 
    0x2c0e555b, 0x2b023d17, 0x23021d02, 0x043b033d, 0xfa56181d, 0x08ea4107, 0x430a8644, 0x51820dbd, 0x19010021, 0x4d08fb01, 0x8d1a0663, 0x33250872, 
    0x35022b15, 0x8e8d1a33, 0x0e184909, 0xcd18b490, 0x15200b77, 0x19054356, 0x8208d07c, 0x56332047, 0x272106f1, 0x05d45c33, 0x1b352321, 0x490d5d47, 
    0x12590803, 0x08435614, 0x0b43cd18, 0x4c4f0120, 0x052d5d06, 0x0acc6e18, 0x180e0c68, 0x181040ef, 0x4b0dc34c, 0x2125066b, 0x2b050000, 0x25a98201, 
    0x023d012b, 0x9e83013b, 0x1d023b22, 0x3b256382, 0x2b021d01, 0x4e791a01, 0x63911821, 0x09534108, 0x2008494d, 0x1a488333, 0x23080150, 0x023b3523, 
    0x08ce8e1a, 0x833d2321, 0x999d18ae, 0x97cb1811, 0x08b16212, 0x200b1b4f, 0xa5711815, 0x15232109, 0x09de8e1a, 0xc54e1520, 0x0c54410c, 0xdb180020, 
    0x0123093f, 0x672100f4, 0x8583063f, 0x09840019, 0x18058f74, 0x1b07e34c, 0x18126574, 0x4113b75e, 0x38260e57, 0xbc02f401, 0x251a1b00, 0x332208b1, 
    0x6b502315, 0x82f48207, 0xd57f1961, 0x21ed960a, 0x9f420400, 0x00192208, 0x20ab821d, 0x0ea5412d, 0x41153321, 0x1120089e, 0x2006206e, 0x20078313, 
    0xd15e183d, 0x0ec54216, 0x0d265d18, 0x0b677318, 0x03f40128, 0x000f0020, 0x73180017, 0xd2180807, 0x23200833, 0x22056775, 0x47133335, 0xe65408a7, 
    0x95991b05, 0x45ef180b, 0xbf4a180f, 0x09f0510d, 0x410a8845, 0x44190ca4, 0x3f190c3b, 0x052209df, 0x6b84012b, 0x94183320, 0x358c084f, 0x230a2743, 
    0x33000017, 0x23057e55, 0x3b023d33, 0x07f56f18, 0x09e85b18, 0x200d0b44, 0x0ccf5064, 0x23000d22, 0x82051b49, 0x1d33243a, 0x7e232504, 0x152206ca, 
    0x52821533, 0x49041d21, 0x458e0906, 0x53820e8d, 0x20091348, 0x2053820f, 0x85558627, 0x20588ec2, 0xbdf21915, 0x1d16580d, 0xc0186883, 0x0120071b, 
    0x1908e75d, 0x280a61f2, 0x012b1523, 0x1d33063d, 0x21b28202, 0x5161011d, 0x0cf44605, 0x0fa49c19, 0x0dcb461b, 0x20057f4f, 0x277c1a23, 0x23022209, 
    0x86018215, 0x83332051, 0xc93919c0, 0x0c8a4111, 0x210d0a41, 0x8618d4fe, 0x02210c1f, 0x057743bc, 0x15331322, 0x07926519, 0x1520a482, 0x08925b19, 
    0x154a5f83, 0x82132005, 0x227e1906, 0x8de91810, 0x07997a14, 0x0a8b251a, 0x081a0b20, 0x508208c5, 0x84023b21, 0x1a13205f, 0x611145be, 0xfd730887, 
    0x0d324111, 0x11878818, 0xf4013828, 0x0b00f401, 0xc7651300, 0x8b172005, 0x33022267, 0xb65c181d, 0x053d5907, 0xc82067a7, 0x085fb519, 0x00bc0227, 
    0x00090005, 0xe99b1811, 0x022b2310, 0x5c833b35, 0x1d330424, 0x0c830103, 0x085bd718, 0x6e19a385, 0xf4430c92, 0x05394210, 0xb3770520, 0x00232210, 
    0x17b17700, 0x708263ac, 0x200c5f51, 0xc7a3181d, 0x3b012409, 0x1b2b1502, 0x42116f98, 0xd7610d2d, 0x38ff2c08, 0xf4019001, 0x00001900, 0x19053d15, 
    0x200ccfe7, 0x0fa41802, 0x7b271918, 0x059b4108, 0x27002324, 0x53792d00, 0x3335210a, 0x093fba18, 0xa21b0120, 0x1d27084a, 0x27153301, 0x1b152335, 
    0x1916d64a, 0x8f0b8515, 0x84ec82aa, 0x08002272, 0x25008200, 0xbc025802, 0xed7b0500, 0x00192106, 0x0df1d419, 0x27057a76, 0x35313335, 0x012b1533, 
    0x15218782, 0x20738221, 0x05826b23, 0x2b250126, 0x013b3501, 0x074c601a, 0x21057942, 0x6e82d4fe, 0x09b97118, 0x451d2857, 0xa9190633, 0x0f200927, 
    0x089f6419, 0x39002727, 0x15170000, 0x05584323, 0x15013b27, 0x15331523, 0x21868211, 0x86842321, 0x2206a16d, 0x82233335, 0x1a252013, 0x20080bf4, 
    0x597a1923, 0x0655420d, 0x62198f82, 0x2d431545, 0x64642114, 0x280a3b58, 0x00110020, 0x00210019, 0x20c74b35, 0x19160a4b, 0x410dddd2, 0x808c0f8b, 
    0x8208f642, 0xf37b187f, 0x00052209, 0x2483820b, 0x001b0015, 0x915a182f, 0x05127809, 0x15330123, 0x20fe8225, 0x05814b2b, 0x41092558, 0x00410904, 
    0x08af4909, 0x9b53828f, 0x6677820d, 0xf7850683, 0x33002f24, 0xfba03f00, 0x012e8183, 0x013b013d, 0x0523011d, 0x31333523, 0x0d832335, 0x18331521, 
    0x190d35d0, 0x460e778f, 0x0e411131, 0x0a9b6315, 0x019cff27, 0x008403f4, 0x177c1931, 0xcf0c1a0c, 0x1b898218, 0x8d0e569b, 0xb24318fc, 0x08fb4518, 
    0x02000025, 0x52f40158, 0x99750d2b, 0x33352305, 0x7882023d, 0x4c0a8059, 0xf6420aef, 0x0c454e05, 0x0cd36118, 0x1b000021, 0x270803cf, 0x011d3313, 
    0x033b1523, 0x21076949, 0x68743533, 0x5aa98d05, 0x7a1a0f4d, 0x582808ef, 0x00001d00, 0x23153313, 0xfe4a0182, 0x21098205, 0x01823335, 0x73022b21, 
    0x574b0f64, 0x095b4a14, 0x00bc0229, 0x002b0025, 0x473d0500, 0x044c053b, 0x23152108, 0xee820a85, 0x33011d26, 0x0323041d, 0x180c0367, 0x82218c52, 
    0x20032221, 0x22b38464, 0x84900138, 0x66002067, 0x4f850517, 0x09c84f19, 0x089cce18, 0x127ea219, 0x1810c14c, 0x2c0feff5, 0x001d00bc, 0x003d002f, 
    0x1d330100, 0x9e941807, 0x22bb8207, 0x1b27043d, 0x8c16a985, 0x193c4eba, 0x860e8b41, 0x1800200e, 0x24090b43, 0x00270019, 0xa3041931, 0x35032908, 
    0x2335033b, 0x023d3335, 0x1739841b, 0xe358778f, 0x196d930c, 0x2608b721, 0x001500bc, 0x8421001b, 0x2306246b, 0x562b023d, 0x052005bb, 0x14f5a318, 
    0x42058642, 0x46180f3b, 0x02210867, 0x24008200, 0x58029001, 0x076f7600, 0x2b264683, 0x013b3501, 0x2d19013d, 0x395e110d, 0x19ab8313, 0x1b0defa2, 
    0x20086b47, 0x06814103, 0x1b033d21, 0x890e2374, 0x16d141df, 0x0d474319, 0xeb842720, 0x1d330123, 0x336a1b02, 0x09a2420a, 0x1905ee42, 0x180faa2c, 
    0x7608c984, 0xab471192, 0x72002008, 0x1924051f, 0x33110000, 0x7607d549, 0x5382051f, 0x84013d21, 0x18ab8904, 0x4a08aa4b, 0x00240977, 0xae000e00, 
    0x2505c14b, 0x31040000, 0x0b866408, 0x04000124, 0x0b86a00c, 0x06000224, 0x0b86b30c, 0x20000324, 0x0b86fc0c, 0x04000424, 0x0b86270d, 0x10000524, 
    0x0b864e0d, 0x17820620, 0x0300692c, 0x09040100, 0x62080000, 0x0b860000, 0x08000124, 0x0b86960c, 0x0c000224, 0x0b86a50c, 0x40000324, 0x0b86ba0c, 
    0x08000424, 0x0b861d0d, 0x20000524, 0x0b862c0d, 0x17820620, 0x43005f3a, 0x70006f00, 0x72007900, 0x67006900, 0x74006800, 0x28002000, 0x29006300, 
    0x32290782, 0x31003000, 0x2d003500, 0x20098500, 0x22138237, 0x8275006c, 0x8279201d, 0x003c2109, 0x61220b89, 0x11827400, 0x7a200f83, 0x64200782, 
    0x0f875382, 0x0a003e22, 0x50220182, 0x61826500, 0x63826d20, 0x73007322, 0x6f220582, 0x27826e00, 0x0b826920, 0x73822020, 0x65221b83, 0x85826200, 
    0x83822020, 0x61007222, 0x74201d82, 0x64223182, 0x25822c00, 0x39826620, 0x0d826520, 0x55822020, 0x0f826620, 0x31826320, 0x13826120, 0x13826720, 
    0x74201f83, 0x20201782, 0x95833384, 0x69847020, 0x13827320, 0x6f206183, 0x74205582, 0x69221b82, 0x75826e00, 0x67006e22, 0x61203f82, 0xf5854384, 
    0x0a225385, 0x53827400, 0x73208d85, 0x74226584, 0x35827700, 0x75847220, 0x64208d83, 0xbb833784, 0xfd826f20, 0x1b826920, 0x9f847420, 0x64002022, 
    0x63242f82, 0x6d007500, 0x6e200f82, 0x61204782, 0x69200382, 0x66247d86, 0x6c006900, 0x73201782, 0x28203d82, 0x65206384, 0x22220982, 0x638e5300, 
    0x29002222, 0xc985e984, 0x31826420, 0x37826120, 0xb1842020, 0x37839b85, 0x2020358f, 0x6920a382, 0x6f205584, 0x74207f82, 0xaf835982, 0x11827320, 
    0x39827220, 0x87886320, 0x19822c20, 0xff826920, 0x53826320, 0xaf827520, 0x67200b83, 0x77201382, 0x74202582, 0x3d87f782, 0x0f826c20, 0x13846d20, 
    0x2183c38b, 0x5b846520, 0x42006921, 0xcd83051f, 0x0a20a983, 0x73207582, 0x20068341, 0x22d18263, 0x84790070, 0x826d20c5, 0x8264200b, 0x88662047, 
    0x4165200f, 0x70200aad, 0x62203582, 0x69228982, 0x7b827300, 0x2b839b83, 0xb5867320, 0xc9846220, 0x47846520, 0x29887320, 0x65826320, 0x2f826e20, 
    0x61201785, 0x6422cb82, 0x65822f00, 0x97827220, 0x6c208183, 0x20214f82, 0x20838500, 0x222b8269, 0x820a0073, 0x8266201d, 0x41bd871d, 0x77830f3b, 
    0x20204785, 0x6f207982, 0x37422982, 0x21ff8505, 0x45420020, 0x22ef870b, 0x82770020, 0x006f22b1, 0x20579a6d, 0x83f78220, 0x8266202f, 0x827220bb, 
    0x22e585a7, 0x84640065, 0x826f2033, 0x82642005, 0x820a2099, 0x8a6f20cb, 0x826a20e3, 0x826320b3, 0x878b8787, 0x826620b5, 0x20db832b, 0x4179826f, 
    0x632007b5, 0x6e201382, 0x69204f82, 0x2208df41, 0x823a0073, 0x000a22ef, 0x209d8254, 0x22618265, 0x82620061, 0x82762023, 0x07134153, 0x200ddd43, 
    0x241d826e, 0x00690074, 0x0cdd4263, 0x01437383, 0x09094105, 0x8d0bab43, 0x82732035, 0x0061216b, 0x20057741, 0x42478462, 0xef850b61, 0x20211183, 
    0x20258500, 0x0c9d410a, 0xbb412020, 0x82752008, 0x827320ab, 0x05f143c9, 0x2d846920, 0x70002022, 0xa3831f84, 0x6e006f24, 0xd3827300, 0x41006f21, 
    0x2e201bcd, 0x4822ff86, 0x2b824500, 0x4f00532c, 0x54004600, 0x41005700, 0x11845200, 0x53004922, 0x50201782, 0x4f260d82, 0x49005600, 0x15824400, 
    0x11824420, 0x21822220, 0x1f831983, 0x2c002222, 0x57201182, 0x54221d82, 0x41824800, 0x41825520, 0x43862020, 0x27825220, 0x0f824e20, 0x21825920, 
    0x20205b83, 0x0d830f84, 0x2f824b20, 0x4f824e20, 0x45243b83, 0x50005800, 0x53207184, 0x4f206f84, 0x0a200b82, 0x4d201f82, 0x4c201582, 0x45200782, 
    0x49282786, 0x43004e00, 0x55004c00, 0x0b830f82, 0x55824720, 0x0d824220, 0x07825420, 0x79824e20, 0x2f830783, 0x8b844d20, 0x20203583, 0x4f207b82, 
    0x54201d82, 0x45209982, 0xd983a584, 0x49209587, 0xc583cd82, 0x4d209985, 0x52200d82, 0x48205f82, 0x5420a384, 0x42200582, 0x4c204782, 0x59204b84, 
    0x0a22e382, 0x0b844600, 0x35844e20, 0x46203783, 0x52207382, 0x41205582, 0x50200382, 0x52202f82, 0x49206d82, 0x55204182, 0x4120a382, 0x2022c382, 
    0x9d825000, 0x05825220, 0xd7824f20, 0x41207f83, 0x4420c182, 0x4e21ad86, 0x20c38300, 0x85278246, 0x004521cb, 0x4e248183, 0x2e005400, 0x13832182, 
    0x2d822020, 0x4522bd83, 0x73825600, 0x20201983, 0x9f834782, 0x61824c20, 0x29822020, 0x17824820, 0x79820a20, 0x0b845520, 0x4b824f20, 0x9583cf85, 
    0x9d824320, 0x59005022, 0x47205f84, 0x5420ff82, 0x48205582, 0x4c221382, 0xe9844400, 0x42202983, 0x20200982, 0x49204b82, 0x4c20ed84, 0xd5890d84, 
    0x3d824e20, 0x43002022, 0x41201f82, 0x4d22ab82, 0x41822c00, 0x29824420, 0x03824d20, 0x3b414720, 0x206b8308, 0x207f844f, 0x206b8245, 0x204d880a, 
    0x20098449, 0x83438254, 0x82572037, 0x88452081, 0x82202025, 0x824e204f, 0x8241204d, 0x822020e1, 0x8243204d, 0x82492019, 0x4113839b, 0xbd83058d, 
    0x15824e20, 0x1d865220, 0x54204383, 0x52202182, 0x20201382, 0x05830784, 0x2605d741, 0x00570052, 0x82530049, 0x20258391, 0x20f18441, 0x20618453, 
    0x20638247, 0x210f8246, 0xbd83004f, 0x9d420a20, 0x20638508, 0x2019824f, 0x83278420, 0x004f22e5, 0x2001824e, 0x20ef8245, 0x83138254, 0x8420200d, 
    0x41638357, 0x2020076b, 0x23436582, 0x8545850f, 0x00202289, 0x91878455, 0x002022a1, 0x229f8244, 0x824c0041, 0x004e225b, 0x87258247, 0x00542179, 
    0x4305c541, 0x2e350f7d, 0x6f430000, 0x69727970, 0x20746867, 0x20296328, 0x35313032, 0x2704822d, 0x756c2037, 0x3c207963, 0x61210584, 0x230d8274, 
    0x6f64207a, 0x3b080783, 0x500a0a3e, 0x696d7265, 0x6f697373, 0x7369206e, 0x72656820, 0x20796265, 0x6e617267, 0x2c646574, 0x65726620, 0x666f2065, 
    0x61686320, 0x2c656772, 0x206f7420, 0x20796e61, 0x73726570, 0x6f2c3082, 0x69617462, 0x676e696e, 0x63206120, 0x29827a82, 0x68740a22, 0x73274682, 
    0x7774666f, 0x82657261, 0x20642b2c, 0x6f737361, 0x74616963, 0x75826465, 0x6d756328, 0x61746e65, 0x3e826974, 0x6c69662c, 0x28207365, 0x20656874, 
    0x31865322, 0x84292221, 0x65642664, 0x69206c61, 0x214d826e, 0x1a872065, 0x6977202f, 0x756f6874, 0x65722074, 0x69727473, 0x20438363, 0x2324822c, 
    0x64756c63, 0x1e878383, 0x6d696c23, 0x83618669, 0x6972255a, 0x73746867, 0x0a22b982, 0xc1827375, 0xa7826320, 0x6d202c27, 0x6669646f, 0x20078279, 
    0x2ad68465, 0x6c627570, 0x2c687369, 0x83696420, 0x7562225a, 0x20298274, 0x22148373, 0x836e6563, 0x6e612a35, 0x726f2f64, 0x6c657320, 0x26e9836c, 
    0x0a736569, 0x8320666f, 0x209d875e, 0x25eb842c, 0x70206f74, 0x7f827265, 0x83062241, 0x77202477, 0x8c6d6f68, 0x6920272b, 0x75662073, 0x72826e72, 
    0x82646521, 0x64202799, 0x6f730a6f, 0x7182202c, 0x63656a23, 0x83118374, 0x6f66255a, 0x776f6c6c, 0x6335da83, 0x69646e6f, 0x6e6f6974, 0x0a0a3a73, 
    0x20656854, 0x766f6261, 0x41898365, 0x6e2406ee, 0x6369746f, 0x21056e41, 0x5d826874, 0xd5418484, 0x221a8605, 0x82616873, 0x656221bb, 0x82063041, 
    0x6e692277, 0x23128220, 0x706f630a, 0x2020ce82, 0x752ddd83, 0x61747362, 0x6169746e, 0x6f70206c, 0x206f8472, 0x20e68e20, 0x3a7f822e, 0x53204548, 
    0x5754464f, 0x20455241, 0x50205349, 0x49564f52, 0x20444544, 0x82534122, 0x2c222a0f, 0x54495720, 0x54554f48, 0x08218220, 0x4e415223, 0x4f205954, 
    0x4e412046, 0x494b2059, 0x202c444e, 0x52505845, 0x20535345, 0x490a524f, 0x494c504d, 0x2a138245, 0x4c434e49, 0x4e494455, 0x82422047, 0x4f4e2837, 
    0x494c2054, 0x8254494d, 0x4f542354, 0x70825420, 0x49214a86, 0x26378245, 0x454d2046, 0x82484352, 0x42412c59, 0x54494c49, 0x460a2c59, 0x834e5449, 
    0x4f463753, 0x20412052, 0x54524150, 0x4c554349, 0x50205241, 0x4f505255, 0x7e824553, 0x4e204428, 0x4e494e4f, 0x65825246, 0x454d4528, 0x202e544e, 
    0x13824e49, 0x56452022, 0x20250c82, 0x4c414853, 0x226a834c, 0x8255410a, 0x825220bd, 0x20523067, 0x59504f43, 0x48474952, 0x4f482054, 0x8245444c, 
    0x45422114, 0x41249982, 0x20454c42, 0xd4826a84, 0x414c432b, 0x202c4d49, 0x414d4144, 0x229d8347, 0x824f2052, 0x0a5223b0, 0x9d87494c, 0x48572023, 
    0x83128345, 0x4e412b6f, 0x54434120, 0x204e4f49, 0x5e82464f, 0x52544e22, 0x2c260e82, 0x524f5420, 0xbb822054, 0x57293a84, 0x2c455349, 0x49524120, 
    0x28aa8253, 0x4f524620, 0x4f0a2c4d, 0x201f8255, 0x82228346, 0x4f4324b4, 0x85454e4e, 0x49572345, 0xb5834854, 0x82099141, 0x216c8245, 0xf4825520, 
    0x20245087, 0x4c414544, 0x53204b82, 0x1c828183, 0xbe410a20, 0x002e2907, 0x65007400, 0x69007700, 0x65210882, 0x20058277, 0x200e826d, 0x290e8264, 
    0x006d0075, 0x64656d00, 0x07827569, 0x6f004624, 0x29826e00, 0x72220783, 0x22826700, 0x3200202a, 0x30002e00, 0x3a002000, 0x43870382, 0x32200d85, 
    0x2d221782, 0xcb4c3800, 0x00383308, 0x6e6f4600, 0x726f4674, 0x32206567, 0x3a20302e, 0x6b827420, 0x32270682, 0x2d382d30, 0x82313032, 0x20868e21, 
    0x065b4c56, 0x79846920, 0x51822020, 0x31003022, 0x30207184, 0x00307584, 0x73726556, 0x206e6f69, 0x2e313030, 0x20303030, 0x0221c890, 0x22008400, 
    0x1b006aff, 0x8408b98e, 0x21048610, 0x08825c0d, 0x01cb1a07, 0x02010200, 0x04010301, 0x06010501, 0x08010701, 0x0a010901, 0x0c010b01, 0x0e010d01, 
    0x10010f01, 0x12011101, 0x14011301, 0x16011501, 0x18011701, 0x1a011901, 0x1c011b01, 0x1e011d01, 0x20011f01, 0x22012101, 0x24012301, 0x26012501, 
    0x28012701, 0x2a012901, 0x2c012b01, 0x2e012d01, 0x30012f01, 0x32013101, 0x34013301, 0x36013501, 0x38013701, 0x3a013901, 0x3c013b01, 0x3e013d01, 
    0x40013f01, 0x42014101, 0x44014301, 0x46014501, 0x48014701, 0x4a014901, 0x4c014b01, 0x4e014d01, 0x50014f01, 0x52015101, 0x54015301, 0x56015501, 
    0x58015701, 0x5a015901, 0x5c015b01, 0x5e015d01, 0x60015f01, 0x62016101, 0x64016301, 0x66016501, 0x68016701, 0x6a016901, 0x6c016b01, 0x6e016d01, 
    0x70016f01, 0x72017101, 0x74017301, 0x76017501, 0x78017701, 0x7a017901, 0x7c017b01, 0x7e017d01, 0x80017f01, 0x82018101, 0x84018301, 0x86018501, 
    0x88018701, 0x8a018901, 0x8c018b01, 0x8e018d01, 0x90018f01, 0x92019101, 0x94019301, 0x96019501, 0x98019701, 0x9a019901, 0x9c019b01, 0x9e019d01, 
    0xa0019f01, 0xa201a101, 0xa401a301, 0xa601a501, 0xa801a701, 0xaa01a901, 0xac01ab01, 0xae01ad01, 0xb001af01, 0xb201b101, 0xb401b301, 0xb601b501, 
    0xb801b701, 0xba01b901, 0xbc01bb01, 0xbe01bd01, 0xc001bf01, 0xc201c101, 0xc401c301, 0xc601c501, 0xc801c701, 0xca01c901, 0xcc01cb01, 0xce01cd01, 
    0xd001cf01, 0xd201d101, 0xd401d301, 0xd601d501, 0xd801d701, 0xda01d901, 0xdc01db01, 0xde01dd01, 0xe001df01, 0xe201e101, 0xe401e301, 0xe601e501, 
    0xe801e701, 0xea01e901, 0xec01eb01, 0xee01ed01, 0xf001ef01, 0xf201f101, 0xf401f301, 0xf601f501, 0xf801f701, 0xfa01f901, 0xfc01fb01, 0xfe01fd01, 
    0x0002ff01, 0x02020102, 0x04020302, 0x06020502, 0x08020702, 0x0a020902, 0x0c020b02, 0x0e020d02, 0x10020f02, 0x12021102, 0x14021302, 0x16021502, 
    0x18021702, 0x1a021902, 0x1c021b02, 0x1e021d02, 0x20021f02, 0x22022102, 0x24022302, 0x26022502, 0x28022702, 0x2a022902, 0x2c022b02, 0x2e022d02, 
    0x30022f02, 0x32023102, 0x34023302, 0x36023502, 0x38023702, 0x3a023902, 0x3c023b02, 0x3e023d02, 0x40023f02, 0x42024102, 0x44024302, 0x46024502, 
    0x48024702, 0x4a024902, 0x4c024b02, 0x4e024d02, 0x50024f02, 0x52025102, 0x54025302, 0x56025502, 0x58025702, 0x5a025902, 0x5c025b02, 0x5e025d02, 
    0x60025f02, 0x62026102, 0x64026302, 0x66026502, 0x68026702, 0x6a026902, 0x6c026b02, 0x6e026d02, 0x70026f02, 0x72027102, 0x74027302, 0x76027502, 
    0x78027702, 0x7a027902, 0x7c027b02, 0x7e027d02, 0x80027f02, 0x82028102, 0x84028302, 0x86028502, 0x88028702, 0x8a028902, 0x8c028b02, 0x8e028d02, 
    0x90028f02, 0x92029102, 0x94029302, 0x96029502, 0x98029702, 0x9a029902, 0x9c029b02, 0x9e029d02, 0xa0029f02, 0xa202a102, 0xa402a302, 0xa602a502, 
    0xa802a702, 0xaa02a902, 0xac02ab02, 0xae02ad02, 0xb002af02, 0xb202b102, 0xb402b302, 0xb602b502, 0xb802b702, 0xba02b902, 0xbc02bb02, 0xbe02bd02, 
    0xc002bf02, 0xc202c102, 0xc402c302, 0xc602c502, 0xc802c702, 0xca02c902, 0xcc02cb02, 0xce02cd02, 0xd002cf02, 0xd202d102, 0xd402d302, 0xd602d502, 
    0xd802d702, 0xda02d902, 0xdc02db02, 0xde02dd02, 0xe002df02, 0xe202e102, 0xe402e302, 0xe602e502, 0xe802e702, 0xea02e902, 0xec02eb02, 0xee02ed02, 
    0xf002ef02, 0xf202f102, 0xf402f302, 0xf602f502, 0xf802f702, 0xfa02f902, 0xfc02fb02, 0xfe02fd02, 0x0003ff02, 0x02030103, 0x04030303, 0x06030503, 
    0x08030703, 0x0a030903, 0x0c030b03, 0x0e030d03, 0x10030f03, 0x12031103, 0x14031303, 0x16031503, 0x18031703, 0x1a031903, 0x1c031b03, 0x1e031d03, 
    0x20031f03, 0x22032103, 0x24032303, 0x26032503, 0x28032703, 0x2a032903, 0x2c032b03, 0x2e032d03, 0x30032f03, 0x32033103, 0x34033303, 0x36033503, 
    0x38033703, 0x3a033903, 0x3c033b03, 0x3e033d03, 0x40033f03, 0x42034103, 0x44034303, 0x46034503, 0x48034703, 0x4a034903, 0x4c034b03, 0x4e034d03, 
    0x50034f03, 0x52035103, 0x54035303, 0x56035503, 0x58035703, 0x5a035903, 0x5c035b03, 0x5e035d03, 0x60035f03, 0x62036103, 0x64036303, 0x66036503, 
    0x68036703, 0x6a036903, 0x6c036b03, 0x6e036d03, 0x70036f03, 0x72037103, 0x74037303, 0x76037503, 0x78037703, 0x7a037903, 0x7c037b03, 0x7e037d03, 
    0x80037f03, 0x82038103, 0x84038303, 0x86038503, 0x88038703, 0x8a038903, 0x8c038b03, 0x8e038d03, 0x90038f03, 0x92039103, 0x94039303, 0x96039503, 
    0x98039703, 0x9a039903, 0x9c039b03, 0x9e039d03, 0xa0039f03, 0xa203a103, 0xa403a303, 0xa603a503, 0xa803a703, 0xaa03a903, 0xac03ab03, 0xae03ad03, 
    0xb003af03, 0xb203b103, 0xb403b303, 0xb603b503, 0xb803b703, 0xba03b903, 0xbc03bb03, 0xbe03bd03, 0xc003bf03, 0xc203c103, 0xc403c303, 0xc603c503, 
    0xc803c703, 0xca03c903, 0xcc03cb03, 0xce03cd03, 0xd003cf03, 0xd203d103, 0xd403d303, 0xd603d503, 0xd803d703, 0xda03d903, 0xdc03db03, 0xde03dd03, 
    0xe003df03, 0xe203e103, 0xe403e303, 0xe603e503, 0xe803e703, 0xea03e903, 0xec03eb03, 0xee03ed03, 0xf003ef03, 0xf203f103, 0xf403f303, 0xf603f503, 
    0xf803f703, 0xfa03f903, 0xfc03fb03, 0xfe03fd03, 0x0004ff03, 0x02040104, 0x04040304, 0x06040504, 0x08040704, 0x0a040904, 0x0c040b04, 0x0e040d04, 
    0x10040f04, 0x12041104, 0x14041304, 0x16041504, 0x18041704, 0x1a041904, 0x1c041b04, 0x1e041d04, 0x20041f04, 0x22042104, 0x24042304, 0x26042504, 
    0x28042704, 0x2a042904, 0x2c042b04, 0x2e042d04, 0x30042f04, 0x32043104, 0x34043304, 0x36043504, 0x38043704, 0x3a043904, 0x3c043b04, 0x3e043d04, 
    0x40043f04, 0x42044104, 0x44044304, 0x46044504, 0x48044704, 0x4a044904, 0x4c044b04, 0x4e044d04, 0x50044f04, 0x52045104, 0x54045304, 0x56045504, 
    0x58045704, 0x5a045904, 0x5c045b04, 0x5e045d04, 0x60045f04, 0x62046104, 0x64046304, 0x66046504, 0x68046704, 0x6a046904, 0x6c046b04, 0x6e046d04, 
    0x70046f04, 0x72047104, 0x74047304, 0x76047504, 0x78047704, 0x7a047904, 0x7c047b04, 0x7e047d04, 0x80047f04, 0x82048104, 0x84048304, 0x86048504, 
    0x88048704, 0x8a048904, 0x8c048b04, 0x8e048d04, 0x90048f04, 0x92049104, 0x94049304, 0x96049504, 0x98049704, 0x9a049904, 0x9c049b04, 0x9e049d04, 
    0xa0049f04, 0xa204a104, 0xa404a304, 0xa604a504, 0xa804a704, 0xaa04a904, 0xac04ab04, 0xae04ad04, 0xb004af04, 0xb204b104, 0xb404b304, 0xb604b504, 
    0xb804b704, 0xba04b904, 0xbc04bb04, 0xbe04bd04, 0xc004bf04, 0xc204c104, 0xc404c304, 0xc604c504, 0xc804c704, 0xca04c904, 0xcc04cb04, 0xce04cd04, 
    0xd004cf04, 0xd204d104, 0xd404d304, 0xd604d504, 0xd804d704, 0xda04d904, 0xdc04db04, 0xde04dd04, 0xe004df04, 0xe204e104, 0xe404e304, 0xe604e504, 
    0xe804e704, 0xea04e904, 0xec04eb04, 0xee04ed04, 0xf004ef04, 0xf204f104, 0xf404f304, 0xf604f504, 0xf804f704, 0xfa04f904, 0xfc04fb04, 0xfe04fd04, 
    0x0005ff04, 0x02050105, 0x04050305, 0x06050505, 0x08050705, 0x0a050905, 0x0c050b05, 0x0e050d05, 0x10050f05, 0x12051105, 0x14051305, 0x16051505, 
    0x18051705, 0x1a051905, 0x1c051b05, 0x1e051d05, 0x20051f05, 0x22052105, 0x24052305, 0x26052505, 0x28052705, 0x2a052905, 0x2c052b05, 0x2e052d05, 
    0x30052f05, 0x32053105, 0x34053305, 0x36053505, 0x38053705, 0x3a053905, 0x3c053b05, 0x3e053d05, 0x40053f05, 0x42054105, 0x44054305, 0x46054505, 
    0x48054705, 0x4a054905, 0x4c054b05, 0x4e054d05, 0x50054f05, 0x52055105, 0x54055305, 0x56055505, 0x58055705, 0x5a055905, 0x5c055b05, 0x5e055d05, 
    0x60055f05, 0x62056105, 0x64056305, 0x66056505, 0x68056705, 0x6a056905, 0x6c056b05, 0x6e056d05, 0x70056f05, 0x72057105, 0x74057305, 0x76057505, 
    0x78057705, 0x7a057905, 0x7c057b05, 0x7e057d05, 0x80057f05, 0x82058105, 0x84058305, 0x86058505, 0x88058705, 0x8a058905, 0x8c058b05, 0x8e058d05, 
    0x90058f05, 0x92059105, 0x94059305, 0x96059505, 0x98059705, 0x9a059905, 0x9c059b05, 0x9e059d05, 0xa0059f05, 0xa205a105, 0xa405a305, 0xa605a505, 
    0xa805a705, 0xaa05a905, 0xac05ab05, 0xae05ad05, 0xb005af05, 0xb205b105, 0xb405b305, 0xb605b505, 0xb805b705, 0xba05b905, 0xbc05bb05, 0xbe05bd05, 
    0xc005bf05, 0xc205c105, 0xc405c305, 0xc605c505, 0xc805c705, 0xca05c905, 0xcc05cb05, 0xce05cd05, 0xd005cf05, 0xd205d105, 0xd405d305, 0xd605d505, 
    0xd805d705, 0xda05d905, 0xdc05db05, 0xde05dd05, 0xe005df05, 0xe205e105, 0xe405e305, 0xe605e505, 0xe805e705, 0xea05e905, 0xec05eb05, 0xee05ed05, 
    0xf005ef05, 0xf205f105, 0xf405f305, 0xf605f505, 0xf805f705, 0xfa05f905, 0xfc05fb05, 0xfe05fd05, 0x0006ff05, 0x02060106, 0x04060306, 0x06060506, 
    0x08060706, 0x0a060906, 0x0c060b06, 0x0e060d06, 0x10060f06, 0x12061106, 0x14061306, 0x16061506, 0x18061706, 0x1a061906, 0x1c061b06, 0x1e061d06, 
    0x20061f06, 0x22062106, 0x24062306, 0x26062506, 0x28062706, 0x2a062906, 0x2c062b06, 0x2e062d06, 0x30062f06, 0x32063106, 0x34063306, 0x36063506, 
    0x38063706, 0x3a063906, 0x3c063b06, 0x3e063d06, 0x40063f06, 0x42064106, 0x44064306, 0x46064506, 0x48064706, 0x4a064906, 0x4c064b06, 0x4e064d06, 
    0x50064f06, 0x52065106, 0x54065306, 0x56065506, 0x58065706, 0x5a065906, 0x5c065b06, 0x5e065d06, 0x60065f06, 0x62066106, 0x64066306, 0x66066506, 
    0x68066706, 0x6a066906, 0x6c066b06, 0x6e066d06, 0x70066f06, 0x72067106, 0x74067306, 0x76067506, 0x78067706, 0x7a067906, 0x7c067b06, 0x7e067d06, 
    0x80067f06, 0x82068106, 0x84068306, 0x86068506, 0x88068706, 0x8a068906, 0x8c068b06, 0x8e068d06, 0x90068f06, 0x92069106, 0x94069306, 0x96069506, 
    0x98069706, 0x9a069906, 0x9c069b06, 0x9e069d06, 0xa0069f06, 0xa206a106, 0xa406a306, 0xa606a506, 0xa806a706, 0xaa06a906, 0xac06ab06, 0xae06ad06, 
    0xb006af06, 0xb206b106, 0xb406b306, 0xb606b506, 0xb806b706, 0xba06b906, 0xbc06bb06, 0xbe06bd06, 0xc006bf06, 0xc206c106, 0xc406c306, 0xc606c506, 
    0xc806c706, 0xca06c906, 0xcc06cb06, 0xce06cd06, 0xd006cf06, 0xd206d106, 0xd406d306, 0xd606d506, 0xd806d706, 0xda06d906, 0xdc06db06, 0xde06dd06, 
    0xe006df06, 0xe206e106, 0xe406e306, 0xe606e506, 0xe806e706, 0xea06e906, 0xec06eb06, 0xee06ed06, 0xf006ef06, 0xf206f106, 0xf406f306, 0xf606f506, 
    0xf806f706, 0xfa06f906, 0xfc06fb06, 0xfe06fd06, 0x0007ff06, 0x02070107, 0x04070307, 0x06070507, 0x08070707, 0x0a070907, 0x0c070b07, 0x0e070d07, 
    0x10070f07, 0x12071107, 0x14071307, 0x16071507, 0x18071707, 0x1a071907, 0x1c071b07, 0x1e071d07, 0x20071f07, 0x22072107, 0x24072307, 0x26072507, 
    0x28072707, 0x2a072907, 0x2c072b07, 0x2e072d07, 0x30072f07, 0x32073107, 0x34073307, 0x36073507, 0x38073707, 0x3a073907, 0x3c073b07, 0x3e073d07, 
    0x40073f07, 0x42074107, 0x44074307, 0x46074507, 0x48074707, 0x4a074907, 0x4c074b07, 0x4e074d07, 0x50074f07, 0x52075107, 0x54075307, 0x56075507, 
    0x58075707, 0x5a075907, 0x5c075b07, 0x5e075d07, 0x60075f07, 0x62076107, 0x64076307, 0x66076507, 0x68076707, 0x6a076907, 0x6c076b07, 0x6e076d07, 
    0x70076f07, 0x72077107, 0x74077307, 0x76077507, 0x78077707, 0x7a077907, 0x7c077b07, 0x7e077d07, 0x80077f07, 0x82078107, 0x84078307, 0x86078507, 
    0x88078707, 0x8a078907, 0x8c078b07, 0x8e078d07, 0x90078f07, 0x92079107, 0x94079307, 0x96079507, 0x98079707, 0x9a079907, 0x9c079b07, 0x9e079d07, 
    0xa0079f07, 0xa207a107, 0xa407a307, 0xa607a507, 0xa807a707, 0xaa07a907, 0xac07ab07, 0xae07ad07, 0xb007af07, 0xb207b107, 0xb407b307, 0xb607b507, 
    0xb807b707, 0xba07b907, 0xbc07bb07, 0xbe07bd07, 0xc007bf07, 0xc207c107, 0xc407c307, 0xc607c507, 0xc807c707, 0xca07c907, 0xcc07cb07, 0xce07cd07, 
    0xd007cf07, 0xd207d107, 0xd407d307, 0xd607d507, 0xd807d707, 0xda07d907, 0xdc07db07, 0xde07dd07, 0xe007df07, 0xe207e107, 0xe407e307, 0xe607e507, 
    0xe807e707, 0xea07e907, 0xec07eb07, 0xee07ed07, 0xf007ef07, 0xf207f107, 0xf407f307, 0xf607f507, 0xf807f707, 0xfa07f907, 0xfc07fb07, 0xfe07fd07, 
    0x0008ff07, 0x02080108, 0x04080308, 0x06080508, 0x08080708, 0x0a080908, 0x0c080b08, 0x0e080d08, 0x10080f08, 0x12081108, 0x14081308, 0x16081508, 
    0x18081708, 0x1a081908, 0x1c081b08, 0x1e081d08, 0x20081f08, 0x22082108, 0x24082308, 0x26082508, 0x28082708, 0x2a082908, 0x2c082b08, 0x2e082d08, 
    0x30082f08, 0x32083108, 0x34083308, 0x36083508, 0x38083708, 0x3a083908, 0x3c083b08, 0x3e083d08, 0x40083f08, 0x42084108, 0x44084308, 0x46084508, 
    0x48084708, 0x4a084908, 0x4c084b08, 0x4e084d08, 0x50084f08, 0x52085108, 0x54085308, 0x56085508, 0x58085708, 0x5a085908, 0x5c085b08, 0x5e085d08, 
    0x60085f08, 0x62086108, 0x64086308, 0x66086508, 0x68086708, 0x6a086908, 0x6c086b08, 0x6e086d08, 0x70086f08, 0x72087108, 0x74087308, 0x76087508, 
    0x78087708, 0x7a087908, 0x7c087b08, 0x7e087d08, 0x80087f08, 0x82088108, 0x84088308, 0x86088508, 0x88088708, 0x8a088908, 0x8c088b08, 0x8e088d08, 
    0x90088f08, 0x92089108, 0x94089308, 0x96089508, 0x98089708, 0x9a089908, 0x9c089b08, 0x9e089d08, 0xa0089f08, 0xa208a108, 0xa408a308, 0xa608a508, 
    0xa808a708, 0xaa08a908, 0xac08ab08, 0xae08ad08, 0xb008af08, 0xb208b108, 0xb408b308, 0xb608b508, 0xb808b708, 0xba08b908, 0xbc08bb08, 0xbe08bd08, 
    0xc008bf08, 0xc208c108, 0xc408c308, 0xc608c508, 0xc808c708, 0xca08c908, 0xcc08cb08, 0xce08cd08, 0xd008cf08, 0xd208d108, 0xd408d308, 0xd608d508, 
    0xd808d708, 0xda08d908, 0xdc08db08, 0xde08dd08, 0xe008df08, 0xe208e108, 0xe408e308, 0xe608e508, 0xe808e708, 0xea08e908, 0xec08eb08, 0xee08ed08, 
    0xf008ef08, 0xf208f108, 0xf408f308, 0xf608f508, 0xf808f708, 0xfa08f908, 0xfc08fb08, 0xfe08fd08, 0x0009ff08, 0x02090109, 0x04090309, 0x06090509, 
    0x08090709, 0x0a090909, 0x0c090b09, 0x0e090d09, 0x10090f09, 0x12091109, 0x14091309, 0x16091509, 0x18091709, 0x1a091909, 0x1c091b09, 0x1e091d09, 
    0x20091f09, 0x22092109, 0x24092309, 0x26092509, 0x28092709, 0x2a092909, 0x2c092b09, 0x2e092d09, 0x30092f09, 0x32093109, 0x34093309, 0x36093509, 
    0x38093709, 0x3a093909, 0x3c093b09, 0x3e093d09, 0x40093f09, 0x42094109, 0x44094309, 0x46094509, 0x48094709, 0x4a094909, 0x4c094b09, 0x4e094d09, 
    0x50094f09, 0x52095109, 0x54095309, 0x56095509, 0x58095709, 0x5a095909, 0x5c095b09, 0x5e095d09, 0x60095f09, 0x62096109, 0x64096309, 0x66096509, 
    0x68096709, 0x6a096909, 0x6c096b09, 0x6e096d09, 0x70096f09, 0x72097109, 0x74097309, 0x76097509, 0x78097709, 0x7a097909, 0x7c097b09, 0x7e097d09, 
    0x80097f09, 0x82098109, 0x84098309, 0x86098509, 0x88098709, 0x8a098909, 0x8c098b09, 0x8e098d09, 0x90098f09, 0x92099109, 0x94099309, 0x96099509, 
    0x98099709, 0x9a099909, 0x9c099b09, 0x9e099d09, 0xa0099f09, 0xa209a109, 0xa409a309, 0xa609a509, 0xa809a709, 0xaa09a909, 0xac09ab09, 0xae09ad09, 
    0xb009af09, 0xb209b109, 0xb409b309, 0xb609b509, 0xb809b709, 0xba09b909, 0xbc09bb09, 0xbe09bd09, 0xc009bf09, 0xc209c109, 0xc409c309, 0xc609c509, 
    0xc809c709, 0xca09c909, 0xcc09cb09, 0xce09cd09, 0xd009cf09, 0xd209d109, 0xd409d309, 0xd609d509, 0xd809d709, 0xda09d909, 0xdc09db09, 0xde09dd09, 
    0xe009df09, 0xe209e109, 0xe409e309, 0xe609e509, 0xe809e709, 0xea09e909, 0xec09eb09, 0xee09ed09, 0xf009ef09, 0xf209f109, 0xf409f309, 0xf609f509, 
    0xf809f709, 0xfa09f909, 0xfc09fb09, 0xfe09fd09, 0x000aff09, 0x020a010a, 0x040a030a, 0x060a050a, 0x080a070a, 0x0a0a090a, 0x0c0a0b0a, 0x0e0a0d0a, 
    0x100a0f0a, 0x120a110a, 0x140a130a, 0x160a150a, 0x180a170a, 0x1a0a190a, 0x1c0a1b0a, 0x1e0a1d0a, 0x200a1f0a, 0x220a210a, 0x240a230a, 0x260a250a, 
    0x280a270a, 0x2a0a290a, 0x2c0a2b0a, 0x2e0a2d0a, 0x300a2f0a, 0x320a310a, 0x340a330a, 0x360a350a, 0x380a370a, 0x3a0a390a, 0x3c0a3b0a, 0x3e0a3d0a, 
    0x400a3f0a, 0x420a410a, 0x440a430a, 0x460a450a, 0x480a470a, 0x4a0a490a, 0x4c0a4b0a, 0x4e0a4d0a, 0x500a4f0a, 0x520a510a, 0x540a530a, 0x560a550a, 
    0x580a570a, 0x5a0a590a, 0x5c0a5b0a, 0x5e0a5d0a, 0x600a5f0a, 0x620a610a, 0x640a630a, 0x660a650a, 0x680a670a, 0x6a0a690a, 0x6c0a6b0a, 0x6e0a6d0a, 
    0x700a6f0a, 0x720a710a, 0x740a730a, 0x760a750a, 0x780a770a, 0x7a0a790a, 0x7c0a7b0a, 0x7e0a7d0a, 0x800a7f0a, 0x820a810a, 0x840a830a, 0x860a850a, 
    0x880a870a, 0x8a0a890a, 0x8c0a8b0a, 0x8e0a8d0a, 0x900a8f0a, 0x920a910a, 0x940a930a, 0x960a950a, 0x980a970a, 0x9a0a990a, 0x9c0a9b0a, 0x9e0a9d0a, 
    0xa00a9f0a, 0xa20aa10a, 0xa40aa30a, 0xa60aa50a, 0xa80aa70a, 0xaa0aa90a, 0xac0aab0a, 0xae0aad0a, 0xb00aaf0a, 0xb20ab10a, 0xb40ab30a, 0xb60ab50a, 
    0xb80ab70a, 0xba0ab90a, 0xbc0abb0a, 0xbe0abd0a, 0xc00abf0a, 0xc20ac10a, 0xc40ac30a, 0xc60ac50a, 0xc80ac70a, 0xca0ac90a, 0xcc0acb0a, 0xce0acd0a, 
    0xd00acf0a, 0xd20ad10a, 0xd40ad30a, 0xd60ad50a, 0xd80ad70a, 0xda0ad90a, 0xdc0adb0a, 0xde0add0a, 0xe00adf0a, 0xe20ae10a, 0xe40ae30a, 0xe60ae50a, 
    0xe80ae70a, 0xea0ae90a, 0xec0aeb0a, 0xee0aed0a, 0xf00aef0a, 0xf20af10a, 0xf40af30a, 0xf60af50a, 0xf80af70a, 0xfa0af90a, 0xfc0afb0a, 0xfe0afd0a, 
    0x000bff0a, 0x020b010b, 0x040b030b, 0x060b050b, 0x080b070b, 0x0a0b090b, 0x0c0b0b0b, 0x0e0b0d0b, 0x100b0f0b, 0x120b110b, 0x140b130b, 0x160b150b, 
    0x180b170b, 0x1a0b190b, 0x1c0b1b0b, 0x1e0b1d0b, 0x200b1f0b, 0x220b210b, 0x240b230b, 0x260b250b, 0x280b270b, 0x2a0b290b, 0x2c0b2b0b, 0x2e0b2d0b, 
    0x300b2f0b, 0x320b310b, 0x340b330b, 0x360b350b, 0x380b370b, 0x3a0b390b, 0x3c0b3b0b, 0x3e0b3d0b, 0x400b3f0b, 0x420b410b, 0x440b430b, 0x460b450b, 
    0x480b470b, 0x4a0b490b, 0x4c0b4b0b, 0x4e0b4d0b, 0x500b4f0b, 0x520b510b, 0x540b530b, 0x560b550b, 0x580b570b, 0x5a0b590b, 0x5c0b5b0b, 0x5e0b5d0b, 
    0x600b5f0b, 0x620b610b, 0x640b630b, 0x660b650b, 0x680b670b, 0x6a0b690b, 0x6c0b6b0b, 0x6e0b6d0b, 0x700b6f0b, 0x720b710b, 0x740b730b, 0x760b750b, 
    0x780b770b, 0x7a0b790b, 0x7c0b7b0b, 0x7e0b7d0b, 0x800b7f0b, 0x820b810b, 0x840b830b, 0x860b850b, 0x880b870b, 0x8a0b890b, 0x8c0b8b0b, 0x8e0b8d0b, 
    0x900b8f0b, 0x920b910b, 0x940b930b, 0x960b950b, 0x980b970b, 0x9a0b990b, 0x9c0b9b0b, 0x9e0b9d0b, 0xa00b9f0b, 0xa20ba10b, 0xa40ba30b, 0xa60ba50b, 
    0xa80ba70b, 0xaa0ba90b, 0xac0bab0b, 0xae0bad0b, 0xb00baf0b, 0xb20bb10b, 0xb40bb30b, 0xb60bb50b, 0xb80bb70b, 0xba0bb90b, 0xbc0bbb0b, 0xbe0bbd0b, 
    0xc00bbf0b, 0xc20bc10b, 0xc40bc30b, 0xc60bc50b, 0xc80bc70b, 0xca0bc90b, 0x3d00cb0b, 0xcd0bcc0b, 0xcf0bce0b, 0xd10bd00b, 0xd30bd20b, 0xd50bd40b, 
    0xd70bd60b, 0xd90bd80b, 0xdb0bda0b, 0xdd0bdc0b, 0xdf0bde0b, 0xe10be00b, 0xe30be20b, 0xe50be40b, 0xe70be60b, 0xe90be80b, 0xeb0bea0b, 0xed0bec0b, 
    0xef0bee0b, 0xf10bf00b, 0xf20b3b00, 0xf40bf30b, 0xf60bf50b, 0xf80bf70b, 0xfa0bf90b, 0xfc0bfb0b, 0xfe0bfd0b, 0x000cff0b, 0x020c010c, 0x040c030c, 
    0x060c050c, 0x080c070c, 0x0a0c090c, 0x0c0c0b0c, 0x0e0c0d0c, 0x100c0f0c, 0x120c110c, 0x140c130c, 0x160c150c, 0x180c170c, 0x1a0c190c, 0x1c0c1b0c, 
    0x1e0c1d0c, 0x200c1f0c, 0x220c210c, 0x240c230c, 0x260c250c, 0x280c270c, 0x2a0c290c, 0x2c0c2b0c, 0x2e0c2d0c, 0x300c2f0c, 0x320c310c, 0x340c330c, 
    0x360c350c, 0x380c370c, 0x3a0c390c, 0x3c0c3b0c, 0x3e0c3d0c, 0x400c3f0c, 0x420c410c, 0x440c430c, 0x460c450c, 0x480c470c, 0x4a0c490c, 0x4c0c4b0c, 
    0x4e0c4d0c, 0x500c4f0c, 0x520c510c, 0x540c530c, 0x560c550c, 0x580c570c, 0x5a0c590c, 0x5c0c5b0c, 0x5e0c5d0c, 0x600c5f0c, 0x620c610c, 0x640c630c, 
    0x660c650c, 0x680c670c, 0x6a0c690c, 0x6c0c6b0c, 0x6e0c6d0c, 0x700c6f0c, 0x720c710c, 0x740c730c, 0x760c750c, 0x780c770c, 0x7a0c790c, 0x7c0c7b0c, 
    0x7e0c7d0c, 0x800c7f0c, 0x820c810c, 0x840c830c, 0x860c850c, 0x880c870c, 0x8a0c890c, 0x8c0c8b0c, 0x8e0c8d0c, 0x900c8f0c, 0x920c910c, 0x940c930c, 
    0x960c950c, 0x980c970c, 0x9a0c990c, 0x9c0c9b0c, 0x9e0c9d0c, 0xa00c9f0c, 0xa20ca10c, 0xa40ca30c, 0xa60ca50c, 0xa80ca70c, 0xaa0ca90c, 0xac0cab0c, 
    0xae0cad0c, 0xb00caf0c, 0xb20cb10c, 0xb40cb30c, 0xb60cb50c, 0xb80cb70c, 0xba0cb90c, 0xbc0cbb0c, 0xbe0cbd0c, 0xc00cbf0c, 0xc20cc10c, 0xc40cc30c, 
    0xc60cc50c, 0xc80cc70c, 0xca0cc90c, 0xcc0ccb0c, 0xce0ccd0c, 0xd00ccf0c, 0xd20cd10c, 0xd40cd30c, 0xd60cd50c, 0xd80cd70c, 0xda0cd90c, 0xdc0cdb0c, 
    0xde0cdd0c, 0xe00cdf0c, 0xe20ce10c, 0xe40ce30c, 0xe60ce50c, 0xe80ce70c, 0xea0ce90c, 0xec0ceb0c, 0xee0ced0c, 0xf00cef0c, 0xf20cf10c, 0xf40cf30c, 
    0xf60cf50c, 0xf80cf70c, 0xfa0cf90c, 0xfc0cfb0c, 0xfe0cfd0c, 0x000dff0c, 0x020d010d, 0x040d030d, 0x060d050d, 0x080d070d, 0x0a0d090d, 0x0c0d0b0d, 
    0x0e0d0d0d, 0x100d0f0d, 0x120d110d, 0x140d130d, 0x160d150d, 0x180d170d, 0x1a0d190d, 0x1c0d1b0d, 0x1e0d1d0d, 0x200d1f0d, 0x220d210d, 0x240d230d, 
    0x260d250d, 0x280d270d, 0x2a0d290d, 0x2c0d2b0d, 0x2e0d2d0d, 0x300d2f0d, 0x320d310d, 0x340d330d, 0x360d350d, 0x380d370d, 0x3a0d390d, 0x3c0d3b0d, 
    0x3e0d3d0d, 0x400d3f0d, 0x420d410d, 0x440d430d, 0x460d450d, 0x480d470d, 0x4a0d490d, 0x4c0d4b0d, 0x4e0d4d0d, 0x500d4f0d, 0x520d510d, 0x540d530d, 
    0x560d550d, 0x580d570d, 0x5a0d590d, 0x5c0d5b0d, 0x5e0d5d0d, 0x600d5f0d, 0x620d610d, 0x640d630d, 0x660d650d, 0x680d670d, 0x6a0d690d, 0x6c0d6b0d, 
    0x6e0d6d0d, 0x700d6f0d, 0x720d710d, 0x740d730d, 0x760d750d, 0x780d770d, 0x7a0d790d, 0x7c0d7b0d, 0x7e0d7d0d, 0x800d7f0d, 0x820d810d, 0x840d830d, 
    0x860d850d, 0x880d870d, 0x8a0d890d, 0x8c0d8b0d, 0x8e0d8d0d, 0x900d8f0d, 0x920d910d, 0x940d930d, 0x960d950d, 0x980d970d, 0x9a0d990d, 0x9c0d9b0d, 
    0x9e0d9d0d, 0xa00d9f0d, 0xa20da10d, 0xa40da30d, 0xa60da50d, 0xa80da70d, 0xaa0da90d, 0xac0dab0d, 0xae0dad0d, 0xb00daf0d, 0xb20db10d, 0xb40db30d, 
    0xb60db50d, 0xb80db70d, 0xba0db90d, 0xbc0dbb0d, 0xbe0dbd0d, 0xc00dbf0d, 0xc20dc10d, 0xc40dc30d, 0xc60dc50d, 0xc80dc70d, 0xca0dc90d, 0xcc0dcb0d, 
    0xce0dcd0d, 0xd00dcf0d, 0xd20dd10d, 0xd40dd30d, 0xd60dd50d, 0xd80dd70d, 0xda0dd90d, 0xdc0ddb0d, 0xde0ddd0d, 0xe00ddf0d, 0xe20de10d, 0xe40de30d, 
    0xe60de50d, 0xe80de70d, 0xea0de90d, 0xec0deb0d, 0xee0ded0d, 0xf00def0d, 0xf20df10d, 0xf40df30d, 0xf60df50d, 0xf80df70d, 0xfa0df90d, 0xfc0dfb0d, 
    0xfe0dfd0d, 0x000eff0d, 0x020e010e, 0x040e030e, 0x060e050e, 0x080e070e, 0x0a0e090e, 0x0c0e0b0e, 0x0e0e0d0e, 0x100e0f0e, 0x120e110e, 0x140e130e, 
    0x160e150e, 0x180e170e, 0x1a0e190e, 0x1c0e1b0e, 0x1e0e1d0e, 0x200e1f0e, 0x220e210e, 0x240e230e, 0x260e250e, 0x280e270e, 0x2a0e290e, 0x2c0e2b0e, 
    0x2e0e2d0e, 0x300e2f0e, 0x320e310e, 0x340e330e, 0x360e350e, 0x380e370e, 0x3a0e390e, 0x3c0e3b0e, 0x3e0e3d0e, 0x400e3f0e, 0x420e410e, 0x440e430e, 
    0x460e450e, 0x480e470e, 0x4a0e490e, 0x4c0e4b0e, 0x4e0e4d0e, 0x500e4f0e, 0x520e510e, 0x540e530e, 0x560e550e, 0x580e570e, 0x41505305, 0x450b4543, 
    0x414c4358, 0x4954414d, 0x51094e4f, 0x84544f55, 0x4e063809, 0x45424d55, 0x4f440652, 0x52414c4c, 0x52455007, 0x544e4543, 0x824d4109, 0x53300809, 
    0x0a444e41, 0x534f5041, 0x504f5254, 0x4c044548, 0x05544645, 0x48474952, 0x53410854, 0x49524554, 0x50044b53, 0x0553554c, 0x4d4d4f43, 0x59480c41, 
    0x4e312482, 0x4e494d2d, 0x46045355, 0x074c4c55, 0x494c4f53, 0x251f8244, 0x49474944, 0x05b50554, 0x4c4f4322, 0x5323af82, 0x85494d45, 0x454c3409, 
    0x542d5353, 0x064e4148, 0x41555145, 0x470c534c, 0x82414552, 0x2413848c, 0x45555108, 0x20e08353, 0x8292830a, 0x414928cb, 0x414c054c, 0x404e4954, 
    0x042c9505, 0x5446454c, 0x56455207, 0x45535245, 0x34055a41, 0x5249430a, 0x464d5543, 0x0358454c, 0x05574f4c, 0x56415247, 0x95bd4045, 0xc3849585, 
    0xc1820820, 0x43495424, 0xc4854c41, 0x49540528, 0x0845444c, 0x16834e49, 0x44452208, 0x4e454304, 0x4f500554, 0x08444e55, 0x52525543, 0x59434e45, 
    0x4e455903, 0x4f524206, 0x074e454b, 0x059a5e53, 0x4944092c, 0x45524541, 0x09534953, 0x465f4f43, 0x08210806, 0x494d4546, 0x454e494e, 0x46454c0d, 
    0x4f502d54, 0x49544e49, 0x4e03474e, 0x520a544f, 0x53494745, 0x33318254, 0x414d0644, 0x4e4f5243, 0x47454406, 0x0a454552, 0x53554c50, 0x2b058742, 
    0x5055530b, 0x43535245, 0x54504952, 0x05280b8b, 0x54554341, 0x494d0545, 0x07233682, 0x824c4950, 0x06572f06, 0x4444494d, 0x4307454c, 0x4c494445, 
    0x2e8b414c, 0x414d0926, 0x4c554353, 0x0e248682, 0x48474952, 0x06268789, 0x474c5556, 0x068d5241, 0xb641f788, 0x4d0e2d89, 0x49544c55, 0x43494c50, 
    0x4f495441, 0x41960d43, 0x0825232e, 0x49564944, 0x32c2b253, 0x504f4306, 0x05434954, 0x43454843, 0x4548054b, 0x41595641, 0x14840f14, 0x41420626, 
    0x544f4c4c, 0x34872185, 0x04241984, 0x4e45504f, 0xa9851785, 0x4853083e, 0x574f4441, 0x4f084445, 0x494c5455, 0x0744454e, 0x544c414d, 0x04455345, 
    0x52415453, 0x46273c8d, 0x0552554f, 0x82414c42, 0x4857337c, 0x06455449, 0x45525453, 0x43075353, 0x4c435249, 0x5c844445, 0x45283187, 0x54484749, 
    0x58495303, 0x37851087, 0x12861684, 0x05210686, 0x267f824c, 0x50550552, 0x8b524550, 0x867b8c0b, 0x8cc484b3, 0x5247230b, 0x0b414545, 0x2f178506, 
    0x544f5207, 0x44455441, 0x4f4c4606, 0x054c4152, 0x06262084, 0x4944454d, 0x06864d55, 0x528b408c, 0x31852b84, 0x07270585, 0x474e4944, 0xb7544142, 
    0x98459507, 0x25de907f, 0x41524408, 0x83825446, 0x0ba3948b, 0x414d0c25, 0x82454854, 0x43492304, 0x0c8c4c41, 0x0d2e3d85, 0x49544e41, 0x434f4c43, 
    0x5349574b, 0x09880945, 0x4f4c0424, 0x2285474e, 0x04a20a84, 0x5943082c, 0x4c4c4952, 0x42074349, 0x08824152, 0x07c74520, 0x08580010, 0x4c092e90, 
    0x57544645, 0x53445241, 0x4749520a, 0x480a8548, 0x1d9408a5, 0x4f440924, 0x32844e57, 0x50550722, 0x26940784, 0x3a88449d, 0x2f9d4c88, 0x14946294, 
    0x4f4e0525, 0x88485452, 0x8c0e854d, 0x4f532505, 0x05485455, 0x26880584, 0x4157042a, 0x41054556, 0x574f5252, 0x19880585, 0x2341148b, 0x532d2405, 
    0x84454449, 0x2a09847b, 0x504f5403, 0x544f4206, 0x834d4f54, 0x4b03830a, 0x4c2406f3, 0x5245574f, 0x9f4a4888, 0x0a784117, 0x0522d089, 0xc6824853, 
    0x3a411a94, 0x24588807, 0x46454c04, 0x22048454, 0x88505502, 0x414b8902, 0x7f4113d9, 0xb82f9411, 0x1dcd4126, 0x1b87569b, 0x7142b58a, 0x89a48909, 
    0x8a6a8809, 0x14384131, 0x298ae194, 0x36519591, 0x06d25205, 0x46516788, 0x824d9f05, 0x0612531f, 0x260c0b53, 0x42555306, 0x89544553, 0x5108203d, 
    0x4521050b, 0x0dcf4154, 0x02277a85, 0x44045055, 0x884e574f, 0x0800101b, 0x15444c01, 0x0858410b, 0x85051844, 0x09a54105, 0x24121b42, 0x54524f4e, 
    0x44428648, 0x02221352, 0x91425055, 0x53062629, 0x52415551, 0x88069445, 0x4407279a, 0x4f4d4149, 0x0797444e, 0x4f440626, 0x44455454, 0x910bcf50, 
    0x254d880b, 0x49485705, 0x05864554, 0x414c422f, 0x480a4b43, 0x5a49524f, 0x41544e4f, 0x5137864c, 0x499b0a19, 0x6185269c, 0x454c0429, 0x54055446, 
    0x56455248, 0x204405b1, 0x0d8c4512, 0x55067543, 0x6e430786, 0x11c84622, 0x22443c87, 0x0fc54313, 0x79446094, 0x05904509, 0x39410586, 0x41f58405, 
    0x0a410f4e, 0x0afb500b, 0x4c53072c, 0x45544e41, 0x41420b44, 0x0b864b43, 0x1c933a88, 0x45420424, 0x6e85544e, 0x45118542, 0x0222141b, 0xf5465055, 
    0x0a9c4215, 0x3c514aa6, 0x0db44609, 0x4512b441, 0x76471cae, 0x0a714220, 0xaf147f41, 0x8dae8d70, 0x1688470d, 0x0626248d, 0x55544552, 0x06864e52, 
    0x454e0727, 0x4e494c57, 0x47078745, 0x22421349, 0x88098909, 0x071d416a, 0x941c2949, 0x0c8043f9, 0x42055442, 0x148a0e6f, 0x7b902c8b, 0x258b1088, 
    0xe5830620, 0x90082a44, 0x4833884a, 0x05250adc, 0x4847494c, 0x078b5454, 0x8705d543, 0x1a96460d, 0x9a267242, 0x561ad041, 0x239723d1, 0x20978c88, 
    0x44be17a3, 0x4f4d0826, 0x49464944, 0x8b0a5b4a, 0x502e4174, 0x092950b5, 0x424d4f43, 0x4e494e49, 0xb5099d47, 0x4935d95d, 0x05850578, 0x560b5b5d, 
    0x138a0712, 0x41520626, 0x44455349, 0x7d470687, 0x931f9105, 0x500b3345, 0x47415241, 0x48504152, 0x4606534f, 0x454b524f, 0x705c0844, 0x0c442d06, 
    0x4f505948, 0x53414944, 0x454c4f54, 0x4d06d347, 0x18861174, 0x55230682, 0x41454c42, 0xdd5b090f, 0x5d062007, 0xe64605f8, 0x85828a05, 0x43169010, 
    0xf5430cf1, 0x06d94c0a, 0x0a8a408a, 0x57540326, 0x4e4f034f, 0x07207d89, 0x2505c648, 0x49460444, 0xd0884556, 0x2908865c, 0x4e495204, 0x4f570447, 
    0x7f444452, 0x0e414106, 0x88059444, 0x4406268a, 0x45474741, 0x85068752, 0x829b841d, 0x452d2877, 0x4854084d, 0x82454552, 0x530c2c08, 0x4f4e4554, 
    0x50415247, 0x88434948, 0x5706306d, 0x4c474749, 0x41430959, 0x55544950, 0x8a4d554c, 0x414f2058, 0xdc410d34, 0x59564207, 0x02590010, 0x480626ea, 
    0x45524245, 0xd1064057, 0x68630828, 0x35317261, 0x08873531, 0x08873620, 0x08873720, 0x08873820, 0x07483920, 0x23001023, 0x07277301, 0x4e4e414b, 
    0x41414441, 0x0424f57b, 0x49414854, 0x10f5fa40, 0xfb03f500, 0x78300626, 0x30413045, 0x31200685, 0x32200685, 0x35200685, 0x36200685, 0x37200685, 
    0x38200685, 0x39200685, 0x41200685, 0x42200685, 0x42210684, 0x85068530, 0x85422045, 0x33422145, 0x82056064, 0x33302d1a, 0x63093038, 0x35726168, 
    0x37323537, 0x38250988, 0x6f6f6d04, 0x4404a26e, 0x522518a6, 0x43494e55, 0x6b059705, 0x1d97054e, 0x726b1785, 0x10f5989a, 0x1801b300, 0x45520b2b, 
    0x43414c50, 0x4e454d45, 0xbf3d4154, 0x5209d052, 0x084008d9, 0x43052597, 0x4e4f5241, 0x053bb0b5, 0x56455242, 0x4f440345, 0x49520454, 0x4f06474e, 
    0x454e4f47, 0x4d53054b, 0x514c4c41, 0xf7a207c7, 0x41094f53, 0x00103bf7, 0x44d30345, 0x9544c10f, 0x413fff3f, 0x85bf0581, 0x403bc741, 0x9370a23b, 
    0x053c4b10, 0x960a3541, 0x23267021, 0x75f523af, 0x2f8ba5af, 0x45c5b1c5, 0x3bc7c7bb, 0x45c5c9c5, 0x4740d3c7, 0x7b29419b, 0x93417bfb, 0xb1d54059, 
    0x2c065d5e, 0x47494606, 0x02455255, 0x45024e45, 0x0acc634d, 0x8606cd4c, 0x0a315e06, 0x49530626, 0x454c474e, 0x188b0686, 0x554f4423, 0x87188242, 
    0x06f95d06, 0x42381485, 0x454c4c55, 0x52540a54, 0x474e4149, 0x52414c55, 0x454e4f03, 0x4f575403, 0x0b20728a, 0x2e05ef5e, 0x4f495441, 0x4550034e, 
    0x52500552, 0x86454d49, 0x82062081, 0x4c50213a, 0x5f0a915e, 0xa35e076b, 0x43052508, 0x54455241, 0x8f419786, 0x86108609, 0x490b2846, 0x5245544e, 
    0x82424f52, 0x4f083986, 0x4c524556, 0x08454e49, 0x45444e55, 0x45495452, 0x41484309, 0x54434152, 0x4c847b82, 0x20078e7d, 0x062c414d, 0x08215589, 
    0x82278346, 0x110041a8, 0x7e082b7d, 0x08250b18, 0x4f524954, 0x89fc824e, 0x0ab263ae, 0x03235789, 0x89574f4c, 0x4c432322, 0x2541534f, 0x0a767d05, 
    0x55575324, 0x0a7b474e, 0x46062108, 0xaf823182, 0x52485423, 0x61bf8245, 0x042807b1, 0x52554f46, 0x56494604, 0x0d843e84, 0x22066e60, 0x7d525408, 
    0x655f05f1, 0x17cb7b08, 0x238f1740, 0x42555309, 0x4005717c, 0xad498b09, 0x0909424d, 0x55450d25, 0x7d2d4f52, 0x220807d5, 0x4c4f4305, 0x43084e4f, 
    0x455a5552, 0x064f5249, 0x4e455246, 0x4c044843, 0x04415249, 0x4c4c494d, 0x82414e05, 0x333d890a, 0x50555205, 0x57034545, 0x4e034e4f, 0x44045745, 
    0x04474e4f, 0x4d085083, 0x50494b03, 0x47555406, 0x074b4952, 0x43415244, 0x04414d48, 0x4f534550, 0x41554707, 0x494e4152, 0x53554107, 0x4c415254, 
    0x44454304, 0x494c0549, 0x05455256, 0x474e4554, 0x4e490645, 0x4e414944, 0x52555407, 0x4853494b, 0x4e414d05, 0x65825441, 0x454c4235, 0x43434107, 
    0x544e554f, 0x44444109, 0x53534552, 0x440d4445, 0x2d200503, 0x55224a82, 0x3d7e4b43, 0x43062906, 0x52544e45, 0x41430445, 0x44290484, 0x55450541, 
    0x0752454c, 0x22d48253, 0x87454c50, 0x05e14125, 0x06860620, 0x4d554e27, 0x054f5245, 0x275f8253, 0x52540544, 0x05454441, 0x43250a82, 0x484f0345, 
    0x0903434d, 0x4c454b29, 0x084e4956, 0x82474e41, 0x4d4f2171, 0x4a8c3c87, 0x4f520522, 0x05d4b382, 0x414d5324, 0x04524c4c, 0x8a05ce05, 0x268567b3, 
    0x50550222, 0x420bb369, 0x446a0a11, 0x14666f14, 0x266a1494, 0x1400691c, 0x3e9eb1a9, 0x69142c6b, 0x87721098, 0x09696508, 0x2e6a3894, 0x09286b0d, 
    0x89053641, 0x7027978a, 0x8c8f13c1, 0x9d16366e, 0x11626aa2, 0x671d4141, 0x5789099e, 0x41130c74, 0xd8411e5d, 0x0e4e421c, 0x42155a6f, 0x9671142f, 
    0xa7d89d1c, 0x41b99cce, 0x0f9f0f92, 0x830b0770, 0x495224f5, 0x42544847, 0xf86e094a, 0x1e4a4105, 0x03361e94, 0x0a524f46, 0x504d4f43, 0x454d454c, 
    0x5007544e, 0x49545241, 0x50824c41, 0x45524522, 0x45290586, 0x5954504d, 0x434e4909, 0x27238452, 0x42414e05, 0x4507414c, 0x03233185, 0x44544f4e, 
    0x082d0557, 0x544e4f43, 0x534e4941, 0x454f4404, 0x29138553, 0x444e4503, 0x412d4e05, 0x058c5952, 0x4e494d25, 0x840d5355, 0x4f2d2b05, 0x4c502d52, 
    0x44035355, 0x4118544f, 0x032208e6, 0x46184553, 0x52240a6d, 0x06474e49, 0x7005a349, 0x043106c0, 0x45425543, 0x554f4606, 0x0c485452, 0x504f5250, 
    0x2cb5824f, 0x4c414e4f, 0x464e4908, 0x54494e49, 0x05606959, 0x4e41053f, 0x08454c47, 0x5341454d, 0x44455255, 0x48505309, 0x43495245, 0x44074c41, 
    0x44495649, 0x20aa8545, 0x24f48208, 0x454c4c41, 0x23cb834c, 0x474f4c07, 0x07862184, 0x4e490c2f, 0x53524554, 0x49544345, 0x55054e4f, 0x8205824e, 
    0x45542464, 0x57415247, 0x07200754, 0x8b82f883, 0x64820720, 0x43414622, 0x0a1b4018, 0x3417e86e, 0x45485409, 0x4f464552, 0x42074552, 0x55414345, 
    0x52054553, 0x20608241, 0x31cb890a, 0x544f4403, 0x43584506, 0x09535345, 0x4d4f4547, 0xb8825445, 0x4f480a24, 0x3b824f4d, 0x43495422, 0x49056169, 
    0x6e46088d, 0x53042b08, 0x06454e49, 0x41455257, 0xcf834854, 0x494d052d, 0x0e53554e, 0x4d595341, 0x824f5450, 0x20e98238, 0x22188359, 0x8250410d, 
    0x4958276d, 0x4554414d, 0x0d8d594c, 0x454e0723, 0x27668249, 0x4c410652, 0x54534f4d, 0x0a862e83, 0x2006e94a, 0x2b458203, 0x5551450a, 0x4c415649, 
    0x0d544e45, 0x1782a188, 0x440a5925, 0x82464649, 0x434e23df, 0x64840a45, 0x48434124, 0x238d5345, 0x05206f8d, 0x47218582, 0x05464845, 0x24069871, 
    0x4e495204, 0x2f048447, 0x524f430b, 0x50534552, 0x53444e4f, 0x54534509, 0x5321b184, 0x4b7d830b, 0x042a06ae, 0x52415453, 0x4c454405, 0xeb414154, 
    0x510a2208, 0x232b8355, 0x44454e4f, 0x8305584d, 0x490922c4, 0x23ad8244, 0x4c414349, 0x08280d83, 0x49525453, 0x594c5443, 0xad164b75, 0x24658516, 
    0x43554d04, 0x27048448, 0x54454207, 0x4e454557, 0x03876983, 0x87075741, 0x85619607, 0x8f2ca64a, 0x50083126, 0x45434552, 0x08534544, 0x43435553, 
    0x53444545, 0x60851191, 0x04221791, 0x13434f44, 0x06477606, 0x87083d76, 0x95178fc1, 0x28258faa, 0x4c554d08, 0x45534954, 0x74089154, 0x55851492, 
    0x45181a94, 0x07a7073a, 0x2d884a85, 0x2006406c, 0x6d079607, 0x04270a97, 0x4e574f44, 0x85505502, 0x41093c40, 0x52455353, 0x4e4f4954, 0x444f4d06, 
    0x04534c45, 0x45555254, 0x524f4606, 0x43534543, 0xc54d0614, 0x44042806, 0x0353454f, 0x84544f4e, 0x4e072708, 0x54414745, 0x6c414445, 0x4e062611, 
    0x414d524f, 0x0836454c, 0x08280f8f, 0x4749524f, 0x4c414e49, 0x41051d43, 0x4d2c053a, 0x48095041, 0x494d5245, 0x4e414954, 0x22052f4e, 0x824c4143, 
    0x58032860, 0x4e04524f, 0x82444e41, 0x6e522079, 0x78450b64, 0x0b8a450c, 0x45524724, 0xeb754b45, 0x44032107, 0x5323af82, 0x45524154, 0x06250883, 
    0x54574f42, 0xff4b1849, 0x0a4d4e0b, 0x41087744, 0x0525051d, 0x4c525543, 0x4f058559, 0x0d8d0d9b, 0x4950092f, 0x46484354, 0x054b524f, 0x41555145, 
    0x1cff424c, 0x45560424, 0x04845952, 0x43842697, 0x058b4985, 0xc5420420, 0x09f94308, 0x4f4e0323, 0x0d4f4254, 0xa7415496, 0x08ca4111, 0x61844d89, 
    0x2808a24e, 0x44494d07, 0x454e494c, 0x064d7902, 0x87071a47, 0x050a4707, 0x0d4215a5, 0x47088808, 0x0e860e5c, 0x41494435, 0x4554454d, 0x4c450852, 
    0x52544345, 0x48054349, 0x8853554f, 0x500a2482, 0x824a4f52, 0x56492818, 0x45500b45, 0x85505352, 0x5704240b, 0x41595641, 0x0a8a0ac6, 0x7c06886f, 
    0xe7410e69, 0x063b4108, 0x5241032d, 0x45530743, 0x4e454d47, 0x82530654, 0x524f2354, 0x82825409, 0x4f48503d, 0x5008454e, 0x5449534f, 0x084e4f49, 
    0x57454956, 0x41544144, 0x414c5005, 0x6f064543, 0x05330559, 0x43544157, 0x4f480948, 0x4c475255, 0x03535341, 0x70504f54, 0x11831109, 0x52460525, 
    0x824e574f, 0x4c4921e9, 0x0622d183, 0x5583504f, 0x52450525, 0x41455341, 0x08280584, 0x4259454b, 0x4452414f, 0x0c3e1485, 0x494c5943, 0x4952444e, 
    0x59544943, 0x4d595308, 0x5254454d, 0x4f540559, 0x094c4154, 0xad824944, 0x96825320, 0x07383a85, 0x494e4f43, 0x054c4143, 0x504f4c53, 0x4f430b45, 
    0x45544e55, 0x524f4252, 0x53270b88, 0x034b4e49, 0x934c5041, 0x93438503, 0x40139319, 0xcb93b72d, 0xdf921393, 0x544f4e22, 0x32057d44, 0x4f48530a, 
    0x45444c55, 0x04444552, 0x4c4c4542, 0x454e4909, 0x042b0641, 0x4d4c4548, 0x4f524206, 0x544e454b, 0x7f531df4, 0x9d0aa00a, 0x17ef7649, 0x1c5a1792, 
    0x53062610, 0x4f424d59, 0x8506a24c, 0x8b288d83, 0x4f042497, 0x8d4e4550, 0x910d861e, 0x4f0323bd, 0x03a35243, 0x29833985, 0x260eea46, 0x43524943, 
    0x4744454c, 0x27872728, 0x758f45c5, 0x0d2d5595, 0x45524150, 0x4548544e, 0x455a4953, 0x850de144, 0xa967e185, 0x1891a161, 0x42304153, 0x442405bf, 
    0x54494749, 0x07e75318, 0x4d554e25, 0xb0524542, 0x8d9c850d, 0xc5daa936, 0x21204129, 0x45a967c5, 0x204491f5, 0x23119d11, 0x584f4203, 0x3d85039b, 
    0x1b8b219b, 0x012d0010, 0x6b5218ff, 0x05d3590c, 0x0424059c, 0x4c4c5546, 0x24055d4a, 0x45455247, 0x4346184b, 0x48099309, 0x007e0530, 0x4d062b05, 
    0x55494445, 0x4144044d, 0x75424b52, 0x2c7b8605, 0x48474952, 0x55510854, 0x41524441, 0x8508bf4e, 0x184d9159, 0x180c8542, 0x4c0ac042, 0x0d8d0d3a, 
    0x8c13ac4e, 0xbe421847, 0xb0438522, 0x24598b35, 0x45455247, 0x3441ce4b, 0x54494857, 0x49460745, 0x59454853, 0x4f4c0745, 0x474e455a, 0x059a7f45, 
    0x2006b05b, 0x05654806, 0x55420825, 0x82534c4c, 0x84808624, 0xa21b868c, 0x0a874c06, 0x4e490727, 0x53524556, 0x42078745, 0x54180c03, 0x54180bf7, 
    0x55180bfd, 0xbf5c110f, 0x0c5b410a, 0x0c8b5518, 0x19134518, 0x0bbc4418, 0x50550b23, 0x8158182d, 0x8c4b8507, 0x414c2211, 0x07134152, 0x0cf24418, 
    0x920a3d42, 0x52472417, 0x424b4545, 0xc98b06d9, 0x0afa4318, 0xb1853586, 0x0b85e185, 0x4f4c4323, 0x06d45255, 0x4d550836, 0x4c455242, 0x5307414c, 
    0x4d574f4e, 0x43054e41, 0x54454d4f, 0x390b0642, 0x47494c09, 0x494e5448, 0x540c474e, 0x444e5548, 0x54535245, 0x034d524f, 0x7c4b5553, 0x42062606, 
    0x4f4c4c41, 0x88068654, 0x8cea8551, 0x4b9c8584, 0x07270a1f, 0x47495254, 0x974d4152, 0x97438507, 0x9717871d, 0x4d073563, 0x55435245, 0x46065952, 
    0x4c414d45, 0x41450545, 0x04485452, 0xa34b0a84, 0x0cf84210, 0x43174441, 0x03261022, 0x07544f48, 0x57825551, 0x0652452f, 0x48474945, 0x42064854, 
    0x454d4145, 0x25068644, 0x53554d05, 0x058c4349, 0x11907a91, 0x615c0720, 0x87442005, 0x05a75107, 0x434f4c25, 0x8444454b, 0x500489bf, 0xdf4c0844, 
    0x17d8470a, 0x0d045818, 0x08290d9b, 0x50524941, 0x454e414c, 0x26008200, 0x00ffff01, 0x82010002, 0x24028309, 0x0014000c, 0x22088204, 0x84000002, 
    0x84178513, 0xa4d52305, 0x1582db98, 0xa0d7002c, 0x0000432c, 0xa0d70000, 0xfa05532e, 0xd2f8b17c, 
};